conversion_id,reference_id,from_unit,to_unit,factor,is_assumed,source_name,source_url,notes,is_active,created_at,updated_at
1,,g,kg,0.00100000,0,SI metric conversion,https://www.bipm.org/en/measurement-units,Exact conversion: 1000 g = 1 kg.,1,2026-10-03 00:00:00,2026-10-03 00:00:00
2,201,L,kg,0.99000000,1,Food Standards Australia New Zealand (FSANZ) - Specific gravities,https://www.foodstandards.gov.au/business/labelling/nutrition-panel-calculator/specific-gravities,FSANZ: red wine specific gravity 0.99 g/mL.,1,2026-10-03 00:00:00,2026-10-03 00:00:00
3,201,ml,kg,0.00099000,1,Food Standards Australia New Zealand (FSANZ) - Specific gravities,https://www.foodstandards.gov.au/business/labelling/nutrition-panel-calculator/specific-gravities,FSANZ: red wine specific gravity 0.99 g/mL.,1,2026-10-03 00:00:00,2026-10-03 00:00:00
4,202,L,kg,0.99000000,1,Food Standards Australia New Zealand (FSANZ) - Specific gravities,https://www.foodstandards.gov.au/business/labelling/nutrition-panel-calculator/specific-gravities,FSANZ representative: dry white/red wine specific gravity 0.99 g/mL.,1,2026-10-03 00:00:00,2026-10-03 00:00:00
5,202,ml,kg,0.00099000,1,Food Standards Australia New Zealand (FSANZ) - Specific gravities,https://www.foodstandards.gov.au/business/labelling/nutrition-panel-calculator/specific-gravities,FSANZ representative: dry white/red wine specific gravity 0.99 g/mL.,1,2026-10-03 00:00:00,2026-10-03 00:00:00
6,203,L,kg,0.99000000,1,Food Standards Australia New Zealand (FSANZ) - Specific gravities,https://www.foodstandards.gov.au/business/labelling/nutrition-panel-calculator/specific-gravities,FSANZ: red wine specific gravity 0.99 g/mL.,1,2026-10-03 00:00:00,2026-10-03 00:00:00
7,203,ml,kg,0.00099000,1,Food Standards Australia New Zealand (FSANZ) - Specific gravities,https://www.foodstandards.gov.au/business/labelling/nutrition-panel-calculator/specific-gravities,FSANZ: red wine specific gravity 0.99 g/mL.,1,2026-10-03 00:00:00,2026-10-03 00:00:00
8,204,L,kg,1.00000000,1,Food Standards Australia New Zealand (FSANZ) - Specific gravities,https://www.foodstandards.gov.au/business/labelling/nutrition-panel-calculator/specific-gravities,FSANZ: rosé wine specific gravity 1.00 g/mL.,1,2026-10-03 00:00:00,2026-10-03 00:00:00
9,204,ml,kg,0.00100000,1,Food Standards Australia New Zealand (FSANZ) - Specific gravities,https://www.foodstandards.gov.au/business/labelling/nutrition-panel-calculator/specific-gravities,FSANZ: rosé wine specific gravity 1.00 g/mL.,1,2026-10-03 00:00:00,2026-10-03 00:00:00
10,205,L,kg,0.99000000,1,Food Standards Australia New Zealand (FSANZ) - Specific gravities,https://www.foodstandards.gov.au/business/labelling/nutrition-panel-calculator/specific-gravities,FSANZ representative: dry white/red wine specific gravity 0.99 g/mL.,1,2026-10-03 00:00:00,2026-10-03 00:00:00
11,205,ml,kg,0.00099000,1,Food Standards Australia New Zealand (FSANZ) - Specific gravities,https://www.foodstandards.gov.au/business/labelling/nutrition-panel-calculator/specific-gravities,FSANZ representative: dry white/red wine specific gravity 0.99 g/mL.,1,2026-10-03 00:00:00,2026-10-03 00:00:00
12,206,L,kg,0.99000000,1,Food Standards Australia New Zealand (FSANZ) - Specific gravities,https://www.foodstandards.gov.au/business/labelling/nutrition-panel-calculator/specific-gravities,FSANZ: red wine specific gravity 0.99 g/mL.,1,2026-10-03 00:00:00,2026-10-03 00:00:00
13,206,ml,kg,0.00099000,1,Food Standards Australia New Zealand (FSANZ) - Specific gravities,https://www.foodstandards.gov.au/business/labelling/nutrition-panel-calculator/specific-gravities,FSANZ: red wine specific gravity 0.99 g/mL.,1,2026-10-03 00:00:00,2026-10-03 00:00:00
14,207,L,kg,0.99000000,1,Food Standards Australia New Zealand (FSANZ) - Specific gravities,https://www.foodstandards.gov.au/business/labelling/nutrition-panel-calculator/specific-gravities,FSANZ: red wine specific gravity 0.99 g/mL.,1,2026-10-03 00:00:00,2026-10-03 00:00:00
15,207,ml,kg,0.00099000,1,Food Standards Australia New Zealand (FSANZ) - Specific gravities,https://www.foodstandards.gov.au/business/labelling/nutrition-panel-calculator/specific-gravities,FSANZ: red wine specific gravity 0.99 g/mL.,1,2026-10-03 00:00:00,2026-10-03 00:00:00
16,413,L,kg,1.03000000,1,Food Standards Australia New Zealand (FSANZ) - Specific gravities,https://www.foodstandards.gov.au/business/labelling/nutrition-panel-calculator/specific-gravities,FSANZ: cow/sheep/goat fluid regular-fat milk specific gravity 1.03 g/mL.,1,2026-10-03 00:00:00,2026-10-03 00:00:00
17,413,ml,kg,0.00103000,1,Food Standards Australia New Zealand (FSANZ) - Specific gravities,https://www.foodstandards.gov.au/business/labelling/nutrition-panel-calculator/specific-gravities,FSANZ: cow/sheep/goat fluid regular-fat milk specific gravity 1.03 g/mL.,1,2026-10-03 00:00:00,2026-10-03 00:00:00
18,422,L,kg,1.03000000,1,Food Standards Australia New Zealand (FSANZ) - Specific gravities,https://www.foodstandards.gov.au/business/labelling/nutrition-panel-calculator/specific-gravities,FSANZ: cow/sheep/goat fluid regular-fat milk specific gravity 1.03 g/mL.,1,2026-10-03 00:00:00,2026-10-03 00:00:00
19,422,ml,kg,0.00103000,1,Food Standards Australia New Zealand (FSANZ) - Specific gravities,https://www.foodstandards.gov.au/business/labelling/nutrition-panel-calculator/specific-gravities,FSANZ: cow/sheep/goat fluid regular-fat milk specific gravity 1.03 g/mL.,1,2026-10-03 00:00:00,2026-10-03 00:00:00
20,464,L,kg,1.03000000,1,Food Standards Australia New Zealand (FSANZ) - Specific gravities,https://www.foodstandards.gov.au/business/labelling/nutrition-panel-calculator/specific-gravities,FSANZ: cow/sheep/goat fluid regular-fat milk specific gravity 1.03 g/mL.,1,2026-10-03 00:00:00,2026-10-03 00:00:00
21,464,ml,kg,0.00103000,1,Food Standards Australia New Zealand (FSANZ) - Specific gravities,https://www.foodstandards.gov.au/business/labelling/nutrition-panel-calculator/specific-gravities,FSANZ: cow/sheep/goat fluid regular-fat milk specific gravity 1.03 g/mL.,1,2026-10-03 00:00:00,2026-10-03 00:00:00
22,525,L,kg,0.99000000,1,Food Standards Australia New Zealand (FSANZ) - Specific gravities,https://www.foodstandards.gov.au/business/labelling/nutrition-panel-calculator/specific-gravities,FSANZ representative: dry white/red wine specific gravity 0.99 g/mL.,1,2026-10-03 00:00:00,2026-10-03 00:00:00
23,525,ml,kg,0.00099000,1,Food Standards Australia New Zealand (FSANZ) - Specific gravities,https://www.foodstandards.gov.au/business/labelling/nutrition-panel-calculator/specific-gravities,FSANZ representative: dry white/red wine specific gravity 0.99 g/mL.,1,2026-10-03 00:00:00,2026-10-03 00:00:00
24,778,L,kg,0.99000000,1,Food Standards Australia New Zealand (FSANZ) - Specific gravities,https://www.foodstandards.gov.au/business/labelling/nutrition-panel-calculator/specific-gravities,FSANZ representative: dry white/red wine specific gravity 0.99 g/mL.,1,2026-10-03 00:00:00,2026-10-03 00:00:00
25,778,ml,kg,0.00099000,1,Food Standards Australia New Zealand (FSANZ) - Specific gravities,https://www.foodstandards.gov.au/business/labelling/nutrition-panel-calculator/specific-gravities,FSANZ representative: dry white/red wine specific gravity 0.99 g/mL.,1,2026-10-03 00:00:00,2026-10-03 00:00:00
26,870,L,kg,1.03000000,1,Food Standards Australia New Zealand (FSANZ) - Specific gravities,https://www.foodstandards.gov.au/business/labelling/nutrition-panel-calculator/specific-gravities,FSANZ: cow/sheep/goat fluid regular-fat milk specific gravity 1.03 g/mL.,1,2026-10-03 00:00:00,2026-10-03 00:00:00
27,870,ml,kg,0.00103000,1,Food Standards Australia New Zealand (FSANZ) - Specific gravities,https://www.foodstandards.gov.au/business/labelling/nutrition-panel-calculator/specific-gravities,FSANZ: cow/sheep/goat fluid regular-fat milk specific gravity 1.03 g/mL.,1,2026-10-03 00:00:00,2026-10-03 00:00:00
28,871,L,kg,1.04000000,1,Food Standards Australia New Zealand (FSANZ) - Specific gravities,https://www.foodstandards.gov.au/business/labelling/nutrition-panel-calculator/specific-gravities,FSANZ: cow fluid reduced-fat or skim milk specific gravity 1.04 g/mL.,1,2026-10-03 00:00:00,2026-10-03 00:00:00
29,871,ml,kg,0.00104000,1,Food Standards Australia New Zealand (FSANZ) - Specific gravities,https://www.foodstandards.gov.au/business/labelling/nutrition-panel-calculator/specific-gravities,FSANZ: cow fluid reduced-fat or skim milk specific gravity 1.04 g/mL.,1,2026-10-03 00:00:00,2026-10-03 00:00:00
30,900,L,kg,0.99000000,1,Food Standards Australia New Zealand (FSANZ) - Specific gravities,https://www.foodstandards.gov.au/business/labelling/nutrition-panel-calculator/specific-gravities,FSANZ representative: dry white/red wine specific gravity 0.99 g/mL.,1,2026-10-03 00:00:00,2026-10-03 00:00:00
31,900,ml,kg,0.00099000,1,Food Standards Australia New Zealand (FSANZ) - Specific gravities,https://www.foodstandards.gov.au/business/labelling/nutrition-panel-calculator/specific-gravities,FSANZ representative: dry white/red wine specific gravity 0.99 g/mL.,1,2026-10-03 00:00:00,2026-10-03 00:00:00
32,947,L,kg,1.03000000,1,Food Standards Australia New Zealand (FSANZ) - Specific gravities,https://www.foodstandards.gov.au/business/labelling/nutrition-panel-calculator/specific-gravities,FSANZ: cow/sheep/goat fluid regular-fat milk specific gravity 1.03 g/mL.,1,2026-10-03 00:00:00,2026-10-03 00:00:00
33,947,ml,kg,0.00103000,1,Food Standards Australia New Zealand (FSANZ) - Specific gravities,https://www.foodstandards.gov.au/business/labelling/nutrition-panel-calculator/specific-gravities,FSANZ: cow/sheep/goat fluid regular-fat milk specific gravity 1.03 g/mL.,1,2026-10-03 00:00:00,2026-10-03 00:00:00
34,953,L,kg,0.99000000,1,Food Standards Australia New Zealand (FSANZ) - Specific gravities,https://www.foodstandards.gov.au/business/labelling/nutrition-panel-calculator/specific-gravities,FSANZ representative: dry white/red wine specific gravity 0.99 g/mL.,1,2026-10-03 00:00:00,2026-10-03 00:00:00
35,953,ml,kg,0.00099000,1,Food Standards Australia New Zealand (FSANZ) - Specific gravities,https://www.foodstandards.gov.au/business/labelling/nutrition-panel-calculator/specific-gravities,FSANZ representative: dry white/red wine specific gravity 0.99 g/mL.,1,2026-10-03 00:00:00,2026-10-03 00:00:00
36,961,L,kg,0.99000000,1,Food Standards Australia New Zealand (FSANZ) - Specific gravities,https://www.foodstandards.gov.au/business/labelling/nutrition-panel-calculator/specific-gravities,FSANZ representative: dry white/red wine specific gravity 0.99 g/mL.,1,2026-10-03 00:00:00,2026-10-03 00:00:00
37,961,ml,kg,0.00099000,1,Food Standards Australia New Zealand (FSANZ) - Specific gravities,https://www.foodstandards.gov.au/business/labelling/nutrition-panel-calculator/specific-gravities,FSANZ representative: dry white/red wine specific gravity 0.99 g/mL.,1,2026-10-03 00:00:00,2026-10-03 00:00:00
38,1006,L,kg,1.03000000,1,Food Standards Australia New Zealand (FSANZ) - Specific gravities,https://www.foodstandards.gov.au/business/labelling/nutrition-panel-calculator/specific-gravities,FSANZ: cow/sheep/goat fluid regular-fat milk specific gravity 1.03 g/mL.,1,2026-10-03 00:00:00,2026-10-03 00:00:00
39,1006,ml,kg,0.00103000,1,Food Standards Australia New Zealand (FSANZ) - Specific gravities,https://www.foodstandards.gov.au/business/labelling/nutrition-panel-calculator/specific-gravities,FSANZ: cow/sheep/goat fluid regular-fat milk specific gravity 1.03 g/mL.,1,2026-10-03 00:00:00,2026-10-03 00:00:00
40,1007,L,kg,1.03000000,1,Food Standards Australia New Zealand (FSANZ) - Specific gravities,https://www.foodstandards.gov.au/business/labelling/nutrition-panel-calculator/specific-gravities,FSANZ: cow/sheep/goat fluid regular-fat milk specific gravity 1.03 g/mL.,1,2026-10-03 00:00:00,2026-10-03 00:00:00
41,1007,ml,kg,0.00103000,1,Food Standards Australia New Zealand (FSANZ) - Specific gravities,https://www.foodstandards.gov.au/business/labelling/nutrition-panel-calculator/specific-gravities,FSANZ: cow/sheep/goat fluid regular-fat milk specific gravity 1.03 g/mL.,1,2026-10-03 00:00:00,2026-10-03 00:00:00
42,1008,L,kg,1.03000000,1,Food Standards Australia New Zealand (FSANZ) - Specific gravities,https://www.foodstandards.gov.au/business/labelling/nutrition-panel-calculator/specific-gravities,FSANZ: cow/sheep/goat fluid regular-fat milk specific gravity 1.03 g/mL.,1,2026-10-03 00:00:00,2026-10-03 00:00:00
43,1008,ml,kg,0.00103000,1,Food Standards Australia New Zealand (FSANZ) - Specific gravities,https://www.foodstandards.gov.au/business/labelling/nutrition-panel-calculator/specific-gravities,FSANZ: cow/sheep/goat fluid regular-fat milk specific gravity 1.03 g/mL.,1,2026-10-03 00:00:00,2026-10-03 00:00:00
44,1009,L,kg,1.03000000,1,Food Standards Australia New Zealand (FSANZ) - Specific gravities,https://www.foodstandards.gov.au/business/labelling/nutrition-panel-calculator/specific-gravities,FSANZ: cow/sheep/goat fluid regular-fat milk specific gravity 1.03 g/mL.,1,2026-10-03 00:00:00,2026-10-03 00:00:00
45,1009,ml,kg,0.00103000,1,Food Standards Australia New Zealand (FSANZ) - Specific gravities,https://www.foodstandards.gov.au/business/labelling/nutrition-panel-calculator/specific-gravities,FSANZ: cow/sheep/goat fluid regular-fat milk specific gravity 1.03 g/mL.,1,2026-10-03 00:00:00,2026-10-03 00:00:00
46,1010,L,kg,1.03000000,1,Food Standards Australia New Zealand (FSANZ) - Specific gravities,https://www.foodstandards.gov.au/business/labelling/nutrition-panel-calculator/specific-gravities,FSANZ: cow/sheep/goat fluid regular-fat milk specific gravity 1.03 g/mL.,1,2026-10-03 00:00:00,2026-10-03 00:00:00
47,1010,ml,kg,0.00103000,1,Food Standards Australia New Zealand (FSANZ) - Specific gravities,https://www.foodstandards.gov.au/business/labelling/nutrition-panel-calculator/specific-gravities,FSANZ: cow/sheep/goat fluid regular-fat milk specific gravity 1.03 g/mL.,1,2026-10-03 00:00:00,2026-10-03 00:00:00
48,1011,L,kg,1.03000000,1,Food Standards Australia New Zealand (FSANZ) - Specific gravities,https://www.foodstandards.gov.au/business/labelling/nutrition-panel-calculator/specific-gravities,FSANZ: cow/sheep/goat fluid regular-fat milk specific gravity 1.03 g/mL.,1,2026-10-03 00:00:00,2026-10-03 00:00:00
49,1011,ml,kg,0.00103000,1,Food Standards Australia New Zealand (FSANZ) - Specific gravities,https://www.foodstandards.gov.au/business/labelling/nutrition-panel-calculator/specific-gravities,FSANZ: cow/sheep/goat fluid regular-fat milk specific gravity 1.03 g/mL.,1,2026-10-03 00:00:00,2026-10-03 00:00:00
50,1363,L,kg,1.03000000,1,Food Standards Australia New Zealand (FSANZ) - Specific gravities,https://www.foodstandards.gov.au/business/labelling/nutrition-panel-calculator/specific-gravities,FSANZ: cow/sheep/goat fluid regular-fat milk specific gravity 1.03 g/mL.,1,2026-10-03 00:00:00,2026-10-03 00:00:00
51,1363,ml,kg,0.00103000,1,Food Standards Australia New Zealand (FSANZ) - Specific gravities,https://www.foodstandards.gov.au/business/labelling/nutrition-panel-calculator/specific-gravities,FSANZ: cow/sheep/goat fluid regular-fat milk specific gravity 1.03 g/mL.,1,2026-10-03 00:00:00,2026-10-03 00:00:00
52,1364,L,kg,1.03000000,1,Food Standards Australia New Zealand (FSANZ) - Specific gravities,https://www.foodstandards.gov.au/business/labelling/nutrition-panel-calculator/specific-gravities,FSANZ: cow/sheep/goat fluid regular-fat milk specific gravity 1.03 g/mL.,1,2026-10-03 00:00:00,2026-10-03 00:00:00
53,1364,ml,kg,0.00103000,1,Food Standards Australia New Zealand (FSANZ) - Specific gravities,https://www.foodstandards.gov.au/business/labelling/nutrition-panel-calculator/specific-gravities,FSANZ: cow/sheep/goat fluid regular-fat milk specific gravity 1.03 g/mL.,1,2026-10-03 00:00:00,2026-10-03 00:00:00
54,1365,L,kg,1.03000000,1,Food Standards Australia New Zealand (FSANZ) - Specific gravities,https://www.foodstandards.gov.au/business/labelling/nutrition-panel-calculator/specific-gravities,FSANZ: cow/sheep/goat fluid regular-fat milk specific gravity 1.03 g/mL.,1,2026-10-03 00:00:00,2026-10-03 00:00:00
55,1365,ml,kg,0.00103000,1,Food Standards Australia New Zealand (FSANZ) - Specific gravities,https://www.foodstandards.gov.au/business/labelling/nutrition-panel-calculator/specific-gravities,FSANZ: cow/sheep/goat fluid regular-fat milk specific gravity 1.03 g/mL.,1,2026-10-03 00:00:00,2026-10-03 00:00:00
56,1366,L,kg,1.03000000,1,Food Standards Australia New Zealand (FSANZ) - Specific gravities,https://www.foodstandards.gov.au/business/labelling/nutrition-panel-calculator/specific-gravities,FSANZ: cow/sheep/goat fluid regular-fat milk specific gravity 1.03 g/mL.,1,2026-10-03 00:00:00,2026-10-03 00:00:00
57,1366,ml,kg,0.00103000,1,Food Standards Australia New Zealand (FSANZ) - Specific gravities,https://www.foodstandards.gov.au/business/labelling/nutrition-panel-calculator/specific-gravities,FSANZ: cow/sheep/goat fluid regular-fat milk specific gravity 1.03 g/mL.,1,2026-10-03 00:00:00,2026-10-03 00:00:00
58,1419,L,kg,1.03000000,1,Food Standards Australia New Zealand (FSANZ) - Specific gravities,https://www.foodstandards.gov.au/business/labelling/nutrition-panel-calculator/specific-gravities,FSANZ: cow/sheep/goat fluid regular-fat milk specific gravity 1.03 g/mL.,1,2026-10-03 00:00:00,2026-10-03 00:00:00
59,1419,ml,kg,0.00103000,1,Food Standards Australia New Zealand (FSANZ) - Specific gravities,https://www.foodstandards.gov.au/business/labelling/nutrition-panel-calculator/specific-gravities,FSANZ: cow/sheep/goat fluid regular-fat milk specific gravity 1.03 g/mL.,1,2026-10-03 00:00:00,2026-10-03 00:00:00
60,1693,L,kg,1.03000000,1,Food Standards Australia New Zealand (FSANZ) - Specific gravities,https://www.foodstandards.gov.au/business/labelling/nutrition-panel-calculator/specific-gravities,FSANZ: cow/sheep/goat fluid regular-fat milk specific gravity 1.03 g/mL.,1,2026-10-03 00:00:00,2026-10-03 00:00:00
61,1693,ml,kg,0.00103000,1,Food Standards Australia New Zealand (FSANZ) - Specific gravities,https://www.foodstandards.gov.au/business/labelling/nutrition-panel-calculator/specific-gravities,FSANZ: cow/sheep/goat fluid regular-fat milk specific gravity 1.03 g/mL.,1,2026-10-03 00:00:00,2026-10-03 00:00:00
62,1900,L,kg,0.99000000,1,Food Standards Australia New Zealand (FSANZ) - Specific gravities,https://www.foodstandards.gov.au/business/labelling/nutrition-panel-calculator/specific-gravities,FSANZ representative: dry white/red wine specific gravity 0.99 g/mL.,1,2026-10-03 00:00:00,2026-10-03 00:00:00
63,1900,ml,kg,0.00099000,1,Food Standards Australia New Zealand (FSANZ) - Specific gravities,https://www.foodstandards.gov.au/business/labelling/nutrition-panel-calculator/specific-gravities,FSANZ representative: dry white/red wine specific gravity 0.99 g/mL.,1,2026-10-03 00:00:00,2026-10-03 00:00:00
64,1952,L,kg,1.03000000,1,Food Standards Australia New Zealand (FSANZ) - Specific gravities,https://www.foodstandards.gov.au/business/labelling/nutrition-panel-calculator/specific-gravities,FSANZ: cow/sheep/goat fluid regular-fat milk specific gravity 1.03 g/mL.,1,2026-10-03 00:00:00,2026-10-03 00:00:00
65,1952,ml,kg,0.00103000,1,Food Standards Australia New Zealand (FSANZ) - Specific gravities,https://www.foodstandards.gov.au/business/labelling/nutrition-panel-calculator/specific-gravities,FSANZ: cow/sheep/goat fluid regular-fat milk specific gravity 1.03 g/mL.,1,2026-10-03 00:00:00,2026-10-03 00:00:00
66,2029,L,kg,1.03000000,1,Food Standards Australia New Zealand (FSANZ) - Specific gravities,https://www.foodstandards.gov.au/business/labelling/nutrition-panel-calculator/specific-gravities,FSANZ: cow/sheep/goat fluid regular-fat milk specific gravity 1.03 g/mL.,1,2026-10-03 00:00:00,2026-10-03 00:00:00
67,2029,ml,kg,0.00103000,1,Food Standards Australia New Zealand (FSANZ) - Specific gravities,https://www.foodstandards.gov.au/business/labelling/nutrition-panel-calculator/specific-gravities,FSANZ: cow/sheep/goat fluid regular-fat milk specific gravity 1.03 g/mL.,1,2026-10-03 00:00:00,2026-10-03 00:00:00
68,2030,L,kg,1.03000000,1,Food Standards Australia New Zealand (FSANZ) - Specific gravities,https://www.foodstandards.gov.au/business/labelling/nutrition-panel-calculator/specific-gravities,FSANZ: cow/sheep/goat fluid regular-fat milk specific gravity 1.03 g/mL.,1,2026-10-03 00:00:00,2026-10-03 00:00:00
69,2030,ml,kg,0.00103000,1,Food Standards Australia New Zealand (FSANZ) - Specific gravities,https://www.foodstandards.gov.au/business/labelling/nutrition-panel-calculator/specific-gravities,FSANZ: cow/sheep/goat fluid regular-fat milk specific gravity 1.03 g/mL.,1,2026-10-03 00:00:00,2026-10-03 00:00:00
70,2116,L,kg,0.99000000,1,Food Standards Australia New Zealand (FSANZ) - Specific gravities,https://www.foodstandards.gov.au/business/labelling/nutrition-panel-calculator/specific-gravities,FSANZ representative: dry white/red wine specific gravity 0.99 g/mL.,1,2026-10-03 00:00:00,2026-10-03 00:00:00
71,2116,ml,kg,0.00099000,1,Food Standards Australia New Zealand (FSANZ) - Specific gravities,https://www.foodstandards.gov.au/business/labelling/nutrition-panel-calculator/specific-gravities,FSANZ representative: dry white/red wine specific gravity 0.99 g/mL.,1,2026-10-03 00:00:00,2026-10-03 00:00:00
72,2197,L,kg,0.99000000,1,Food Standards Australia New Zealand (FSANZ) - Specific gravities,https://www.foodstandards.gov.au/business/labelling/nutrition-panel-calculator/specific-gravities,FSANZ representative: dry white/red wine specific gravity 0.99 g/mL.,1,2026-10-03 00:00:00,2026-10-03 00:00:00
73,2197,ml,kg,0.00099000,1,Food Standards Australia New Zealand (FSANZ) - Specific gravities,https://www.foodstandards.gov.au/business/labelling/nutrition-panel-calculator/specific-gravities,FSANZ representative: dry white/red wine specific gravity 0.99 g/mL.,1,2026-10-03 00:00:00,2026-10-03 00:00:00
74,2248,L,kg,1.03000000,1,Food Standards Australia New Zealand (FSANZ) - Specific gravities,https://www.foodstandards.gov.au/business/labelling/nutrition-panel-calculator/specific-gravities,FSANZ: cow/sheep/goat fluid regular-fat milk specific gravity 1.03 g/mL.,1,2026-10-03 00:00:00,2026-10-03 00:00:00
75,2248,ml,kg,0.00103000,1,Food Standards Australia New Zealand (FSANZ) - Specific gravities,https://www.foodstandards.gov.au/business/labelling/nutrition-panel-calculator/specific-gravities,FSANZ: cow/sheep/goat fluid regular-fat milk specific gravity 1.03 g/mL.,1,2026-10-03 00:00:00,2026-10-03 00:00:00
76,2275,L,kg,1.03000000,1,Food Standards Australia New Zealand (FSANZ) - Specific gravities,https://www.foodstandards.gov.au/business/labelling/nutrition-panel-calculator/specific-gravities,FSANZ: cow/sheep/goat fluid regular-fat milk specific gravity 1.03 g/mL.,1,2026-10-03 00:00:00,2026-10-03 00:00:00
77,2275,ml,kg,0.00103000,1,Food Standards Australia New Zealand (FSANZ) - Specific gravities,https://www.foodstandards.gov.au/business/labelling/nutrition-panel-calculator/specific-gravities,FSANZ: cow/sheep/goat fluid regular-fat milk specific gravity 1.03 g/mL.,1,2026-10-03 00:00:00,2026-10-03 00:00:00
78,2344,L,kg,1.03000000,1,Food Standards Australia New Zealand (FSANZ) - Specific gravities,https://www.foodstandards.gov.au/business/labelling/nutrition-panel-calculator/specific-gravities,FSANZ: cow/sheep/goat fluid regular-fat milk specific gravity 1.03 g/mL.,1,2026-10-03 00:00:00,2026-10-03 00:00:00
79,2344,ml,kg,0.00103000,1,Food Standards Australia New Zealand (FSANZ) - Specific gravities,https://www.foodstandards.gov.au/business/labelling/nutrition-panel-calculator/specific-gravities,FSANZ: cow/sheep/goat fluid regular-fat milk specific gravity 1.03 g/mL.,1,2026-10-03 00:00:00,2026-10-03 00:00:00
80,2353,L,kg,0.99000000,1,Food Standards Australia New Zealand (FSANZ) - Specific gravities,https://www.foodstandards.gov.au/business/labelling/nutrition-panel-calculator/specific-gravities,FSANZ representative: dry white/red wine specific gravity 0.99 g/mL.,1,2026-10-03 00:00:00,2026-10-03 00:00:00
81,2353,ml,kg,0.00099000,1,Food Standards Australia New Zealand (FSANZ) - Specific gravities,https://www.foodstandards.gov.au/business/labelling/nutrition-panel-calculator/specific-gravities,FSANZ representative: dry white/red wine specific gravity 0.99 g/mL.,1,2026-10-03 00:00:00,2026-10-03 00:00:00
82,2396,L,kg,0.99000000,1,Food Standards Australia New Zealand (FSANZ) - Specific gravities,https://www.foodstandards.gov.au/business/labelling/nutrition-panel-calculator/specific-gravities,FSANZ representative: dry white/red wine specific gravity 0.99 g/mL.,1,2026-10-03 00:00:00,2026-10-03 00:00:00
83,2396,ml,kg,0.00099000,1,Food Standards Australia New Zealand (FSANZ) - Specific gravities,https://www.foodstandards.gov.au/business/labelling/nutrition-panel-calculator/specific-gravities,FSANZ representative: dry white/red wine specific gravity 0.99 g/mL.,1,2026-10-03 00:00:00,2026-10-03 00:00:00
84,2458,L,kg,1.03000000,1,Food Standards Australia New Zealand (FSANZ) - Specific gravities,https://www.foodstandards.gov.au/business/labelling/nutrition-panel-calculator/specific-gravities,FSANZ: cow/sheep/goat fluid regular-fat milk specific gravity 1.03 g/mL.,1,2026-10-03 00:00:00,2026-10-03 00:00:00
85,2458,ml,kg,0.00103000,1,Food Standards Australia New Zealand (FSANZ) - Specific gravities,https://www.foodstandards.gov.au/business/labelling/nutrition-panel-calculator/specific-gravities,FSANZ: cow/sheep/goat fluid regular-fat milk specific gravity 1.03 g/mL.,1,2026-10-03 00:00:00,2026-10-03 00:00:00
86,2546,L,kg,1.03000000,1,Food Standards Australia New Zealand (FSANZ) - Specific gravities,https://www.foodstandards.gov.au/business/labelling/nutrition-panel-calculator/specific-gravities,FSANZ: cow/sheep/goat fluid regular-fat milk specific gravity 1.03 g/mL.,1,2026-10-03 00:00:00,2026-10-03 00:00:00
87,2546,ml,kg,0.00103000,1,Food Standards Australia New Zealand (FSANZ) - Specific gravities,https://www.foodstandards.gov.au/business/labelling/nutrition-panel-calculator/specific-gravities,FSANZ: cow/sheep/goat fluid regular-fat milk specific gravity 1.03 g/mL.,1,2026-10-03 00:00:00,2026-10-03 00:00:00
88,2557,L,kg,1.03000000,1,Food Standards Australia New Zealand (FSANZ) - Specific gravities,https://www.foodstandards.gov.au/business/labelling/nutrition-panel-calculator/specific-gravities,FSANZ: cow/sheep/goat fluid regular-fat milk specific gravity 1.03 g/mL.,1,2026-10-03 00:00:00,2026-10-03 00:00:00
89,2557,ml,kg,0.00103000,1,Food Standards Australia New Zealand (FSANZ) - Specific gravities,https://www.foodstandards.gov.au/business/labelling/nutrition-panel-calculator/specific-gravities,FSANZ: cow/sheep/goat fluid regular-fat milk specific gravity 1.03 g/mL.,1,2026-10-03 00:00:00,2026-10-03 00:00:00
90,2558,L,kg,1.03000000,1,Food Standards Australia New Zealand (FSANZ) - Specific gravities,https://www.foodstandards.gov.au/business/labelling/nutrition-panel-calculator/specific-gravities,FSANZ: cow/sheep/goat fluid regular-fat milk specific gravity 1.03 g/mL.,1,2026-10-03 00:00:00,2026-10-03 00:00:00
91,2558,ml,kg,0.00103000,1,Food Standards Australia New Zealand (FSANZ) - Specific gravities,https://www.foodstandards.gov.au/business/labelling/nutrition-panel-calculator/specific-gravities,FSANZ: cow/sheep/goat fluid regular-fat milk specific gravity 1.03 g/mL.,1,2026-10-03 00:00:00,2026-10-03 00:00:00
92,2689,L,kg,0.99000000,1,Food Standards Australia New Zealand (FSANZ) - Specific gravities,https://www.foodstandards.gov.au/business/labelling/nutrition-panel-calculator/specific-gravities,FSANZ: red wine specific gravity 0.99 g/mL.,1,2026-10-03 00:00:00,2026-10-03 00:00:00
93,2689,ml,kg,0.00099000,1,Food Standards Australia New Zealand (FSANZ) - Specific gravities,https://www.foodstandards.gov.au/business/labelling/nutrition-panel-calculator/specific-gravities,FSANZ: red wine specific gravity 0.99 g/mL.,1,2026-10-03 00:00:00,2026-10-03 00:00:00
94,2711,L,kg,0.99000000,1,Food Standards Australia New Zealand (FSANZ) - Specific gravities,https://www.foodstandards.gov.au/business/labelling/nutrition-panel-calculator/specific-gravities,FSANZ representative: dry white/red wine specific gravity 0.99 g/mL.,1,2026-10-03 00:00:00,2026-10-03 00:00:00
95,2711,ml,kg,0.00099000,1,Food Standards Australia New Zealand (FSANZ) - Specific gravities,https://www.foodstandards.gov.au/business/labelling/nutrition-panel-calculator/specific-gravities,FSANZ representative: dry white/red wine specific gravity 0.99 g/mL.,1,2026-10-03 00:00:00,2026-10-03 00:00:00
96,2712,L,kg,0.99000000,1,Food Standards Australia New Zealand (FSANZ) - Specific gravities,https://www.foodstandards.gov.au/business/labelling/nutrition-panel-calculator/specific-gravities,FSANZ representative: dry white/red wine specific gravity 0.99 g/mL.,1,2026-10-03 00:00:00,2026-10-03 00:00:00
97,2712,ml,kg,0.00099000,1,Food Standards Australia New Zealand (FSANZ) - Specific gravities,https://www.foodstandards.gov.au/business/labelling/nutrition-panel-calculator/specific-gravities,FSANZ representative: dry white/red wine specific gravity 0.99 g/mL.,1,2026-10-03 00:00:00,2026-10-03 00:00:00
98,2714,L,kg,1.03000000,1,Food Standards Australia New Zealand (FSANZ) - Specific gravities,https://www.foodstandards.gov.au/business/labelling/nutrition-panel-calculator/specific-gravities,FSANZ: cow/sheep/goat fluid regular-fat milk specific gravity 1.03 g/mL.,1,2026-10-03 00:00:00,2026-10-03 00:00:00
99,2714,ml,kg,0.00103000,1,Food Standards Australia New Zealand (FSANZ) - Specific gravities,https://www.foodstandards.gov.au/business/labelling/nutrition-panel-calculator/specific-gravities,FSANZ: cow/sheep/goat fluid regular-fat milk specific gravity 1.03 g/mL.,1,2026-10-03 00:00:00,2026-10-03 00:00:00
100,2749,L,kg,1.00000000,1,Food Standards Australia New Zealand (FSANZ) - Specific gravities,https://www.foodstandards.gov.au/business/labelling/nutrition-panel-calculator/specific-gravities,FSANZ: red/white sparkling wine specific gravity 1.00 g/mL.,1,2026-10-03 00:00:00,2026-10-03 00:00:00
101,2749,ml,kg,0.00100000,1,Food Standards Australia New Zealand (FSANZ) - Specific gravities,https://www.foodstandards.gov.au/business/labelling/nutrition-panel-calculator/specific-gravities,FSANZ: red/white sparkling wine specific gravity 1.00 g/mL.,1,2026-10-03 00:00:00,2026-10-03 00:00:00
102,2799,L,kg,1.03000000,1,Food Standards Australia New Zealand (FSANZ) - Specific gravities,https://www.foodstandards.gov.au/business/labelling/nutrition-panel-calculator/specific-gravities,FSANZ: cow/sheep/goat fluid regular-fat milk specific gravity 1.03 g/mL.,1,2026-10-03 00:00:00,2026-10-03 00:00:00
103,2799,ml,kg,0.00103000,1,Food Standards Australia New Zealand (FSANZ) - Specific gravities,https://www.foodstandards.gov.au/business/labelling/nutrition-panel-calculator/specific-gravities,FSANZ: cow/sheep/goat fluid regular-fat milk specific gravity 1.03 g/mL.,1,2026-10-03 00:00:00,2026-10-03 00:00:00
104,2848,L,kg,1.03000000,1,Food Standards Australia New Zealand (FSANZ) - Specific gravities,https://www.foodstandards.gov.au/business/labelling/nutrition-panel-calculator/specific-gravities,FSANZ: cow/sheep/goat fluid regular-fat milk specific gravity 1.03 g/mL.,1,2026-10-03 00:00:00,2026-10-03 00:00:00
105,2848,ml,kg,0.00103000,1,Food Standards Australia New Zealand (FSANZ) - Specific gravities,https://www.foodstandards.gov.au/business/labelling/nutrition-panel-calculator/specific-gravities,FSANZ: cow/sheep/goat fluid regular-fat milk specific gravity 1.03 g/mL.,1,2026-10-03 00:00:00,2026-10-03 00:00:00
106,3457,L,kg,1.04000000,1,Food Standards Australia New Zealand (FSANZ) - Specific gravities,https://www.foodstandards.gov.au/business/labelling/nutrition-panel-calculator/specific-gravities,FSANZ: soy beverage specific gravity 1.04 g/mL.,1,2026-10-03 00:00:00,2026-10-03 00:00:00
107,3457,ml,kg,0.00104000,1,Food Standards Australia New Zealand (FSANZ) - Specific gravities,https://www.foodstandards.gov.au/business/labelling/nutrition-panel-calculator/specific-gravities,FSANZ: soy beverage specific gravity 1.04 g/mL.,1,2026-10-03 00:00:00,2026-10-03 00:00:00
108,3606,L,kg,1.03000000,1,Food Standards Australia New Zealand (FSANZ) - Specific gravities,https://www.foodstandards.gov.au/business/labelling/nutrition-panel-calculator/specific-gravities,FSANZ: cow/sheep/goat fluid regular-fat milk specific gravity 1.03 g/mL.,1,2026-10-03 00:00:00,2026-10-03 00:00:00
109,3606,ml,kg,0.00103000,1,Food Standards Australia New Zealand (FSANZ) - Specific gravities,https://www.foodstandards.gov.au/business/labelling/nutrition-panel-calculator/specific-gravities,FSANZ: cow/sheep/goat fluid regular-fat milk specific gravity 1.03 g/mL.,1,2026-10-03 00:00:00,2026-10-03 00:00:00
110,3608,L,kg,1.03000000,1,Food Standards Australia New Zealand (FSANZ) - Specific gravities,https://www.foodstandards.gov.au/business/labelling/nutrition-panel-calculator/specific-gravities,FSANZ: cow/sheep/goat fluid regular-fat milk specific gravity 1.03 g/mL.,1,2026-10-03 00:00:00,2026-10-03 00:00:00
111,3608,ml,kg,0.00103000,1,Food Standards Australia New Zealand (FSANZ) - Specific gravities,https://www.foodstandards.gov.au/business/labelling/nutrition-panel-calculator/specific-gravities,FSANZ: cow/sheep/goat fluid regular-fat milk specific gravity 1.03 g/mL.,1,2026-10-03 00:00:00,2026-10-03 00:00:00
112,3825,L,kg,1.04000000,1,Food Standards Australia New Zealand (FSANZ) - Specific gravities,https://www.foodstandards.gov.au/business/labelling/nutrition-panel-calculator/specific-gravities,FSANZ: cow fluid reduced-fat or skim milk specific gravity 1.04 g/mL.,1,2026-10-03 00:00:00,2026-10-03 00:00:00
113,3825,ml,kg,0.00104000,1,Food Standards Australia New Zealand (FSANZ) - Specific gravities,https://www.foodstandards.gov.au/business/labelling/nutrition-panel-calculator/specific-gravities,FSANZ: cow fluid reduced-fat or skim milk specific gravity 1.04 g/mL.,1,2026-10-03 00:00:00,2026-10-03 00:00:00
114,3855,L,kg,1.03000000,1,Food Standards Australia New Zealand (FSANZ) - Specific gravities,https://www.foodstandards.gov.au/business/labelling/nutrition-panel-calculator/specific-gravities,FSANZ: cow/sheep/goat fluid regular-fat milk specific gravity 1.03 g/mL.,1,2026-10-03 00:00:00,2026-10-03 00:00:00
115,3855,ml,kg,0.00103000,1,Food Standards Australia New Zealand (FSANZ) - Specific gravities,https://www.foodstandards.gov.au/business/labelling/nutrition-panel-calculator/specific-gravities,FSANZ: cow/sheep/goat fluid regular-fat milk specific gravity 1.03 g/mL.,1,2026-10-03 00:00:00,2026-10-03 00:00:00
116,3897,L,kg,1.03000000,1,Food Standards Australia New Zealand (FSANZ) - Specific gravities,https://www.foodstandards.gov.au/business/labelling/nutrition-panel-calculator/specific-gravities,FSANZ: cow/sheep/goat fluid regular-fat milk specific gravity 1.03 g/mL.,1,2026-10-03 00:00:00,2026-10-03 00:00:00
117,3897,ml,kg,0.00103000,1,Food Standards Australia New Zealand (FSANZ) - Specific gravities,https://www.foodstandards.gov.au/business/labelling/nutrition-panel-calculator/specific-gravities,FSANZ: cow/sheep/goat fluid regular-fat milk specific gravity 1.03 g/mL.,1,2026-10-03 00:00:00,2026-10-03 00:00:00
118,3913,L,kg,1.03000000,1,Food Standards Australia New Zealand (FSANZ) - Specific gravities,https://www.foodstandards.gov.au/business/labelling/nutrition-panel-calculator/specific-gravities,FSANZ: cow/sheep/goat fluid regular-fat milk specific gravity 1.03 g/mL.,1,2026-10-03 00:00:00,2026-10-03 00:00:00
119,3913,ml,kg,0.00103000,1,Food Standards Australia New Zealand (FSANZ) - Specific gravities,https://www.foodstandards.gov.au/business/labelling/nutrition-panel-calculator/specific-gravities,FSANZ: cow/sheep/goat fluid regular-fat milk specific gravity 1.03 g/mL.,1,2026-10-03 00:00:00,2026-10-03 00:00:00
120,4170,L,kg,1.03000000,1,Food Standards Australia New Zealand (FSANZ) - Specific gravities,https://www.foodstandards.gov.au/business/labelling/nutrition-panel-calculator/specific-gravities,FSANZ: cow/sheep/goat fluid regular-fat milk specific gravity 1.03 g/mL.,1,2026-10-03 00:00:00,2026-10-03 00:00:00
121,4170,ml,kg,0.00103000,1,Food Standards Australia New Zealand (FSANZ) - Specific gravities,https://www.foodstandards.gov.au/business/labelling/nutrition-panel-calculator/specific-gravities,FSANZ: cow/sheep/goat fluid regular-fat milk specific gravity 1.03 g/mL.,1,2026-10-03 00:00:00,2026-10-03 00:00:00
122,4279,L,kg,1.03000000,1,Food Standards Australia New Zealand (FSANZ) - Specific gravities,https://www.foodstandards.gov.au/business/labelling/nutrition-panel-calculator/specific-gravities,FSANZ: cow/sheep/goat fluid regular-fat milk specific gravity 1.03 g/mL.,1,2026-10-03 00:00:00,2026-10-03 00:00:00
123,4279,ml,kg,0.00103000,1,Food Standards Australia New Zealand (FSANZ) - Specific gravities,https://www.foodstandards.gov.au/business/labelling/nutrition-panel-calculator/specific-gravities,FSANZ: cow/sheep/goat fluid regular-fat milk specific gravity 1.03 g/mL.,1,2026-10-03 00:00:00,2026-10-03 00:00:00
124,4358,L,kg,1.03000000,1,Food Standards Australia New Zealand (FSANZ) - Specific gravities,https://www.foodstandards.gov.au/business/labelling/nutrition-panel-calculator/specific-gravities,FSANZ: cow/sheep/goat fluid regular-fat milk specific gravity 1.03 g/mL.,1,2026-10-03 00:00:00,2026-10-03 00:00:00
125,4358,ml,kg,0.00103000,1,Food Standards Australia New Zealand (FSANZ) - Specific gravities,https://www.foodstandards.gov.au/business/labelling/nutrition-panel-calculator/specific-gravities,FSANZ: cow/sheep/goat fluid regular-fat milk specific gravity 1.03 g/mL.,1,2026-10-03 00:00:00,2026-10-03 00:00:00
126,4404,L,kg,0.99000000,1,Food Standards Australia New Zealand (FSANZ) - Specific gravities,https://www.foodstandards.gov.au/business/labelling/nutrition-panel-calculator/specific-gravities,FSANZ representative: dry white/red wine specific gravity 0.99 g/mL.,1,2026-10-03 00:00:00,2026-10-03 00:00:00
127,4404,ml,kg,0.00099000,1,Food Standards Australia New Zealand (FSANZ) - Specific gravities,https://www.foodstandards.gov.au/business/labelling/nutrition-panel-calculator/specific-gravities,FSANZ representative: dry white/red wine specific gravity 0.99 g/mL.,1,2026-10-03 00:00:00,2026-10-03 00:00:00
128,4405,L,kg,0.99000000,1,Food Standards Australia New Zealand (FSANZ) - Specific gravities,https://www.foodstandards.gov.au/business/labelling/nutrition-panel-calculator/specific-gravities,FSANZ representative: dry white/red wine specific gravity 0.99 g/mL.,1,2026-10-03 00:00:00,2026-10-03 00:00:00
129,4405,ml,kg,0.00099000,1,Food Standards Australia New Zealand (FSANZ) - Specific gravities,https://www.foodstandards.gov.au/business/labelling/nutrition-panel-calculator/specific-gravities,FSANZ representative: dry white/red wine specific gravity 0.99 g/mL.,1,2026-10-03 00:00:00,2026-10-03 00:00:00
130,4448,L,kg,1.03000000,1,Food Standards Australia New Zealand (FSANZ) - Specific gravities,https://www.foodstandards.gov.au/business/labelling/nutrition-panel-calculator/specific-gravities,FSANZ: cow/sheep/goat fluid regular-fat milk specific gravity 1.03 g/mL.,1,2026-10-03 00:00:00,2026-10-03 00:00:00
131,4448,ml,kg,0.00103000,1,Food Standards Australia New Zealand (FSANZ) - Specific gravities,https://www.foodstandards.gov.au/business/labelling/nutrition-panel-calculator/specific-gravities,FSANZ: cow/sheep/goat fluid regular-fat milk specific gravity 1.03 g/mL.,1,2026-10-03 00:00:00,2026-10-03 00:00:00
132,4543,L,kg,0.99000000,1,Food Standards Australia New Zealand (FSANZ) - Specific gravities,https://www.foodstandards.gov.au/business/labelling/nutrition-panel-calculator/specific-gravities,FSANZ representative: dry white/red wine specific gravity 0.99 g/mL.,1,2026-10-03 00:00:00,2026-10-03 00:00:00
133,4543,ml,kg,0.00099000,1,Food Standards Australia New Zealand (FSANZ) - Specific gravities,https://www.foodstandards.gov.au/business/labelling/nutrition-panel-calculator/specific-gravities,FSANZ representative: dry white/red wine specific gravity 0.99 g/mL.,1,2026-10-03 00:00:00,2026-10-03 00:00:00
134,4560,L,kg,1.03000000,1,Food Standards Australia New Zealand (FSANZ) - Specific gravities,https://www.foodstandards.gov.au/business/labelling/nutrition-panel-calculator/specific-gravities,FSANZ: cow/sheep/goat fluid regular-fat milk specific gravity 1.03 g/mL.,1,2026-10-03 00:00:00,2026-10-03 00:00:00
135,4560,ml,kg,0.00103000,1,Food Standards Australia New Zealand (FSANZ) - Specific gravities,https://www.foodstandards.gov.au/business/labelling/nutrition-panel-calculator/specific-gravities,FSANZ: cow/sheep/goat fluid regular-fat milk specific gravity 1.03 g/mL.,1,2026-10-03 00:00:00,2026-10-03 00:00:00
136,4589,L,kg,1.03000000,1,Food Standards Australia New Zealand (FSANZ) - Specific gravities,https://www.foodstandards.gov.au/business/labelling/nutrition-panel-calculator/specific-gravities,FSANZ: cow/sheep/goat fluid regular-fat milk specific gravity 1.03 g/mL.,1,2026-10-03 00:00:00,2026-10-03 00:00:00
137,4589,ml,kg,0.00103000,1,Food Standards Australia New Zealand (FSANZ) - Specific gravities,https://www.foodstandards.gov.au/business/labelling/nutrition-panel-calculator/specific-gravities,FSANZ: cow/sheep/goat fluid regular-fat milk specific gravity 1.03 g/mL.,1,2026-10-03 00:00:00,2026-10-03 00:00:00
138,4595,L,kg,1.03000000,1,Food Standards Australia New Zealand (FSANZ) - Specific gravities,https://www.foodstandards.gov.au/business/labelling/nutrition-panel-calculator/specific-gravities,FSANZ: cow/sheep/goat fluid regular-fat milk specific gravity 1.03 g/mL.,1,2026-10-03 00:00:00,2026-10-03 00:00:00
139,4595,ml,kg,0.00103000,1,Food Standards Australia New Zealand (FSANZ) - Specific gravities,https://www.foodstandards.gov.au/business/labelling/nutrition-panel-calculator/specific-gravities,FSANZ: cow/sheep/goat fluid regular-fat milk specific gravity 1.03 g/mL.,1,2026-10-03 00:00:00,2026-10-03 00:00:00
140,4597,L,kg,1.03000000,1,Food Standards Australia New Zealand (FSANZ) - Specific gravities,https://www.foodstandards.gov.au/business/labelling/nutrition-panel-calculator/specific-gravities,FSANZ: cow/sheep/goat fluid regular-fat milk specific gravity 1.03 g/mL.,1,2026-10-03 00:00:00,2026-10-03 00:00:00
141,4597,ml,kg,0.00103000,1,Food Standards Australia New Zealand (FSANZ) - Specific gravities,https://www.foodstandards.gov.au/business/labelling/nutrition-panel-calculator/specific-gravities,FSANZ: cow/sheep/goat fluid regular-fat milk specific gravity 1.03 g/mL.,1,2026-10-03 00:00:00,2026-10-03 00:00:00
142,4688,L,kg,1.03000000,1,Food Standards Australia New Zealand (FSANZ) - Specific gravities,https://www.foodstandards.gov.au/business/labelling/nutrition-panel-calculator/specific-gravities,FSANZ: cow/sheep/goat fluid regular-fat milk specific gravity 1.03 g/mL.,1,2026-10-03 00:00:00,2026-10-03 00:00:00
143,4688,ml,kg,0.00103000,1,Food Standards Australia New Zealand (FSANZ) - Specific gravities,https://www.foodstandards.gov.au/business/labelling/nutrition-panel-calculator/specific-gravities,FSANZ: cow/sheep/goat fluid regular-fat milk specific gravity 1.03 g/mL.,1,2026-10-03 00:00:00,2026-10-03 00:00:00
144,4706,L,kg,0.99000000,1,Food Standards Australia New Zealand (FSANZ) - Specific gravities,https://www.foodstandards.gov.au/business/labelling/nutrition-panel-calculator/specific-gravities,FSANZ representative: dry white/red wine specific gravity 0.99 g/mL.,1,2026-10-03 00:00:00,2026-10-03 00:00:00
145,4706,ml,kg,0.00099000,1,Food Standards Australia New Zealand (FSANZ) - Specific gravities,https://www.foodstandards.gov.au/business/labelling/nutrition-panel-calculator/specific-gravities,FSANZ representative: dry white/red wine specific gravity 0.99 g/mL.,1,2026-10-03 00:00:00,2026-10-03 00:00:00
146,4724,L,kg,1.03000000,1,Food Standards Australia New Zealand (FSANZ) - Specific gravities,https://www.foodstandards.gov.au/business/labelling/nutrition-panel-calculator/specific-gravities,FSANZ: cow/sheep/goat fluid regular-fat milk specific gravity 1.03 g/mL.,1,2026-10-03 00:00:00,2026-10-03 00:00:00
147,4724,ml,kg,0.00103000,1,Food Standards Australia New Zealand (FSANZ) - Specific gravities,https://www.foodstandards.gov.au/business/labelling/nutrition-panel-calculator/specific-gravities,FSANZ: cow/sheep/goat fluid regular-fat milk specific gravity 1.03 g/mL.,1,2026-10-03 00:00:00,2026-10-03 00:00:00
148,4766,L,kg,1.03000000,1,Food Standards Australia New Zealand (FSANZ) - Specific gravities,https://www.foodstandards.gov.au/business/labelling/nutrition-panel-calculator/specific-gravities,FSANZ: cow/sheep/goat fluid regular-fat milk specific gravity 1.03 g/mL.,1,2026-10-03 00:00:00,2026-10-03 00:00:00
149,4766,ml,kg,0.00103000,1,Food Standards Australia New Zealand (FSANZ) - Specific gravities,https://www.foodstandards.gov.au/business/labelling/nutrition-panel-calculator/specific-gravities,FSANZ: cow/sheep/goat fluid regular-fat milk specific gravity 1.03 g/mL.,1,2026-10-03 00:00:00,2026-10-03 00:00:00
150,4787,L,kg,0.99000000,1,Food Standards Australia New Zealand (FSANZ) - Specific gravities,https://www.foodstandards.gov.au/business/labelling/nutrition-panel-calculator/specific-gravities,FSANZ representative: dry white/red wine specific gravity 0.99 g/mL.,1,2026-10-03 00:00:00,2026-10-03 00:00:00
151,4787,ml,kg,0.00099000,1,Food Standards Australia New Zealand (FSANZ) - Specific gravities,https://www.foodstandards.gov.au/business/labelling/nutrition-panel-calculator/specific-gravities,FSANZ representative: dry white/red wine specific gravity 0.99 g/mL.,1,2026-10-03 00:00:00,2026-10-03 00:00:00
152,4793,L,kg,1.03000000,1,Food Standards Australia New Zealand (FSANZ) - Specific gravities,https://www.foodstandards.gov.au/business/labelling/nutrition-panel-calculator/specific-gravities,FSANZ: cow/sheep/goat fluid regular-fat milk specific gravity 1.03 g/mL.,1,2026-10-03 00:00:00,2026-10-03 00:00:00
153,4793,ml,kg,0.00103000,1,Food Standards Australia New Zealand (FSANZ) - Specific gravities,https://www.foodstandards.gov.au/business/labelling/nutrition-panel-calculator/specific-gravities,FSANZ: cow/sheep/goat fluid regular-fat milk specific gravity 1.03 g/mL.,1,2026-10-03 00:00:00,2026-10-03 00:00:00
154,5036,L,kg,0.99000000,1,Food Standards Australia New Zealand (FSANZ) - Specific gravities,https://www.foodstandards.gov.au/business/labelling/nutrition-panel-calculator/specific-gravities,FSANZ: red wine specific gravity 0.99 g/mL.,1,2026-10-03 00:00:00,2026-10-03 00:00:00
155,5036,ml,kg,0.00099000,1,Food Standards Australia New Zealand (FSANZ) - Specific gravities,https://www.foodstandards.gov.au/business/labelling/nutrition-panel-calculator/specific-gravities,FSANZ: red wine specific gravity 0.99 g/mL.,1,2026-10-03 00:00:00,2026-10-03 00:00:00
156,5037,L,kg,1.04000000,1,Food Standards Australia New Zealand (FSANZ) - Specific gravities,https://www.foodstandards.gov.au/business/labelling/nutrition-panel-calculator/specific-gravities,FSANZ: cow fluid reduced-fat or skim milk specific gravity 1.04 g/mL.,1,2026-10-03 00:00:00,2026-10-03 00:00:00
157,5037,ml,kg,0.00104000,1,Food Standards Australia New Zealand (FSANZ) - Specific gravities,https://www.foodstandards.gov.au/business/labelling/nutrition-panel-calculator/specific-gravities,FSANZ: cow fluid reduced-fat or skim milk specific gravity 1.04 g/mL.,1,2026-10-03 00:00:00,2026-10-03 00:00:00
158,5154,L,kg,1.03000000,1,Food Standards Australia New Zealand (FSANZ) - Specific gravities,https://www.foodstandards.gov.au/business/labelling/nutrition-panel-calculator/specific-gravities,FSANZ: cow/sheep/goat fluid regular-fat milk specific gravity 1.03 g/mL.,1,2026-10-03 00:00:00,2026-10-03 00:00:00
159,5154,ml,kg,0.00103000,1,Food Standards Australia New Zealand (FSANZ) - Specific gravities,https://www.foodstandards.gov.au/business/labelling/nutrition-panel-calculator/specific-gravities,FSANZ: cow/sheep/goat fluid regular-fat milk specific gravity 1.03 g/mL.,1,2026-10-03 00:00:00,2026-10-03 00:00:00
160,5155,L,kg,1.03000000,1,Food Standards Australia New Zealand (FSANZ) - Specific gravities,https://www.foodstandards.gov.au/business/labelling/nutrition-panel-calculator/specific-gravities,FSANZ: cow/sheep/goat fluid regular-fat milk specific gravity 1.03 g/mL.,1,2026-10-03 00:00:00,2026-10-03 00:00:00
161,5155,ml,kg,0.00103000,1,Food Standards Australia New Zealand (FSANZ) - Specific gravities,https://www.foodstandards.gov.au/business/labelling/nutrition-panel-calculator/specific-gravities,FSANZ: cow/sheep/goat fluid regular-fat milk specific gravity 1.03 g/mL.,1,2026-10-03 00:00:00,2026-10-03 00:00:00
162,5156,L,kg,1.03000000,1,Food Standards Australia New Zealand (FSANZ) - Specific gravities,https://www.foodstandards.gov.au/business/labelling/nutrition-panel-calculator/specific-gravities,FSANZ: cow/sheep/goat fluid regular-fat milk specific gravity 1.03 g/mL.,1,2026-10-03 00:00:00,2026-10-03 00:00:00
163,5156,ml,kg,0.00103000,1,Food Standards Australia New Zealand (FSANZ) - Specific gravities,https://www.foodstandards.gov.au/business/labelling/nutrition-panel-calculator/specific-gravities,FSANZ: cow/sheep/goat fluid regular-fat milk specific gravity 1.03 g/mL.,1,2026-10-03 00:00:00,2026-10-03 00:00:00
164,5157,L,kg,1.04000000,1,Food Standards Australia New Zealand (FSANZ) - Specific gravities,https://www.foodstandards.gov.au/business/labelling/nutrition-panel-calculator/specific-gravities,FSANZ: cow fluid reduced-fat or skim milk specific gravity 1.04 g/mL.,1,2026-10-03 00:00:00,2026-10-03 00:00:00
165,5157,ml,kg,0.00104000,1,Food Standards Australia New Zealand (FSANZ) - Specific gravities,https://www.foodstandards.gov.au/business/labelling/nutrition-panel-calculator/specific-gravities,FSANZ: cow fluid reduced-fat or skim milk specific gravity 1.04 g/mL.,1,2026-10-03 00:00:00,2026-10-03 00:00:00
166,5158,L,kg,1.03000000,1,Food Standards Australia New Zealand (FSANZ) - Specific gravities,https://www.foodstandards.gov.au/business/labelling/nutrition-panel-calculator/specific-gravities,FSANZ: cow/sheep/goat fluid regular-fat milk specific gravity 1.03 g/mL.,1,2026-10-03 00:00:00,2026-10-03 00:00:00
167,5158,ml,kg,0.00103000,1,Food Standards Australia New Zealand (FSANZ) - Specific gravities,https://www.foodstandards.gov.au/business/labelling/nutrition-panel-calculator/specific-gravities,FSANZ: cow/sheep/goat fluid regular-fat milk specific gravity 1.03 g/mL.,1,2026-10-03 00:00:00,2026-10-03 00:00:00
168,5161,L,kg,1.03000000,1,Food Standards Australia New Zealand (FSANZ) - Specific gravities,https://www.foodstandards.gov.au/business/labelling/nutrition-panel-calculator/specific-gravities,FSANZ: cow/sheep/goat fluid regular-fat milk specific gravity 1.03 g/mL.,1,2026-10-03 00:00:00,2026-10-03 00:00:00
169,5161,ml,kg,0.00103000,1,Food Standards Australia New Zealand (FSANZ) - Specific gravities,https://www.foodstandards.gov.au/business/labelling/nutrition-panel-calculator/specific-gravities,FSANZ: cow/sheep/goat fluid regular-fat milk specific gravity 1.03 g/mL.,1,2026-10-03 00:00:00,2026-10-03 00:00:00
170,5764,L,kg,1.03000000,1,Food Standards Australia New Zealand (FSANZ) - Specific gravities,https://www.foodstandards.gov.au/business/labelling/nutrition-panel-calculator/specific-gravities,FSANZ: cow/sheep/goat fluid regular-fat milk specific gravity 1.03 g/mL.,1,2026-10-03 00:00:00,2026-10-03 00:00:00
171,5764,ml,kg,0.00103000,1,Food Standards Australia New Zealand (FSANZ) - Specific gravities,https://www.foodstandards.gov.au/business/labelling/nutrition-panel-calculator/specific-gravities,FSANZ: cow/sheep/goat fluid regular-fat milk specific gravity 1.03 g/mL.,1,2026-10-03 00:00:00,2026-10-03 00:00:00
172,5765,L,kg,1.03000000,1,Food Standards Australia New Zealand (FSANZ) - Specific gravities,https://www.foodstandards.gov.au/business/labelling/nutrition-panel-calculator/specific-gravities,FSANZ: cow/sheep/goat fluid regular-fat milk specific gravity 1.03 g/mL.,1,2026-10-03 00:00:00,2026-10-03 00:00:00
173,5765,ml,kg,0.00103000,1,Food Standards Australia New Zealand (FSANZ) - Specific gravities,https://www.foodstandards.gov.au/business/labelling/nutrition-panel-calculator/specific-gravities,FSANZ: cow/sheep/goat fluid regular-fat milk specific gravity 1.03 g/mL.,1,2026-10-03 00:00:00,2026-10-03 00:00:00
174,5823,L,kg,0.99000000,1,Food Standards Australia New Zealand (FSANZ) - Specific gravities,https://www.foodstandards.gov.au/business/labelling/nutrition-panel-calculator/specific-gravities,FSANZ: red wine specific gravity 0.99 g/mL.,1,2026-10-03 00:00:00,2026-10-03 00:00:00
175,5823,ml,kg,0.00099000,1,Food Standards Australia New Zealand (FSANZ) - Specific gravities,https://www.foodstandards.gov.au/business/labelling/nutrition-panel-calculator/specific-gravities,FSANZ: red wine specific gravity 0.99 g/mL.,1,2026-10-03 00:00:00,2026-10-03 00:00:00
176,5859,L,kg,1.03000000,1,Food Standards Australia New Zealand (FSANZ) - Specific gravities,https://www.foodstandards.gov.au/business/labelling/nutrition-panel-calculator/specific-gravities,FSANZ: cow/sheep/goat fluid regular-fat milk specific gravity 1.03 g/mL.,1,2026-10-03 00:00:00,2026-10-03 00:00:00
177,5859,ml,kg,0.00103000,1,Food Standards Australia New Zealand (FSANZ) - Specific gravities,https://www.foodstandards.gov.au/business/labelling/nutrition-panel-calculator/specific-gravities,FSANZ: cow/sheep/goat fluid regular-fat milk specific gravity 1.03 g/mL.,1,2026-10-03 00:00:00,2026-10-03 00:00:00
178,5944,L,kg,0.99000000,1,Food Standards Australia New Zealand (FSANZ) - Specific gravities,https://www.foodstandards.gov.au/business/labelling/nutrition-panel-calculator/specific-gravities,FSANZ representative: dry white/red wine specific gravity 0.99 g/mL.,1,2026-10-03 00:00:00,2026-10-03 00:00:00
179,5944,ml,kg,0.00099000,1,Food Standards Australia New Zealand (FSANZ) - Specific gravities,https://www.foodstandards.gov.au/business/labelling/nutrition-panel-calculator/specific-gravities,FSANZ representative: dry white/red wine specific gravity 0.99 g/mL.,1,2026-10-03 00:00:00,2026-10-03 00:00:00
180,6043,L,kg,0.99000000,1,Food Standards Australia New Zealand (FSANZ) - Specific gravities,https://www.foodstandards.gov.au/business/labelling/nutrition-panel-calculator/specific-gravities,FSANZ representative: dry white/red wine specific gravity 0.99 g/mL.,1,2026-10-03 00:00:00,2026-10-03 00:00:00
181,6043,ml,kg,0.00099000,1,Food Standards Australia New Zealand (FSANZ) - Specific gravities,https://www.foodstandards.gov.au/business/labelling/nutrition-panel-calculator/specific-gravities,FSANZ representative: dry white/red wine specific gravity 0.99 g/mL.,1,2026-10-03 00:00:00,2026-10-03 00:00:00
182,6044,L,kg,0.99000000,1,Food Standards Australia New Zealand (FSANZ) - Specific gravities,https://www.foodstandards.gov.au/business/labelling/nutrition-panel-calculator/specific-gravities,FSANZ representative: dry white/red wine specific gravity 0.99 g/mL.,1,2026-10-03 00:00:00,2026-10-03 00:00:00
183,6044,ml,kg,0.00099000,1,Food Standards Australia New Zealand (FSANZ) - Specific gravities,https://www.foodstandards.gov.au/business/labelling/nutrition-panel-calculator/specific-gravities,FSANZ representative: dry white/red wine specific gravity 0.99 g/mL.,1,2026-10-03 00:00:00,2026-10-03 00:00:00
184,6053,L,kg,1.00000000,1,Food Standards Australia New Zealand (FSANZ) - Specific gravities,https://www.foodstandards.gov.au/business/labelling/nutrition-panel-calculator/specific-gravities,FSANZ: rosé wine specific gravity 1.00 g/mL.,1,2026-10-03 00:00:00,2026-10-03 00:00:00
185,6053,ml,kg,0.00100000,1,Food Standards Australia New Zealand (FSANZ) - Specific gravities,https://www.foodstandards.gov.au/business/labelling/nutrition-panel-calculator/specific-gravities,FSANZ: rosé wine specific gravity 1.00 g/mL.,1,2026-10-03 00:00:00,2026-10-03 00:00:00
186,6108,L,kg,1.03000000,1,Food Standards Australia New Zealand (FSANZ) - Specific gravities,https://www.foodstandards.gov.au/business/labelling/nutrition-panel-calculator/specific-gravities,FSANZ: cow/sheep/goat fluid regular-fat milk specific gravity 1.03 g/mL.,1,2026-10-03 00:00:00,2026-10-03 00:00:00
187,6108,ml,kg,0.00103000,1,Food Standards Australia New Zealand (FSANZ) - Specific gravities,https://www.foodstandards.gov.au/business/labelling/nutrition-panel-calculator/specific-gravities,FSANZ: cow/sheep/goat fluid regular-fat milk specific gravity 1.03 g/mL.,1,2026-10-03 00:00:00,2026-10-03 00:00:00
188,6109,L,kg,1.03000000,1,Food Standards Australia New Zealand (FSANZ) - Specific gravities,https://www.foodstandards.gov.au/business/labelling/nutrition-panel-calculator/specific-gravities,FSANZ: cow/sheep/goat fluid regular-fat milk specific gravity 1.03 g/mL.,1,2026-10-03 00:00:00,2026-10-03 00:00:00
189,6109,ml,kg,0.00103000,1,Food Standards Australia New Zealand (FSANZ) - Specific gravities,https://www.foodstandards.gov.au/business/labelling/nutrition-panel-calculator/specific-gravities,FSANZ: cow/sheep/goat fluid regular-fat milk specific gravity 1.03 g/mL.,1,2026-10-03 00:00:00,2026-10-03 00:00:00
190,6288,L,kg,1.03000000,1,Food Standards Australia New Zealand (FSANZ) - Specific gravities,https://www.foodstandards.gov.au/business/labelling/nutrition-panel-calculator/specific-gravities,FSANZ: cow/sheep/goat fluid regular-fat milk specific gravity 1.03 g/mL.,1,2026-10-03 00:00:00,2026-10-03 00:00:00
191,6288,ml,kg,0.00103000,1,Food Standards Australia New Zealand (FSANZ) - Specific gravities,https://www.foodstandards.gov.au/business/labelling/nutrition-panel-calculator/specific-gravities,FSANZ: cow/sheep/goat fluid regular-fat milk specific gravity 1.03 g/mL.,1,2026-10-03 00:00:00,2026-10-03 00:00:00
192,6289,L,kg,1.03000000,1,Food Standards Australia New Zealand (FSANZ) - Specific gravities,https://www.foodstandards.gov.au/business/labelling/nutrition-panel-calculator/specific-gravities,FSANZ: cow/sheep/goat fluid regular-fat milk specific gravity 1.03 g/mL.,1,2026-10-03 00:00:00,2026-10-03 00:00:00
193,6289,ml,kg,0.00103000,1,Food Standards Australia New Zealand (FSANZ) - Specific gravities,https://www.foodstandards.gov.au/business/labelling/nutrition-panel-calculator/specific-gravities,FSANZ: cow/sheep/goat fluid regular-fat milk specific gravity 1.03 g/mL.,1,2026-10-03 00:00:00,2026-10-03 00:00:00
194,6302,L,kg,1.04000000,1,Food Standards Australia New Zealand (FSANZ) - Specific gravities,https://www.foodstandards.gov.au/business/labelling/nutrition-panel-calculator/specific-gravities,FSANZ: cow fluid reduced-fat or skim milk specific gravity 1.04 g/mL.,1,2026-10-03 00:00:00,2026-10-03 00:00:00
195,6302,ml,kg,0.00104000,1,Food Standards Australia New Zealand (FSANZ) - Specific gravities,https://www.foodstandards.gov.au/business/labelling/nutrition-panel-calculator/specific-gravities,FSANZ: cow fluid reduced-fat or skim milk specific gravity 1.04 g/mL.,1,2026-10-03 00:00:00,2026-10-03 00:00:00
196,6304,L,kg,1.04000000,1,Food Standards Australia New Zealand (FSANZ) - Specific gravities,https://www.foodstandards.gov.au/business/labelling/nutrition-panel-calculator/specific-gravities,FSANZ: cow fluid reduced-fat or skim milk specific gravity 1.04 g/mL.,1,2026-10-03 00:00:00,2026-10-03 00:00:00
197,6304,ml,kg,0.00104000,1,Food Standards Australia New Zealand (FSANZ) - Specific gravities,https://www.foodstandards.gov.au/business/labelling/nutrition-panel-calculator/specific-gravities,FSANZ: cow fluid reduced-fat or skim milk specific gravity 1.04 g/mL.,1,2026-10-03 00:00:00,2026-10-03 00:00:00
198,6305,L,kg,1.04000000,1,Food Standards Australia New Zealand (FSANZ) - Specific gravities,https://www.foodstandards.gov.au/business/labelling/nutrition-panel-calculator/specific-gravities,FSANZ: cow fluid reduced-fat or skim milk specific gravity 1.04 g/mL.,1,2026-10-03 00:00:00,2026-10-03 00:00:00
199,6305,ml,kg,0.00104000,1,Food Standards Australia New Zealand (FSANZ) - Specific gravities,https://www.foodstandards.gov.au/business/labelling/nutrition-panel-calculator/specific-gravities,FSANZ: cow fluid reduced-fat or skim milk specific gravity 1.04 g/mL.,1,2026-10-03 00:00:00,2026-10-03 00:00:00
200,6306,L,kg,1.04000000,1,Food Standards Australia New Zealand (FSANZ) - Specific gravities,https://www.foodstandards.gov.au/business/labelling/nutrition-panel-calculator/specific-gravities,FSANZ: cow fluid reduced-fat or skim milk specific gravity 1.04 g/mL.,1,2026-10-03 00:00:00,2026-10-03 00:00:00
201,6306,ml,kg,0.00104000,1,Food Standards Australia New Zealand (FSANZ) - Specific gravities,https://www.foodstandards.gov.au/business/labelling/nutrition-panel-calculator/specific-gravities,FSANZ: cow fluid reduced-fat or skim milk specific gravity 1.04 g/mL.,1,2026-10-03 00:00:00,2026-10-03 00:00:00
202,6307,L,kg,1.04000000,1,Food Standards Australia New Zealand (FSANZ) - Specific gravities,https://www.foodstandards.gov.au/business/labelling/nutrition-panel-calculator/specific-gravities,FSANZ: cow fluid reduced-fat or skim milk specific gravity 1.04 g/mL.,1,2026-10-03 00:00:00,2026-10-03 00:00:00
203,6307,ml,kg,0.00104000,1,Food Standards Australia New Zealand (FSANZ) - Specific gravities,https://www.foodstandards.gov.au/business/labelling/nutrition-panel-calculator/specific-gravities,FSANZ: cow fluid reduced-fat or skim milk specific gravity 1.04 g/mL.,1,2026-10-03 00:00:00,2026-10-03 00:00:00
204,6308,L,kg,1.04000000,1,Food Standards Australia New Zealand (FSANZ) - Specific gravities,https://www.foodstandards.gov.au/business/labelling/nutrition-panel-calculator/specific-gravities,FSANZ: cow fluid reduced-fat or skim milk specific gravity 1.04 g/mL.,1,2026-10-03 00:00:00,2026-10-03 00:00:00
205,6308,ml,kg,0.00104000,1,Food Standards Australia New Zealand (FSANZ) - Specific gravities,https://www.foodstandards.gov.au/business/labelling/nutrition-panel-calculator/specific-gravities,FSANZ: cow fluid reduced-fat or skim milk specific gravity 1.04 g/mL.,1,2026-10-03 00:00:00,2026-10-03 00:00:00
206,6309,L,kg,1.04000000,1,Food Standards Australia New Zealand (FSANZ) - Specific gravities,https://www.foodstandards.gov.au/business/labelling/nutrition-panel-calculator/specific-gravities,FSANZ: cow fluid reduced-fat or skim milk specific gravity 1.04 g/mL.,1,2026-10-03 00:00:00,2026-10-03 00:00:00
207,6309,ml,kg,0.00104000,1,Food Standards Australia New Zealand (FSANZ) - Specific gravities,https://www.foodstandards.gov.au/business/labelling/nutrition-panel-calculator/specific-gravities,FSANZ: cow fluid reduced-fat or skim milk specific gravity 1.04 g/mL.,1,2026-10-03 00:00:00,2026-10-03 00:00:00
208,6317,L,kg,1.03000000,1,Food Standards Australia New Zealand (FSANZ) - Specific gravities,https://www.foodstandards.gov.au/business/labelling/nutrition-panel-calculator/specific-gravities,FSANZ: cow/sheep/goat fluid regular-fat milk specific gravity 1.03 g/mL.,1,2026-10-03 00:00:00,2026-10-03 00:00:00
209,6317,ml,kg,0.00103000,1,Food Standards Australia New Zealand (FSANZ) - Specific gravities,https://www.foodstandards.gov.au/business/labelling/nutrition-panel-calculator/specific-gravities,FSANZ: cow/sheep/goat fluid regular-fat milk specific gravity 1.03 g/mL.,1,2026-10-03 00:00:00,2026-10-03 00:00:00
210,6318,L,kg,0.99000000,1,Food Standards Australia New Zealand (FSANZ) - Specific gravities,https://www.foodstandards.gov.au/business/labelling/nutrition-panel-calculator/specific-gravities,FSANZ representative: dry white/red wine specific gravity 0.99 g/mL.,1,2026-10-03 00:00:00,2026-10-03 00:00:00
211,6318,ml,kg,0.00099000,1,Food Standards Australia New Zealand (FSANZ) - Specific gravities,https://www.foodstandards.gov.au/business/labelling/nutrition-panel-calculator/specific-gravities,FSANZ representative: dry white/red wine specific gravity 0.99 g/mL.,1,2026-10-03 00:00:00,2026-10-03 00:00:00
212,6339,L,kg,1.03000000,1,Food Standards Australia New Zealand (FSANZ) - Specific gravities,https://www.foodstandards.gov.au/business/labelling/nutrition-panel-calculator/specific-gravities,FSANZ: cow/sheep/goat fluid regular-fat milk specific gravity 1.03 g/mL.,1,2026-10-03 00:00:00,2026-10-03 00:00:00
213,6339,ml,kg,0.00103000,1,Food Standards Australia New Zealand (FSANZ) - Specific gravities,https://www.foodstandards.gov.au/business/labelling/nutrition-panel-calculator/specific-gravities,FSANZ: cow/sheep/goat fluid regular-fat milk specific gravity 1.03 g/mL.,1,2026-10-03 00:00:00,2026-10-03 00:00:00
214,6340,L,kg,1.03000000,1,Food Standards Australia New Zealand (FSANZ) - Specific gravities,https://www.foodstandards.gov.au/business/labelling/nutrition-panel-calculator/specific-gravities,FSANZ: cow/sheep/goat fluid regular-fat milk specific gravity 1.03 g/mL.,1,2026-10-03 00:00:00,2026-10-03 00:00:00
215,6340,ml,kg,0.00103000,1,Food Standards Australia New Zealand (FSANZ) - Specific gravities,https://www.foodstandards.gov.au/business/labelling/nutrition-panel-calculator/specific-gravities,FSANZ: cow/sheep/goat fluid regular-fat milk specific gravity 1.03 g/mL.,1,2026-10-03 00:00:00,2026-10-03 00:00:00
216,6341,L,kg,1.03000000,1,Food Standards Australia New Zealand (FSANZ) - Specific gravities,https://www.foodstandards.gov.au/business/labelling/nutrition-panel-calculator/specific-gravities,FSANZ: cow/sheep/goat fluid regular-fat milk specific gravity 1.03 g/mL.,1,2026-10-03 00:00:00,2026-10-03 00:00:00
217,6341,ml,kg,0.00103000,1,Food Standards Australia New Zealand (FSANZ) - Specific gravities,https://www.foodstandards.gov.au/business/labelling/nutrition-panel-calculator/specific-gravities,FSANZ: cow/sheep/goat fluid regular-fat milk specific gravity 1.03 g/mL.,1,2026-10-03 00:00:00,2026-10-03 00:00:00
218,6407,L,kg,1.04000000,1,Food Standards Australia New Zealand (FSANZ) - Specific gravities,https://www.foodstandards.gov.au/business/labelling/nutrition-panel-calculator/specific-gravities,FSANZ: cow fluid reduced-fat or skim milk specific gravity 1.04 g/mL.,1,2026-10-03 00:00:00,2026-10-03 00:00:00
219,6407,ml,kg,0.00104000,1,Food Standards Australia New Zealand (FSANZ) - Specific gravities,https://www.foodstandards.gov.au/business/labelling/nutrition-panel-calculator/specific-gravities,FSANZ: cow fluid reduced-fat or skim milk specific gravity 1.04 g/mL.,1,2026-10-03 00:00:00,2026-10-03 00:00:00
220,6408,L,kg,1.04000000,1,Food Standards Australia New Zealand (FSANZ) - Specific gravities,https://www.foodstandards.gov.au/business/labelling/nutrition-panel-calculator/specific-gravities,FSANZ: cow fluid reduced-fat or skim milk specific gravity 1.04 g/mL.,1,2026-10-03 00:00:00,2026-10-03 00:00:00
221,6408,ml,kg,0.00104000,1,Food Standards Australia New Zealand (FSANZ) - Specific gravities,https://www.foodstandards.gov.au/business/labelling/nutrition-panel-calculator/specific-gravities,FSANZ: cow fluid reduced-fat or skim milk specific gravity 1.04 g/mL.,1,2026-10-03 00:00:00,2026-10-03 00:00:00
222,6429,L,kg,0.99000000,1,Food Standards Australia New Zealand (FSANZ) - Specific gravities,https://www.foodstandards.gov.au/business/labelling/nutrition-panel-calculator/specific-gravities,FSANZ representative: dry white/red wine specific gravity 0.99 g/mL.,1,2026-10-03 00:00:00,2026-10-03 00:00:00
223,6429,ml,kg,0.00099000,1,Food Standards Australia New Zealand (FSANZ) - Specific gravities,https://www.foodstandards.gov.au/business/labelling/nutrition-panel-calculator/specific-gravities,FSANZ representative: dry white/red wine specific gravity 0.99 g/mL.,1,2026-10-03 00:00:00,2026-10-03 00:00:00
224,6434,L,kg,0.99000000,1,Food Standards Australia New Zealand (FSANZ) - Specific gravities,https://www.foodstandards.gov.au/business/labelling/nutrition-panel-calculator/specific-gravities,FSANZ representative: dry white/red wine specific gravity 0.99 g/mL.,1,2026-10-03 00:00:00,2026-10-03 00:00:00
225,6434,ml,kg,0.00099000,1,Food Standards Australia New Zealand (FSANZ) - Specific gravities,https://www.foodstandards.gov.au/business/labelling/nutrition-panel-calculator/specific-gravities,FSANZ representative: dry white/red wine specific gravity 0.99 g/mL.,1,2026-10-03 00:00:00,2026-10-03 00:00:00
226,6524,L,kg,1.03000000,1,Food Standards Australia New Zealand (FSANZ) - Specific gravities,https://www.foodstandards.gov.au/business/labelling/nutrition-panel-calculator/specific-gravities,FSANZ: cow/sheep/goat fluid regular-fat milk specific gravity 1.03 g/mL.,1,2026-10-03 00:00:00,2026-10-03 00:00:00
227,6524,ml,kg,0.00103000,1,Food Standards Australia New Zealand (FSANZ) - Specific gravities,https://www.foodstandards.gov.au/business/labelling/nutrition-panel-calculator/specific-gravities,FSANZ: cow/sheep/goat fluid regular-fat milk specific gravity 1.03 g/mL.,1,2026-10-03 00:00:00,2026-10-03 00:00:00
228,6529,L,kg,1.03000000,1,Food Standards Australia New Zealand (FSANZ) - Specific gravities,https://www.foodstandards.gov.au/business/labelling/nutrition-panel-calculator/specific-gravities,FSANZ: cow/sheep/goat fluid regular-fat milk specific gravity 1.03 g/mL.,1,2026-10-03 00:00:00,2026-10-03 00:00:00
229,6529,ml,kg,0.00103000,1,Food Standards Australia New Zealand (FSANZ) - Specific gravities,https://www.foodstandards.gov.au/business/labelling/nutrition-panel-calculator/specific-gravities,FSANZ: cow/sheep/goat fluid regular-fat milk specific gravity 1.03 g/mL.,1,2026-10-03 00:00:00,2026-10-03 00:00:00
230,6561,L,kg,1.03000000,1,Food Standards Australia New Zealand (FSANZ) - Specific gravities,https://www.foodstandards.gov.au/business/labelling/nutrition-panel-calculator/specific-gravities,FSANZ: cow/sheep/goat fluid regular-fat milk specific gravity 1.03 g/mL.,1,2026-10-03 00:00:00,2026-10-03 00:00:00
231,6561,ml,kg,0.00103000,1,Food Standards Australia New Zealand (FSANZ) - Specific gravities,https://www.foodstandards.gov.au/business/labelling/nutrition-panel-calculator/specific-gravities,FSANZ: cow/sheep/goat fluid regular-fat milk specific gravity 1.03 g/mL.,1,2026-10-03 00:00:00,2026-10-03 00:00:00
232,6562,L,kg,0.99000000,1,Food Standards Australia New Zealand (FSANZ) - Specific gravities,https://www.foodstandards.gov.au/business/labelling/nutrition-panel-calculator/specific-gravities,FSANZ representative: dry white/red wine specific gravity 0.99 g/mL.,1,2026-10-03 00:00:00,2026-10-03 00:00:00
233,6562,ml,kg,0.00099000,1,Food Standards Australia New Zealand (FSANZ) - Specific gravities,https://www.foodstandards.gov.au/business/labelling/nutrition-panel-calculator/specific-gravities,FSANZ representative: dry white/red wine specific gravity 0.99 g/mL.,1,2026-10-03 00:00:00,2026-10-03 00:00:00
234,6587,L,kg,1.03000000,1,Food Standards Australia New Zealand (FSANZ) - Specific gravities,https://www.foodstandards.gov.au/business/labelling/nutrition-panel-calculator/specific-gravities,FSANZ: cow/sheep/goat fluid regular-fat milk specific gravity 1.03 g/mL.,1,2026-10-03 00:00:00,2026-10-03 00:00:00
235,6587,ml,kg,0.00103000,1,Food Standards Australia New Zealand (FSANZ) - Specific gravities,https://www.foodstandards.gov.au/business/labelling/nutrition-panel-calculator/specific-gravities,FSANZ: cow/sheep/goat fluid regular-fat milk specific gravity 1.03 g/mL.,1,2026-10-03 00:00:00,2026-10-03 00:00:00
236,6597,L,kg,1.00000000,1,Food Standards Australia New Zealand (FSANZ) - Specific gravities,https://www.foodstandards.gov.au/business/labelling/nutrition-panel-calculator/specific-gravities,FSANZ: red/white sparkling wine specific gravity 1.00 g/mL.,1,2026-10-03 00:00:00,2026-10-03 00:00:00
237,6597,ml,kg,0.00100000,1,Food Standards Australia New Zealand (FSANZ) - Specific gravities,https://www.foodstandards.gov.au/business/labelling/nutrition-panel-calculator/specific-gravities,FSANZ: red/white sparkling wine specific gravity 1.00 g/mL.,1,2026-10-03 00:00:00,2026-10-03 00:00:00
238,6598,L,kg,0.99000000,1,Food Standards Australia New Zealand (FSANZ) - Specific gravities,https://www.foodstandards.gov.au/business/labelling/nutrition-panel-calculator/specific-gravities,FSANZ: red wine specific gravity 0.99 g/mL.,1,2026-10-03 00:00:00,2026-10-03 00:00:00
239,6598,ml,kg,0.00099000,1,Food Standards Australia New Zealand (FSANZ) - Specific gravities,https://www.foodstandards.gov.au/business/labelling/nutrition-panel-calculator/specific-gravities,FSANZ: red wine specific gravity 0.99 g/mL.,1,2026-10-03 00:00:00,2026-10-03 00:00:00
240,6599,L,kg,1.00000000,1,Food Standards Australia New Zealand (FSANZ) - Specific gravities,https://www.foodstandards.gov.au/business/labelling/nutrition-panel-calculator/specific-gravities,FSANZ: rosé wine specific gravity 1.00 g/mL.,1,2026-10-03 00:00:00,2026-10-03 00:00:00
241,6599,ml,kg,0.00100000,1,Food Standards Australia New Zealand (FSANZ) - Specific gravities,https://www.foodstandards.gov.au/business/labelling/nutrition-panel-calculator/specific-gravities,FSANZ: rosé wine specific gravity 1.00 g/mL.,1,2026-10-03 00:00:00,2026-10-03 00:00:00
242,6600,L,kg,1.00000000,1,Food Standards Australia New Zealand (FSANZ) - Specific gravities,https://www.foodstandards.gov.au/business/labelling/nutrition-panel-calculator/specific-gravities,FSANZ: red/white sparkling wine specific gravity 1.00 g/mL.,1,2026-10-03 00:00:00,2026-10-03 00:00:00
243,6600,ml,kg,0.00100000,1,Food Standards Australia New Zealand (FSANZ) - Specific gravities,https://www.foodstandards.gov.au/business/labelling/nutrition-panel-calculator/specific-gravities,FSANZ: red/white sparkling wine specific gravity 1.00 g/mL.,1,2026-10-03 00:00:00,2026-10-03 00:00:00
244,6601,L,kg,1.00000000,1,Food Standards Australia New Zealand (FSANZ) - Specific gravities,https://www.foodstandards.gov.au/business/labelling/nutrition-panel-calculator/specific-gravities,FSANZ: red/white sparkling wine specific gravity 1.00 g/mL.,1,2026-10-03 00:00:00,2026-10-03 00:00:00
245,6601,ml,kg,0.00100000,1,Food Standards Australia New Zealand (FSANZ) - Specific gravities,https://www.foodstandards.gov.au/business/labelling/nutrition-panel-calculator/specific-gravities,FSANZ: red/white sparkling wine specific gravity 1.00 g/mL.,1,2026-10-03 00:00:00,2026-10-03 00:00:00
246,6832,L,kg,0.99000000,1,Food Standards Australia New Zealand (FSANZ) - Specific gravities,https://www.foodstandards.gov.au/business/labelling/nutrition-panel-calculator/specific-gravities,FSANZ representative: dry white/red wine specific gravity 0.99 g/mL.,1,2026-10-03 00:00:00,2026-10-03 00:00:00
247,6832,ml,kg,0.00099000,1,Food Standards Australia New Zealand (FSANZ) - Specific gravities,https://www.foodstandards.gov.au/business/labelling/nutrition-panel-calculator/specific-gravities,FSANZ representative: dry white/red wine specific gravity 0.99 g/mL.,1,2026-10-03 00:00:00,2026-10-03 00:00:00
248,6846,L,kg,0.99000000,1,Food Standards Australia New Zealand (FSANZ) - Specific gravities,https://www.foodstandards.gov.au/business/labelling/nutrition-panel-calculator/specific-gravities,FSANZ representative: dry white/red wine specific gravity 0.99 g/mL.,1,2026-10-03 00:00:00,2026-10-03 00:00:00
249,6846,ml,kg,0.00099000,1,Food Standards Australia New Zealand (FSANZ) - Specific gravities,https://www.foodstandards.gov.au/business/labelling/nutrition-panel-calculator/specific-gravities,FSANZ representative: dry white/red wine specific gravity 0.99 g/mL.,1,2026-10-03 00:00:00,2026-10-03 00:00:00
250,6920,L,kg,1.03000000,1,Food Standards Australia New Zealand (FSANZ) - Specific gravities,https://www.foodstandards.gov.au/business/labelling/nutrition-panel-calculator/specific-gravities,FSANZ: cow/sheep/goat fluid regular-fat milk specific gravity 1.03 g/mL.,1,2026-10-03 00:00:00,2026-10-03 00:00:00
251,6920,ml,kg,0.00103000,1,Food Standards Australia New Zealand (FSANZ) - Specific gravities,https://www.foodstandards.gov.au/business/labelling/nutrition-panel-calculator/specific-gravities,FSANZ: cow/sheep/goat fluid regular-fat milk specific gravity 1.03 g/mL.,1,2026-10-03 00:00:00,2026-10-03 00:00:00
252,6984,L,kg,1.03000000,1,Food Standards Australia New Zealand (FSANZ) - Specific gravities,https://www.foodstandards.gov.au/business/labelling/nutrition-panel-calculator/specific-gravities,FSANZ: cow/sheep/goat fluid regular-fat milk specific gravity 1.03 g/mL.,1,2026-10-03 00:00:00,2026-10-03 00:00:00
253,6984,ml,kg,0.00103000,1,Food Standards Australia New Zealand (FSANZ) - Specific gravities,https://www.foodstandards.gov.au/business/labelling/nutrition-panel-calculator/specific-gravities,FSANZ: cow/sheep/goat fluid regular-fat milk specific gravity 1.03 g/mL.,1,2026-10-03 00:00:00,2026-10-03 00:00:00
254,6987,L,kg,1.03000000,1,Food Standards Australia New Zealand (FSANZ) - Specific gravities,https://www.foodstandards.gov.au/business/labelling/nutrition-panel-calculator/specific-gravities,FSANZ: cow/sheep/goat fluid regular-fat milk specific gravity 1.03 g/mL.,1,2026-10-03 00:00:00,2026-10-03 00:00:00
255,6987,ml,kg,0.00103000,1,Food Standards Australia New Zealand (FSANZ) - Specific gravities,https://www.foodstandards.gov.au/business/labelling/nutrition-panel-calculator/specific-gravities,FSANZ: cow/sheep/goat fluid regular-fat milk specific gravity 1.03 g/mL.,1,2026-10-03 00:00:00,2026-10-03 00:00:00
256,7088,L,kg,1.03000000,1,Food Standards Australia New Zealand (FSANZ) - Specific gravities,https://www.foodstandards.gov.au/business/labelling/nutrition-panel-calculator/specific-gravities,FSANZ: cow/sheep/goat fluid regular-fat milk specific gravity 1.03 g/mL.,1,2026-10-03 00:00:00,2026-10-03 00:00:00
257,7088,ml,kg,0.00103000,1,Food Standards Australia New Zealand (FSANZ) - Specific gravities,https://www.foodstandards.gov.au/business/labelling/nutrition-panel-calculator/specific-gravities,FSANZ: cow/sheep/goat fluid regular-fat milk specific gravity 1.03 g/mL.,1,2026-10-03 00:00:00,2026-10-03 00:00:00
258,7091,L,kg,1.03000000,1,Food Standards Australia New Zealand (FSANZ) - Specific gravities,https://www.foodstandards.gov.au/business/labelling/nutrition-panel-calculator/specific-gravities,FSANZ: cow/sheep/goat fluid regular-fat milk specific gravity 1.03 g/mL.,1,2026-10-03 00:00:00,2026-10-03 00:00:00
259,7091,ml,kg,0.00103000,1,Food Standards Australia New Zealand (FSANZ) - Specific gravities,https://www.foodstandards.gov.au/business/labelling/nutrition-panel-calculator/specific-gravities,FSANZ: cow/sheep/goat fluid regular-fat milk specific gravity 1.03 g/mL.,1,2026-10-03 00:00:00,2026-10-03 00:00:00
260,7092,L,kg,1.03000000,1,Food Standards Australia New Zealand (FSANZ) - Specific gravities,https://www.foodstandards.gov.au/business/labelling/nutrition-panel-calculator/specific-gravities,FSANZ: cow/sheep/goat fluid regular-fat milk specific gravity 1.03 g/mL.,1,2026-10-03 00:00:00,2026-10-03 00:00:00
261,7092,ml,kg,0.00103000,1,Food Standards Australia New Zealand (FSANZ) - Specific gravities,https://www.foodstandards.gov.au/business/labelling/nutrition-panel-calculator/specific-gravities,FSANZ: cow/sheep/goat fluid regular-fat milk specific gravity 1.03 g/mL.,1,2026-10-03 00:00:00,2026-10-03 00:00:00
262,7095,L,kg,1.04000000,1,Food Standards Australia New Zealand (FSANZ) - Specific gravities,https://www.foodstandards.gov.au/business/labelling/nutrition-panel-calculator/specific-gravities,FSANZ: cow fluid reduced-fat or skim milk specific gravity 1.04 g/mL.,1,2026-10-03 00:00:00,2026-10-03 00:00:00
263,7095,ml,kg,0.00104000,1,Food Standards Australia New Zealand (FSANZ) - Specific gravities,https://www.foodstandards.gov.au/business/labelling/nutrition-panel-calculator/specific-gravities,FSANZ: cow fluid reduced-fat or skim milk specific gravity 1.04 g/mL.,1,2026-10-03 00:00:00,2026-10-03 00:00:00
264,7160,L,kg,0.99000000,1,Food Standards Australia New Zealand (FSANZ) - Specific gravities,https://www.foodstandards.gov.au/business/labelling/nutrition-panel-calculator/specific-gravities,FSANZ representative: dry white/red wine specific gravity 0.99 g/mL.,1,2026-10-03 00:00:00,2026-10-03 00:00:00
265,7160,ml,kg,0.00099000,1,Food Standards Australia New Zealand (FSANZ) - Specific gravities,https://www.foodstandards.gov.au/business/labelling/nutrition-panel-calculator/specific-gravities,FSANZ representative: dry white/red wine specific gravity 0.99 g/mL.,1,2026-10-03 00:00:00,2026-10-03 00:00:00
266,7231,L,kg,0.99000000,1,Food Standards Australia New Zealand (FSANZ) - Specific gravities,https://www.foodstandards.gov.au/business/labelling/nutrition-panel-calculator/specific-gravities,FSANZ representative: dry white/red wine specific gravity 0.99 g/mL.,1,2026-10-03 00:00:00,2026-10-03 00:00:00
267,7231,ml,kg,0.00099000,1,Food Standards Australia New Zealand (FSANZ) - Specific gravities,https://www.foodstandards.gov.au/business/labelling/nutrition-panel-calculator/specific-gravities,FSANZ representative: dry white/red wine specific gravity 0.99 g/mL.,1,2026-10-03 00:00:00,2026-10-03 00:00:00
268,7370,L,kg,0.99000000,1,Food Standards Australia New Zealand (FSANZ) - Specific gravities,https://www.foodstandards.gov.au/business/labelling/nutrition-panel-calculator/specific-gravities,FSANZ representative: dry white/red wine specific gravity 0.99 g/mL.,1,2026-10-03 00:00:00,2026-10-03 00:00:00
269,7370,ml,kg,0.00099000,1,Food Standards Australia New Zealand (FSANZ) - Specific gravities,https://www.foodstandards.gov.au/business/labelling/nutrition-panel-calculator/specific-gravities,FSANZ representative: dry white/red wine specific gravity 0.99 g/mL.,1,2026-10-03 00:00:00,2026-10-03 00:00:00
270,7461,L,kg,0.99000000,1,Food Standards Australia New Zealand (FSANZ) - Specific gravities,https://www.foodstandards.gov.au/business/labelling/nutrition-panel-calculator/specific-gravities,FSANZ: red wine specific gravity 0.99 g/mL.,1,2026-10-03 00:00:00,2026-10-03 00:00:00
271,7461,ml,kg,0.00099000,1,Food Standards Australia New Zealand (FSANZ) - Specific gravities,https://www.foodstandards.gov.au/business/labelling/nutrition-panel-calculator/specific-gravities,FSANZ: red wine specific gravity 0.99 g/mL.,1,2026-10-03 00:00:00,2026-10-03 00:00:00
272,7472,L,kg,0.99000000,1,Food Standards Australia New Zealand (FSANZ) - Specific gravities,https://www.foodstandards.gov.au/business/labelling/nutrition-panel-calculator/specific-gravities,FSANZ representative: dry white/red wine specific gravity 0.99 g/mL.,1,2026-10-03 00:00:00,2026-10-03 00:00:00
273,7472,ml,kg,0.00099000,1,Food Standards Australia New Zealand (FSANZ) - Specific gravities,https://www.foodstandards.gov.au/business/labelling/nutrition-panel-calculator/specific-gravities,FSANZ representative: dry white/red wine specific gravity 0.99 g/mL.,1,2026-10-03 00:00:00,2026-10-03 00:00:00
274,7495,L,kg,1.03000000,1,Food Standards Australia New Zealand (FSANZ) - Specific gravities,https://www.foodstandards.gov.au/business/labelling/nutrition-panel-calculator/specific-gravities,FSANZ: cow/sheep/goat fluid regular-fat milk specific gravity 1.03 g/mL.,1,2026-10-03 00:00:00,2026-10-03 00:00:00
275,7495,ml,kg,0.00103000,1,Food Standards Australia New Zealand (FSANZ) - Specific gravities,https://www.foodstandards.gov.au/business/labelling/nutrition-panel-calculator/specific-gravities,FSANZ: cow/sheep/goat fluid regular-fat milk specific gravity 1.03 g/mL.,1,2026-10-03 00:00:00,2026-10-03 00:00:00
276,7496,L,kg,1.03000000,1,Food Standards Australia New Zealand (FSANZ) - Specific gravities,https://www.foodstandards.gov.au/business/labelling/nutrition-panel-calculator/specific-gravities,FSANZ: cow/sheep/goat fluid regular-fat milk specific gravity 1.03 g/mL.,1,2026-10-03 00:00:00,2026-10-03 00:00:00
277,7496,ml,kg,0.00103000,1,Food Standards Australia New Zealand (FSANZ) - Specific gravities,https://www.foodstandards.gov.au/business/labelling/nutrition-panel-calculator/specific-gravities,FSANZ: cow/sheep/goat fluid regular-fat milk specific gravity 1.03 g/mL.,1,2026-10-03 00:00:00,2026-10-03 00:00:00
278,7498,L,kg,1.03000000,1,Food Standards Australia New Zealand (FSANZ) - Specific gravities,https://www.foodstandards.gov.au/business/labelling/nutrition-panel-calculator/specific-gravities,FSANZ: cow/sheep/goat fluid regular-fat milk specific gravity 1.03 g/mL.,1,2026-10-03 00:00:00,2026-10-03 00:00:00
279,7498,ml,kg,0.00103000,1,Food Standards Australia New Zealand (FSANZ) - Specific gravities,https://www.foodstandards.gov.au/business/labelling/nutrition-panel-calculator/specific-gravities,FSANZ: cow/sheep/goat fluid regular-fat milk specific gravity 1.03 g/mL.,1,2026-10-03 00:00:00,2026-10-03 00:00:00
280,7500,L,kg,1.03000000,1,Food Standards Australia New Zealand (FSANZ) - Specific gravities,https://www.foodstandards.gov.au/business/labelling/nutrition-panel-calculator/specific-gravities,FSANZ: cow/sheep/goat fluid regular-fat milk specific gravity 1.03 g/mL.,1,2026-10-03 00:00:00,2026-10-03 00:00:00
281,7500,ml,kg,0.00103000,1,Food Standards Australia New Zealand (FSANZ) - Specific gravities,https://www.foodstandards.gov.au/business/labelling/nutrition-panel-calculator/specific-gravities,FSANZ: cow/sheep/goat fluid regular-fat milk specific gravity 1.03 g/mL.,1,2026-10-03 00:00:00,2026-10-03 00:00:00
282,7502,L,kg,1.03000000,1,Food Standards Australia New Zealand (FSANZ) - Specific gravities,https://www.foodstandards.gov.au/business/labelling/nutrition-panel-calculator/specific-gravities,FSANZ: cow/sheep/goat fluid regular-fat milk specific gravity 1.03 g/mL.,1,2026-10-03 00:00:00,2026-10-03 00:00:00
283,7502,ml,kg,0.00103000,1,Food Standards Australia New Zealand (FSANZ) - Specific gravities,https://www.foodstandards.gov.au/business/labelling/nutrition-panel-calculator/specific-gravities,FSANZ: cow/sheep/goat fluid regular-fat milk specific gravity 1.03 g/mL.,1,2026-10-03 00:00:00,2026-10-03 00:00:00
284,7510,L,kg,1.03000000,1,Food Standards Australia New Zealand (FSANZ) - Specific gravities,https://www.foodstandards.gov.au/business/labelling/nutrition-panel-calculator/specific-gravities,FSANZ: cow/sheep/goat fluid regular-fat milk specific gravity 1.03 g/mL.,1,2026-10-03 00:00:00,2026-10-03 00:00:00
285,7510,ml,kg,0.00103000,1,Food Standards Australia New Zealand (FSANZ) - Specific gravities,https://www.foodstandards.gov.au/business/labelling/nutrition-panel-calculator/specific-gravities,FSANZ: cow/sheep/goat fluid regular-fat milk specific gravity 1.03 g/mL.,1,2026-10-03 00:00:00,2026-10-03 00:00:00
286,7547,L,kg,0.99000000,1,Food Standards Australia New Zealand (FSANZ) - Specific gravities,https://www.foodstandards.gov.au/business/labelling/nutrition-panel-calculator/specific-gravities,FSANZ representative: dry white/red wine specific gravity 0.99 g/mL.,1,2026-10-03 00:00:00,2026-10-03 00:00:00
287,7547,ml,kg,0.00099000,1,Food Standards Australia New Zealand (FSANZ) - Specific gravities,https://www.foodstandards.gov.au/business/labelling/nutrition-panel-calculator/specific-gravities,FSANZ representative: dry white/red wine specific gravity 0.99 g/mL.,1,2026-10-03 00:00:00,2026-10-03 00:00:00
288,7548,L,kg,0.99000000,1,Food Standards Australia New Zealand (FSANZ) - Specific gravities,https://www.foodstandards.gov.au/business/labelling/nutrition-panel-calculator/specific-gravities,FSANZ representative: dry white/red wine specific gravity 0.99 g/mL.,1,2026-10-03 00:00:00,2026-10-03 00:00:00
289,7548,ml,kg,0.00099000,1,Food Standards Australia New Zealand (FSANZ) - Specific gravities,https://www.foodstandards.gov.au/business/labelling/nutrition-panel-calculator/specific-gravities,FSANZ representative: dry white/red wine specific gravity 0.99 g/mL.,1,2026-10-03 00:00:00,2026-10-03 00:00:00
290,7549,L,kg,0.99000000,1,Food Standards Australia New Zealand (FSANZ) - Specific gravities,https://www.foodstandards.gov.au/business/labelling/nutrition-panel-calculator/specific-gravities,FSANZ representative: dry white/red wine specific gravity 0.99 g/mL.,1,2026-10-03 00:00:00,2026-10-03 00:00:00
291,7549,ml,kg,0.00099000,1,Food Standards Australia New Zealand (FSANZ) - Specific gravities,https://www.foodstandards.gov.au/business/labelling/nutrition-panel-calculator/specific-gravities,FSANZ representative: dry white/red wine specific gravity 0.99 g/mL.,1,2026-10-03 00:00:00,2026-10-03 00:00:00
292,7555,L,kg,0.99000000,1,Food Standards Australia New Zealand (FSANZ) - Specific gravities,https://www.foodstandards.gov.au/business/labelling/nutrition-panel-calculator/specific-gravities,FSANZ representative: dry white/red wine specific gravity 0.99 g/mL.,1,2026-10-03 00:00:00,2026-10-03 00:00:00
293,7555,ml,kg,0.00099000,1,Food Standards Australia New Zealand (FSANZ) - Specific gravities,https://www.foodstandards.gov.au/business/labelling/nutrition-panel-calculator/specific-gravities,FSANZ representative: dry white/red wine specific gravity 0.99 g/mL.,1,2026-10-03 00:00:00,2026-10-03 00:00:00
294,7556,L,kg,0.99000000,1,Food Standards Australia New Zealand (FSANZ) - Specific gravities,https://www.foodstandards.gov.au/business/labelling/nutrition-panel-calculator/specific-gravities,FSANZ representative: dry white/red wine specific gravity 0.99 g/mL.,1,2026-10-03 00:00:00,2026-10-03 00:00:00
295,7556,ml,kg,0.00099000,1,Food Standards Australia New Zealand (FSANZ) - Specific gravities,https://www.foodstandards.gov.au/business/labelling/nutrition-panel-calculator/specific-gravities,FSANZ representative: dry white/red wine specific gravity 0.99 g/mL.,1,2026-10-03 00:00:00,2026-10-03 00:00:00
296,7557,L,kg,0.99000000,1,Food Standards Australia New Zealand (FSANZ) - Specific gravities,https://www.foodstandards.gov.au/business/labelling/nutrition-panel-calculator/specific-gravities,FSANZ representative: dry white/red wine specific gravity 0.99 g/mL.,1,2026-10-03 00:00:00,2026-10-03 00:00:00
297,7557,ml,kg,0.00099000,1,Food Standards Australia New Zealand (FSANZ) - Specific gravities,https://www.foodstandards.gov.au/business/labelling/nutrition-panel-calculator/specific-gravities,FSANZ representative: dry white/red wine specific gravity 0.99 g/mL.,1,2026-10-03 00:00:00,2026-10-03 00:00:00
298,7558,L,kg,0.99000000,1,Food Standards Australia New Zealand (FSANZ) - Specific gravities,https://www.foodstandards.gov.au/business/labelling/nutrition-panel-calculator/specific-gravities,FSANZ representative: dry white/red wine specific gravity 0.99 g/mL.,1,2026-10-03 00:00:00,2026-10-03 00:00:00
299,7558,ml,kg,0.00099000,1,Food Standards Australia New Zealand (FSANZ) - Specific gravities,https://www.foodstandards.gov.au/business/labelling/nutrition-panel-calculator/specific-gravities,FSANZ representative: dry white/red wine specific gravity 0.99 g/mL.,1,2026-10-03 00:00:00,2026-10-03 00:00:00
300,7559,L,kg,0.99000000,1,Food Standards Australia New Zealand (FSANZ) - Specific gravities,https://www.foodstandards.gov.au/business/labelling/nutrition-panel-calculator/specific-gravities,FSANZ representative: dry white/red wine specific gravity 0.99 g/mL.,1,2026-10-03 00:00:00,2026-10-03 00:00:00
301,7559,ml,kg,0.00099000,1,Food Standards Australia New Zealand (FSANZ) - Specific gravities,https://www.foodstandards.gov.au/business/labelling/nutrition-panel-calculator/specific-gravities,FSANZ representative: dry white/red wine specific gravity 0.99 g/mL.,1,2026-10-03 00:00:00,2026-10-03 00:00:00
302,7560,L,kg,0.99000000,1,Food Standards Australia New Zealand (FSANZ) - Specific gravities,https://www.foodstandards.gov.au/business/labelling/nutrition-panel-calculator/specific-gravities,FSANZ representative: dry white/red wine specific gravity 0.99 g/mL.,1,2026-10-03 00:00:00,2026-10-03 00:00:00
303,7560,ml,kg,0.00099000,1,Food Standards Australia New Zealand (FSANZ) - Specific gravities,https://www.foodstandards.gov.au/business/labelling/nutrition-panel-calculator/specific-gravities,FSANZ representative: dry white/red wine specific gravity 0.99 g/mL.,1,2026-10-03 00:00:00,2026-10-03 00:00:00
304,7561,L,kg,0.99000000,1,Food Standards Australia New Zealand (FSANZ) - Specific gravities,https://www.foodstandards.gov.au/business/labelling/nutrition-panel-calculator/specific-gravities,FSANZ representative: dry white/red wine specific gravity 0.99 g/mL.,1,2026-10-03 00:00:00,2026-10-03 00:00:00
305,7561,ml,kg,0.00099000,1,Food Standards Australia New Zealand (FSANZ) - Specific gravities,https://www.foodstandards.gov.au/business/labelling/nutrition-panel-calculator/specific-gravities,FSANZ representative: dry white/red wine specific gravity 0.99 g/mL.,1,2026-10-03 00:00:00,2026-10-03 00:00:00
306,7562,L,kg,0.99000000,1,Food Standards Australia New Zealand (FSANZ) - Specific gravities,https://www.foodstandards.gov.au/business/labelling/nutrition-panel-calculator/specific-gravities,FSANZ representative: dry white/red wine specific gravity 0.99 g/mL.,1,2026-10-03 00:00:00,2026-10-03 00:00:00
307,7562,ml,kg,0.00099000,1,Food Standards Australia New Zealand (FSANZ) - Specific gravities,https://www.foodstandards.gov.au/business/labelling/nutrition-panel-calculator/specific-gravities,FSANZ representative: dry white/red wine specific gravity 0.99 g/mL.,1,2026-10-03 00:00:00,2026-10-03 00:00:00
308,7563,L,kg,0.99000000,1,Food Standards Australia New Zealand (FSANZ) - Specific gravities,https://www.foodstandards.gov.au/business/labelling/nutrition-panel-calculator/specific-gravities,FSANZ representative: dry white/red wine specific gravity 0.99 g/mL.,1,2026-10-03 00:00:00,2026-10-03 00:00:00
309,7563,ml,kg,0.00099000,1,Food Standards Australia New Zealand (FSANZ) - Specific gravities,https://www.foodstandards.gov.au/business/labelling/nutrition-panel-calculator/specific-gravities,FSANZ representative: dry white/red wine specific gravity 0.99 g/mL.,1,2026-10-03 00:00:00,2026-10-03 00:00:00
310,7564,L,kg,0.99000000,1,Food Standards Australia New Zealand (FSANZ) - Specific gravities,https://www.foodstandards.gov.au/business/labelling/nutrition-panel-calculator/specific-gravities,FSANZ representative: dry white/red wine specific gravity 0.99 g/mL.,1,2026-10-03 00:00:00,2026-10-03 00:00:00
311,7564,ml,kg,0.00099000,1,Food Standards Australia New Zealand (FSANZ) - Specific gravities,https://www.foodstandards.gov.au/business/labelling/nutrition-panel-calculator/specific-gravities,FSANZ representative: dry white/red wine specific gravity 0.99 g/mL.,1,2026-10-03 00:00:00,2026-10-03 00:00:00
312,7565,L,kg,0.99000000,1,Food Standards Australia New Zealand (FSANZ) - Specific gravities,https://www.foodstandards.gov.au/business/labelling/nutrition-panel-calculator/specific-gravities,FSANZ representative: dry white/red wine specific gravity 0.99 g/mL.,1,2026-10-03 00:00:00,2026-10-03 00:00:00
313,7565,ml,kg,0.00099000,1,Food Standards Australia New Zealand (FSANZ) - Specific gravities,https://www.foodstandards.gov.au/business/labelling/nutrition-panel-calculator/specific-gravities,FSANZ representative: dry white/red wine specific gravity 0.99 g/mL.,1,2026-10-03 00:00:00,2026-10-03 00:00:00
314,7566,L,kg,0.99000000,1,Food Standards Australia New Zealand (FSANZ) - Specific gravities,https://www.foodstandards.gov.au/business/labelling/nutrition-panel-calculator/specific-gravities,FSANZ representative: dry white/red wine specific gravity 0.99 g/mL.,1,2026-10-03 00:00:00,2026-10-03 00:00:00
315,7566,ml,kg,0.00099000,1,Food Standards Australia New Zealand (FSANZ) - Specific gravities,https://www.foodstandards.gov.au/business/labelling/nutrition-panel-calculator/specific-gravities,FSANZ representative: dry white/red wine specific gravity 0.99 g/mL.,1,2026-10-03 00:00:00,2026-10-03 00:00:00
316,7567,L,kg,0.99000000,1,Food Standards Australia New Zealand (FSANZ) - Specific gravities,https://www.foodstandards.gov.au/business/labelling/nutrition-panel-calculator/specific-gravities,FSANZ representative: dry white/red wine specific gravity 0.99 g/mL.,1,2026-10-03 00:00:00,2026-10-03 00:00:00
317,7567,ml,kg,0.00099000,1,Food Standards Australia New Zealand (FSANZ) - Specific gravities,https://www.foodstandards.gov.au/business/labelling/nutrition-panel-calculator/specific-gravities,FSANZ representative: dry white/red wine specific gravity 0.99 g/mL.,1,2026-10-03 00:00:00,2026-10-03 00:00:00
318,7568,L,kg,0.99000000,1,Food Standards Australia New Zealand (FSANZ) - Specific gravities,https://www.foodstandards.gov.au/business/labelling/nutrition-panel-calculator/specific-gravities,FSANZ representative: dry white/red wine specific gravity 0.99 g/mL.,1,2026-10-03 00:00:00,2026-10-03 00:00:00
319,7568,ml,kg,0.00099000,1,Food Standards Australia New Zealand (FSANZ) - Specific gravities,https://www.foodstandards.gov.au/business/labelling/nutrition-panel-calculator/specific-gravities,FSANZ representative: dry white/red wine specific gravity 0.99 g/mL.,1,2026-10-03 00:00:00,2026-10-03 00:00:00
320,7569,L,kg,0.99000000,1,Food Standards Australia New Zealand (FSANZ) - Specific gravities,https://www.foodstandards.gov.au/business/labelling/nutrition-panel-calculator/specific-gravities,FSANZ representative: dry white/red wine specific gravity 0.99 g/mL.,1,2026-10-03 00:00:00,2026-10-03 00:00:00
321,7569,ml,kg,0.00099000,1,Food Standards Australia New Zealand (FSANZ) - Specific gravities,https://www.foodstandards.gov.au/business/labelling/nutrition-panel-calculator/specific-gravities,FSANZ representative: dry white/red wine specific gravity 0.99 g/mL.,1,2026-10-03 00:00:00,2026-10-03 00:00:00
322,7570,L,kg,0.99000000,1,Food Standards Australia New Zealand (FSANZ) - Specific gravities,https://www.foodstandards.gov.au/business/labelling/nutrition-panel-calculator/specific-gravities,FSANZ representative: dry white/red wine specific gravity 0.99 g/mL.,1,2026-10-03 00:00:00,2026-10-03 00:00:00
323,7570,ml,kg,0.00099000,1,Food Standards Australia New Zealand (FSANZ) - Specific gravities,https://www.foodstandards.gov.au/business/labelling/nutrition-panel-calculator/specific-gravities,FSANZ representative: dry white/red wine specific gravity 0.99 g/mL.,1,2026-10-03 00:00:00,2026-10-03 00:00:00
324,7571,L,kg,0.99000000,1,Food Standards Australia New Zealand (FSANZ) - Specific gravities,https://www.foodstandards.gov.au/business/labelling/nutrition-panel-calculator/specific-gravities,FSANZ representative: dry white/red wine specific gravity 0.99 g/mL.,1,2026-10-03 00:00:00,2026-10-03 00:00:00
325,7571,ml,kg,0.00099000,1,Food Standards Australia New Zealand (FSANZ) - Specific gravities,https://www.foodstandards.gov.au/business/labelling/nutrition-panel-calculator/specific-gravities,FSANZ representative: dry white/red wine specific gravity 0.99 g/mL.,1,2026-10-03 00:00:00,2026-10-03 00:00:00
326,7572,L,kg,0.99000000,1,Food Standards Australia New Zealand (FSANZ) - Specific gravities,https://www.foodstandards.gov.au/business/labelling/nutrition-panel-calculator/specific-gravities,FSANZ representative: dry white/red wine specific gravity 0.99 g/mL.,1,2026-10-03 00:00:00,2026-10-03 00:00:00
327,7572,ml,kg,0.00099000,1,Food Standards Australia New Zealand (FSANZ) - Specific gravities,https://www.foodstandards.gov.au/business/labelling/nutrition-panel-calculator/specific-gravities,FSANZ representative: dry white/red wine specific gravity 0.99 g/mL.,1,2026-10-03 00:00:00,2026-10-03 00:00:00
328,7573,L,kg,0.99000000,1,Food Standards Australia New Zealand (FSANZ) - Specific gravities,https://www.foodstandards.gov.au/business/labelling/nutrition-panel-calculator/specific-gravities,FSANZ representative: dry white/red wine specific gravity 0.99 g/mL.,1,2026-10-03 00:00:00,2026-10-03 00:00:00
329,7573,ml,kg,0.00099000,1,Food Standards Australia New Zealand (FSANZ) - Specific gravities,https://www.foodstandards.gov.au/business/labelling/nutrition-panel-calculator/specific-gravities,FSANZ representative: dry white/red wine specific gravity 0.99 g/mL.,1,2026-10-03 00:00:00,2026-10-03 00:00:00
330,7574,L,kg,0.99000000,1,Food Standards Australia New Zealand (FSANZ) - Specific gravities,https://www.foodstandards.gov.au/business/labelling/nutrition-panel-calculator/specific-gravities,FSANZ representative: dry white/red wine specific gravity 0.99 g/mL.,1,2026-10-03 00:00:00,2026-10-03 00:00:00
331,7574,ml,kg,0.00099000,1,Food Standards Australia New Zealand (FSANZ) - Specific gravities,https://www.foodstandards.gov.au/business/labelling/nutrition-panel-calculator/specific-gravities,FSANZ representative: dry white/red wine specific gravity 0.99 g/mL.,1,2026-10-03 00:00:00,2026-10-03 00:00:00
332,7575,L,kg,0.99000000,1,Food Standards Australia New Zealand (FSANZ) - Specific gravities,https://www.foodstandards.gov.au/business/labelling/nutrition-panel-calculator/specific-gravities,FSANZ representative: dry white/red wine specific gravity 0.99 g/mL.,1,2026-10-03 00:00:00,2026-10-03 00:00:00
333,7575,ml,kg,0.00099000,1,Food Standards Australia New Zealand (FSANZ) - Specific gravities,https://www.foodstandards.gov.au/business/labelling/nutrition-panel-calculator/specific-gravities,FSANZ representative: dry white/red wine specific gravity 0.99 g/mL.,1,2026-10-03 00:00:00,2026-10-03 00:00:00
334,7576,L,kg,0.99000000,1,Food Standards Australia New Zealand (FSANZ) - Specific gravities,https://www.foodstandards.gov.au/business/labelling/nutrition-panel-calculator/specific-gravities,FSANZ representative: dry white/red wine specific gravity 0.99 g/mL.,1,2026-10-03 00:00:00,2026-10-03 00:00:00
335,7576,ml,kg,0.00099000,1,Food Standards Australia New Zealand (FSANZ) - Specific gravities,https://www.foodstandards.gov.au/business/labelling/nutrition-panel-calculator/specific-gravities,FSANZ representative: dry white/red wine specific gravity 0.99 g/mL.,1,2026-10-03 00:00:00,2026-10-03 00:00:00
336,7577,L,kg,0.99000000,1,Food Standards Australia New Zealand (FSANZ) - Specific gravities,https://www.foodstandards.gov.au/business/labelling/nutrition-panel-calculator/specific-gravities,FSANZ representative: dry white/red wine specific gravity 0.99 g/mL.,1,2026-10-03 00:00:00,2026-10-03 00:00:00
337,7577,ml,kg,0.00099000,1,Food Standards Australia New Zealand (FSANZ) - Specific gravities,https://www.foodstandards.gov.au/business/labelling/nutrition-panel-calculator/specific-gravities,FSANZ representative: dry white/red wine specific gravity 0.99 g/mL.,1,2026-10-03 00:00:00,2026-10-03 00:00:00
338,7578,L,kg,0.99000000,1,Food Standards Australia New Zealand (FSANZ) - Specific gravities,https://www.foodstandards.gov.au/business/labelling/nutrition-panel-calculator/specific-gravities,FSANZ representative: dry white/red wine specific gravity 0.99 g/mL.,1,2026-10-03 00:00:00,2026-10-03 00:00:00
339,7578,ml,kg,0.00099000,1,Food Standards Australia New Zealand (FSANZ) - Specific gravities,https://www.foodstandards.gov.au/business/labelling/nutrition-panel-calculator/specific-gravities,FSANZ representative: dry white/red wine specific gravity 0.99 g/mL.,1,2026-10-03 00:00:00,2026-10-03 00:00:00
340,7579,L,kg,0.99000000,1,Food Standards Australia New Zealand (FSANZ) - Specific gravities,https://www.foodstandards.gov.au/business/labelling/nutrition-panel-calculator/specific-gravities,FSANZ representative: dry white/red wine specific gravity 0.99 g/mL.,1,2026-10-03 00:00:00,2026-10-03 00:00:00
341,7579,ml,kg,0.00099000,1,Food Standards Australia New Zealand (FSANZ) - Specific gravities,https://www.foodstandards.gov.au/business/labelling/nutrition-panel-calculator/specific-gravities,FSANZ representative: dry white/red wine specific gravity 0.99 g/mL.,1,2026-10-03 00:00:00,2026-10-03 00:00:00
342,7580,L,kg,0.99000000,1,Food Standards Australia New Zealand (FSANZ) - Specific gravities,https://www.foodstandards.gov.au/business/labelling/nutrition-panel-calculator/specific-gravities,FSANZ representative: dry white/red wine specific gravity 0.99 g/mL.,1,2026-10-03 00:00:00,2026-10-03 00:00:00
343,7580,ml,kg,0.00099000,1,Food Standards Australia New Zealand (FSANZ) - Specific gravities,https://www.foodstandards.gov.au/business/labelling/nutrition-panel-calculator/specific-gravities,FSANZ representative: dry white/red wine specific gravity 0.99 g/mL.,1,2026-10-03 00:00:00,2026-10-03 00:00:00
344,7581,L,kg,0.99000000,1,Food Standards Australia New Zealand (FSANZ) - Specific gravities,https://www.foodstandards.gov.au/business/labelling/nutrition-panel-calculator/specific-gravities,FSANZ representative: dry white/red wine specific gravity 0.99 g/mL.,1,2026-10-03 00:00:00,2026-10-03 00:00:00
345,7581,ml,kg,0.00099000,1,Food Standards Australia New Zealand (FSANZ) - Specific gravities,https://www.foodstandards.gov.au/business/labelling/nutrition-panel-calculator/specific-gravities,FSANZ representative: dry white/red wine specific gravity 0.99 g/mL.,1,2026-10-03 00:00:00,2026-10-03 00:00:00
346,7582,L,kg,0.99000000,1,Food Standards Australia New Zealand (FSANZ) - Specific gravities,https://www.foodstandards.gov.au/business/labelling/nutrition-panel-calculator/specific-gravities,FSANZ representative: dry white/red wine specific gravity 0.99 g/mL.,1,2026-10-03 00:00:00,2026-10-03 00:00:00
347,7582,ml,kg,0.00099000,1,Food Standards Australia New Zealand (FSANZ) - Specific gravities,https://www.foodstandards.gov.au/business/labelling/nutrition-panel-calculator/specific-gravities,FSANZ representative: dry white/red wine specific gravity 0.99 g/mL.,1,2026-10-03 00:00:00,2026-10-03 00:00:00
348,7583,L,kg,0.99000000,1,Food Standards Australia New Zealand (FSANZ) - Specific gravities,https://www.foodstandards.gov.au/business/labelling/nutrition-panel-calculator/specific-gravities,FSANZ representative: dry white/red wine specific gravity 0.99 g/mL.,1,2026-10-03 00:00:00,2026-10-03 00:00:00
349,7583,ml,kg,0.00099000,1,Food Standards Australia New Zealand (FSANZ) - Specific gravities,https://www.foodstandards.gov.au/business/labelling/nutrition-panel-calculator/specific-gravities,FSANZ representative: dry white/red wine specific gravity 0.99 g/mL.,1,2026-10-03 00:00:00,2026-10-03 00:00:00
350,7819,L,kg,1.04000000,1,Food Standards Australia New Zealand (FSANZ) - Specific gravities,https://www.foodstandards.gov.au/business/labelling/nutrition-panel-calculator/specific-gravities,FSANZ: soy beverage specific gravity 1.04 g/mL.,1,2026-10-03 00:00:00,2026-10-03 00:00:00
351,7819,ml,kg,0.00104000,1,Food Standards Australia New Zealand (FSANZ) - Specific gravities,https://www.foodstandards.gov.au/business/labelling/nutrition-panel-calculator/specific-gravities,FSANZ: soy beverage specific gravity 1.04 g/mL.,1,2026-10-03 00:00:00,2026-10-03 00:00:00
352,7852,L,kg,1.03000000,1,Food Standards Australia New Zealand (FSANZ) - Specific gravities,https://www.foodstandards.gov.au/business/labelling/nutrition-panel-calculator/specific-gravities,FSANZ: cow/sheep/goat fluid regular-fat milk specific gravity 1.03 g/mL.,1,2026-10-03 00:00:00,2026-10-03 00:00:00
353,7852,ml,kg,0.00103000,1,Food Standards Australia New Zealand (FSANZ) - Specific gravities,https://www.foodstandards.gov.au/business/labelling/nutrition-panel-calculator/specific-gravities,FSANZ: cow/sheep/goat fluid regular-fat milk specific gravity 1.03 g/mL.,1,2026-10-03 00:00:00,2026-10-03 00:00:00
354,7674,pcs,kg,0.06745000,1,Malaysia PriceCatcher item description,https://storage.data.gov.my/pricecatcher/lookup_item.csv,Item states 65.0-69.9 g per egg; midpoint used.,1,2026-10-03 00:00:00,2026-10-03 00:00:00
355,7675,pcs,kg,0.06245000,1,Malaysia PriceCatcher item description,https://storage.data.gov.my/pricecatcher/lookup_item.csv,Item states 60.0-64.9 g per egg; midpoint used.,1,2026-10-03 00:00:00,2026-10-03 00:00:00
356,7676,pcs,kg,0.05745000,1,Malaysia PriceCatcher item description,https://storage.data.gov.my/pricecatcher/lookup_item.csv,Item states 55.0-59.9 g per egg; midpoint used.,1,2026-10-03 00:00:00,2026-10-03 00:00:00
357,7726,pcs,kg,0.06745000,1,Malaysia PriceCatcher item description,https://storage.data.gov.my/pricecatcher/lookup_item.csv,Item states 65.0-69.9 g per egg; midpoint used.,1,2026-10-03 00:00:00,2026-10-03 00:00:00
358,7727,pcs,kg,0.06245000,1,Malaysia PriceCatcher item description,https://storage.data.gov.my/pricecatcher/lookup_item.csv,Item states 60.0-64.9 g per egg; midpoint used.,1,2026-10-03 00:00:00,2026-10-03 00:00:00
359,7728,pcs,kg,0.05745000,1,Malaysia PriceCatcher item description,https://storage.data.gov.my/pricecatcher/lookup_item.csv,Item states 55.0-59.9 g per egg; midpoint used.,1,2026-10-03 00:00:00,2026-10-03 00:00:00
360,7788,pcs,kg,0.01980198,1,Malaysia PriceCatcher item description,https://storage.data.gov.my/pricecatcher/lookup_item.csv,Item states 41-60 pcs/kg; midpoint 50.5 pcs/kg used.,1,2026-10-03 00:00:00,2026-10-03 00:00:00
