product_rule_id,product_id,product_name,category_id,storage_type_id,storage_condition,temperature_profile,rule_status,min_value,max_value,duration_unit,normalized_min_days,normalized_max_days,recommended_days,evidence_classification,confidence,source_name,source_url,source_locator,source_value_text,handling_notes
1,1,Starfruit,5,3,ROOM_TEMP,25-30 C,AVAILABLE,1,1,WEEKS,7.0,7.0,7.0,PRODUCT_SPECIFIC,HIGH,FoodKeeper ingredients.csv (public mirror of USDA FoodKeeper dataset),https://raw.githubusercontent.com/jelera/food-shelflife-db/master/lib/seeds/ingredients.csv,ingredients.csv record: Star fruit,1 week in pantry,Inspect for spoilage and follow package/manufacturer instructions when available.
2,1,Starfruit,5,1,FRIDGE,0-4 C,AVAILABLE,1,2,WEEKS,7.0,14.0,10.5,PRODUCT_SPECIFIC,HIGH,FoodKeeper ingredients.csv (public mirror of USDA FoodKeeper dataset),https://raw.githubusercontent.com/jelera/food-shelflife-db/master/lib/seeds/ingredients.csv,ingredients.csv record: Star fruit,1-2 weeks refrigerated,Inspect for spoilage and follow package/manufacturer instructions when available.
3,1,Starfruit,5,2,FREEZER,<= -18 C,AVAILABLE,10,12,MONTHS,300.0,360.0,330.0,PRODUCT_SPECIFIC,HIGH,FoodKeeper ingredients.csv (public mirror of USDA FoodKeeper dataset),https://raw.githubusercontent.com/jelera/food-shelflife-db/master/lib/seeds/ingredients.csv,ingredients.csv record: Star fruit,10-12 months frozen,Freezer durations are quality guidance; freezing may soften fruit after thawing. Prepare and package fruit appropriately before freezing.
4,2,Papaya,5,3,ROOM_TEMP,25-30 C,AVAILABLE,3,5,DAYS,3.0,5.0,4.0,PRODUCT_SPECIFIC,HIGH,FoodKeeper ingredients.csv (public mirror of USDA FoodKeeper dataset),https://raw.githubusercontent.com/jelera/food-shelflife-db/master/lib/seeds/ingredients.csv,"ingredients.csv record: Papaya, mango, feijoa, passionfruit, casaha melon",3-5 days in pantry,Inspect for spoilage and follow package/manufacturer instructions when available.
5,2,Papaya,5,1,FRIDGE,0-4 C,AVAILABLE,7,7,DAYS,7.0,7.0,7.0,PRODUCT_SPECIFIC,HIGH,FoodKeeper ingredients.csv (public mirror of USDA FoodKeeper dataset),https://raw.githubusercontent.com/jelera/food-shelflife-db/master/lib/seeds/ingredients.csv,"ingredients.csv record: Papaya, mango, feijoa, passionfruit, casaha melon",1 week refrigerated,Inspect for spoilage and follow package/manufacturer instructions when available.
6,2,Papaya,5,2,FREEZER,<= -18 C,AVAILABLE,6,8,MONTHS,180.0,240.0,210.0,PRODUCT_SPECIFIC,HIGH,FoodKeeper ingredients.csv (public mirror of USDA FoodKeeper dataset),https://raw.githubusercontent.com/jelera/food-shelflife-db/master/lib/seeds/ingredients.csv,"ingredients.csv record: Papaya, mango, feijoa, passionfruit, casaha melon",6-8 months frozen,Freezer durations are quality guidance; freezing may soften fruit after thawing. Prepare and package fruit appropriately before freezing.
7,3,Cempedak,5,3,ROOM_TEMP,25-30 C,AVAILABLE,3,5,DAYS,3.0,5.0,4.0,CATEGORY_GENERALIZATION,LOW,FoodKeeper ingredients.csv (public mirror of USDA FoodKeeper dataset),https://raw.githubusercontent.com/jelera/food-shelflife-db/master/lib/seeds/ingredients.csv,"ingredients.csv record: Papaya, mango, feijoa, passionfruit, casaha melon",3-5 days in pantry,Inspect for spoilage and follow package/manufacturer instructions when available.
8,3,Cempedak,5,1,FRIDGE,0-4 C,AVAILABLE,7,7,DAYS,7.0,7.0,7.0,CATEGORY_GENERALIZATION,LOW,FoodKeeper ingredients.csv (public mirror of USDA FoodKeeper dataset),https://raw.githubusercontent.com/jelera/food-shelflife-db/master/lib/seeds/ingredients.csv,"ingredients.csv record: Papaya, mango, feijoa, passionfruit, casaha melon",1 week refrigerated,Inspect for spoilage and follow package/manufacturer instructions when available.
9,3,Cempedak,5,2,FREEZER,<= -18 C,AVAILABLE,6,8,MONTHS,180.0,240.0,210.0,CATEGORY_GENERALIZATION,LOW,FoodKeeper ingredients.csv (public mirror of USDA FoodKeeper dataset),https://raw.githubusercontent.com/jelera/food-shelflife-db/master/lib/seeds/ingredients.csv,"ingredients.csv record: Papaya, mango, feijoa, passionfruit, casaha melon",6-8 months frozen,Freezer durations are quality guidance; freezing may soften fruit after thawing. Prepare and package fruit appropriately before freezing.
10,4,Sapodilla (Ciku),5,3,ROOM_TEMP,25-30 C,QUALITATIVE_ONLY,,,,,,,PRODUCT_SPECIFIC,HIGH,FoodKeeper ingredients.csv (public mirror of USDA FoodKeeper dataset),https://raw.githubusercontent.com/jelera/food-shelflife-db/master/lib/seeds/ingredients.csv,"ingredients.csv record: Peaches, nectarines, plums, pears, sapote",Keep at room temperature until ripe,Inspect for spoilage and follow package/manufacturer instructions when available.
11,4,Sapodilla (Ciku),5,1,FRIDGE,0-4 C,AVAILABLE,3,5,DAYS,3.0,5.0,4.0,PRODUCT_SPECIFIC,HIGH,FoodKeeper ingredients.csv (public mirror of USDA FoodKeeper dataset),https://raw.githubusercontent.com/jelera/food-shelflife-db/master/lib/seeds/ingredients.csv,"ingredients.csv record: Peaches, nectarines, plums, pears, sapote",3-5 days refrigerated once ripe,Inspect for spoilage and follow package/manufacturer instructions when available.
12,4,Sapodilla (Ciku),5,2,FREEZER,<= -18 C,AVAILABLE,2,2,MONTHS,60.0,60.0,60.0,PRODUCT_SPECIFIC,HIGH,FoodKeeper ingredients.csv (public mirror of USDA FoodKeeper dataset),https://raw.githubusercontent.com/jelera/food-shelflife-db/master/lib/seeds/ingredients.csv,"ingredients.csv record: Peaches, nectarines, plums, pears, sapote",2 months frozen,Freezer durations are quality guidance; freezing may soften fruit after thawing. Prepare and package fruit appropriately before freezing.
13,5,Dokong,5,3,ROOM_TEMP,25-30 C,AVAILABLE,3,5,DAYS,3.0,5.0,4.0,CATEGORY_GENERALIZATION,LOW,FoodKeeper ingredients.csv (public mirror of USDA FoodKeeper dataset),https://raw.githubusercontent.com/jelera/food-shelflife-db/master/lib/seeds/ingredients.csv,"ingredients.csv record: Papaya, mango, feijoa, passionfruit, casaha melon",3-5 days in pantry,Inspect for spoilage and follow package/manufacturer instructions when available.
14,5,Dokong,5,1,FRIDGE,0-4 C,AVAILABLE,7,7,DAYS,7.0,7.0,7.0,CATEGORY_GENERALIZATION,LOW,FoodKeeper ingredients.csv (public mirror of USDA FoodKeeper dataset),https://raw.githubusercontent.com/jelera/food-shelflife-db/master/lib/seeds/ingredients.csv,"ingredients.csv record: Papaya, mango, feijoa, passionfruit, casaha melon",1 week refrigerated,Inspect for spoilage and follow package/manufacturer instructions when available.
15,5,Dokong,5,2,FREEZER,<= -18 C,AVAILABLE,6,8,MONTHS,180.0,240.0,210.0,CATEGORY_GENERALIZATION,LOW,FoodKeeper ingredients.csv (public mirror of USDA FoodKeeper dataset),https://raw.githubusercontent.com/jelera/food-shelflife-db/master/lib/seeds/ingredients.csv,"ingredients.csv record: Papaya, mango, feijoa, passionfruit, casaha melon",6-8 months frozen,Freezer durations are quality guidance; freezing may soften fruit after thawing. Prepare and package fruit appropriately before freezing.
16,6,Duku,5,3,ROOM_TEMP,25-30 C,AVAILABLE,3,5,DAYS,3.0,5.0,4.0,CATEGORY_GENERALIZATION,LOW,FoodKeeper ingredients.csv (public mirror of USDA FoodKeeper dataset),https://raw.githubusercontent.com/jelera/food-shelflife-db/master/lib/seeds/ingredients.csv,"ingredients.csv record: Papaya, mango, feijoa, passionfruit, casaha melon",3-5 days in pantry,Inspect for spoilage and follow package/manufacturer instructions when available.
17,6,Duku,5,1,FRIDGE,0-4 C,AVAILABLE,7,7,DAYS,7.0,7.0,7.0,CATEGORY_GENERALIZATION,LOW,FoodKeeper ingredients.csv (public mirror of USDA FoodKeeper dataset),https://raw.githubusercontent.com/jelera/food-shelflife-db/master/lib/seeds/ingredients.csv,"ingredients.csv record: Papaya, mango, feijoa, passionfruit, casaha melon",1 week refrigerated,Inspect for spoilage and follow package/manufacturer instructions when available.
18,6,Duku,5,2,FREEZER,<= -18 C,AVAILABLE,6,8,MONTHS,180.0,240.0,210.0,CATEGORY_GENERALIZATION,LOW,FoodKeeper ingredients.csv (public mirror of USDA FoodKeeper dataset),https://raw.githubusercontent.com/jelera/food-shelflife-db/master/lib/seeds/ingredients.csv,"ingredients.csv record: Papaya, mango, feijoa, passionfruit, casaha melon",6-8 months frozen,Freezer durations are quality guidance; freezing may soften fruit after thawing. Prepare and package fruit appropriately before freezing.
19,7,Durian,5,3,ROOM_TEMP,25-30 C,AVAILABLE,3,5,DAYS,3.0,5.0,4.0,CATEGORY_GENERALIZATION,LOW,FoodKeeper ingredients.csv (public mirror of USDA FoodKeeper dataset),https://raw.githubusercontent.com/jelera/food-shelflife-db/master/lib/seeds/ingredients.csv,"ingredients.csv record: Papaya, mango, feijoa, passionfruit, casaha melon",3-5 days in pantry,Inspect for spoilage and follow package/manufacturer instructions when available.
20,7,Durian,5,1,FRIDGE,0-4 C,AVAILABLE,7,7,DAYS,7.0,7.0,7.0,CATEGORY_GENERALIZATION,LOW,FoodKeeper ingredients.csv (public mirror of USDA FoodKeeper dataset),https://raw.githubusercontent.com/jelera/food-shelflife-db/master/lib/seeds/ingredients.csv,"ingredients.csv record: Papaya, mango, feijoa, passionfruit, casaha melon",1 week refrigerated,Inspect for spoilage and follow package/manufacturer instructions when available.
21,7,Durian,5,2,FREEZER,<= -18 C,AVAILABLE,6,8,MONTHS,180.0,240.0,210.0,CATEGORY_GENERALIZATION,LOW,FoodKeeper ingredients.csv (public mirror of USDA FoodKeeper dataset),https://raw.githubusercontent.com/jelera/food-shelflife-db/master/lib/seeds/ingredients.csv,"ingredients.csv record: Papaya, mango, feijoa, passionfruit, casaha melon",6-8 months frozen,Freezer durations are quality guidance; freezing may soften fruit after thawing. Prepare and package fruit appropriately before freezing.
22,8,Guava,5,3,ROOM_TEMP,25-30 C,QUALITATIVE_ONLY,,,,,,,PRODUCT_SPECIFIC,MEDIUM,FoodKeeper ingredients.csv (public mirror of USDA FoodKeeper dataset),https://raw.githubusercontent.com/jelera/food-shelflife-db/master/lib/seeds/ingredients.csv,ingredients.csv record: Guava,Keep at room temperature until ripe,Inspect for spoilage and follow package/manufacturer instructions when available.
23,8,Guava,5,1,FRIDGE,0-4 C,AVAILABLE,2,4,DAYS,2.0,4.0,3.0,PRODUCT_SPECIFIC,HIGH,FoodKeeper ingredients.csv (public mirror of USDA FoodKeeper dataset),https://raw.githubusercontent.com/jelera/food-shelflife-db/master/lib/seeds/ingredients.csv,ingredients.csv record: Guava,2-4 days refrigerated once ripe,Inspect for spoilage and follow package/manufacturer instructions when available.
24,8,Guava,5,2,FREEZER,<= -18 C,NOT_RECOMMENDED,,,,,,,PRODUCT_SPECIFIC,HIGH,FoodKeeper ingredients.csv (public mirror of USDA FoodKeeper dataset),https://raw.githubusercontent.com/jelera/food-shelflife-db/master/lib/seeds/ingredients.csv,ingredients.csv record: Guava,Not recommended for freezing in the fresh whole state,Inspect for spoilage and follow package/manufacturer instructions when available.
25,9,Langsat,5,3,ROOM_TEMP,25-30 C,AVAILABLE,3,5,DAYS,3.0,5.0,4.0,CATEGORY_GENERALIZATION,LOW,FoodKeeper ingredients.csv (public mirror of USDA FoodKeeper dataset),https://raw.githubusercontent.com/jelera/food-shelflife-db/master/lib/seeds/ingredients.csv,"ingredients.csv record: Papaya, mango, feijoa, passionfruit, casaha melon",3-5 days in pantry,Inspect for spoilage and follow package/manufacturer instructions when available.
26,9,Langsat,5,1,FRIDGE,0-4 C,AVAILABLE,7,7,DAYS,7.0,7.0,7.0,CATEGORY_GENERALIZATION,LOW,FoodKeeper ingredients.csv (public mirror of USDA FoodKeeper dataset),https://raw.githubusercontent.com/jelera/food-shelflife-db/master/lib/seeds/ingredients.csv,"ingredients.csv record: Papaya, mango, feijoa, passionfruit, casaha melon",1 week refrigerated,Inspect for spoilage and follow package/manufacturer instructions when available.
27,9,Langsat,5,2,FREEZER,<= -18 C,AVAILABLE,6,8,MONTHS,180.0,240.0,210.0,CATEGORY_GENERALIZATION,LOW,FoodKeeper ingredients.csv (public mirror of USDA FoodKeeper dataset),https://raw.githubusercontent.com/jelera/food-shelflife-db/master/lib/seeds/ingredients.csv,"ingredients.csv record: Papaya, mango, feijoa, passionfruit, casaha melon",6-8 months frozen,Freezer durations are quality guidance; freezing may soften fruit after thawing. Prepare and package fruit appropriately before freezing.
28,10,Pomelo,5,3,ROOM_TEMP,25-30 C,AVAILABLE,10,10,DAYS,10.0,10.0,10.0,CATEGORY_GENERALIZATION,MEDIUM,FoodKeeper ingredients.csv (public mirror of USDA FoodKeeper dataset),https://raw.githubusercontent.com/jelera/food-shelflife-db/master/lib/seeds/ingredients.csv,ingredients.csv record: Citrus fruit,10 days after purchase in pantry,Inspect for spoilage and follow package/manufacturer instructions when available.
29,10,Pomelo,5,1,FRIDGE,0-4 C,AVAILABLE,10,21,DAYS,10.0,21.0,15.5,CATEGORY_GENERALIZATION,MEDIUM,FoodKeeper ingredients.csv (public mirror of USDA FoodKeeper dataset),https://raw.githubusercontent.com/jelera/food-shelflife-db/master/lib/seeds/ingredients.csv,ingredients.csv record: Citrus fruit,10-21 days refrigerated,Inspect for spoilage and follow package/manufacturer instructions when available.
30,10,Pomelo,5,2,FREEZER,<= -18 C,NOT_RECOMMENDED,,,,,,,CATEGORY_GENERALIZATION,MEDIUM,FoodKeeper ingredients.csv (public mirror of USDA FoodKeeper dataset),https://raw.githubusercontent.com/jelera/food-shelflife-db/master/lib/seeds/ingredients.csv,ingredients.csv record: Citrus fruit,Not recommended for freezing in the fresh whole state,Inspect for spoilage and follow package/manufacturer instructions when available.
31,11,Sweet Orange,5,3,ROOM_TEMP,25-30 C,AVAILABLE,10,10,DAYS,10.0,10.0,10.0,PRODUCT_SPECIFIC,HIGH,FoodKeeper ingredients.csv (public mirror of USDA FoodKeeper dataset),https://raw.githubusercontent.com/jelera/food-shelflife-db/master/lib/seeds/ingredients.csv,ingredients.csv record: Citrus fruit,10 days after purchase in pantry,Inspect for spoilage and follow package/manufacturer instructions when available.
32,11,Sweet Orange,5,1,FRIDGE,0-4 C,AVAILABLE,10,21,DAYS,10.0,21.0,15.5,PRODUCT_SPECIFIC,HIGH,FoodKeeper ingredients.csv (public mirror of USDA FoodKeeper dataset),https://raw.githubusercontent.com/jelera/food-shelflife-db/master/lib/seeds/ingredients.csv,ingredients.csv record: Citrus fruit,10-21 days refrigerated,Inspect for spoilage and follow package/manufacturer instructions when available.
33,11,Sweet Orange,5,2,FREEZER,<= -18 C,NOT_RECOMMENDED,,,,,,,PRODUCT_SPECIFIC,HIGH,FoodKeeper ingredients.csv (public mirror of USDA FoodKeeper dataset),https://raw.githubusercontent.com/jelera/food-shelflife-db/master/lib/seeds/ingredients.csv,ingredients.csv record: Citrus fruit,Not recommended for freezing in the fresh whole state,Inspect for spoilage and follow package/manufacturer instructions when available.
34,12,Mango,5,3,ROOM_TEMP,25-30 C,AVAILABLE,3,5,DAYS,3.0,5.0,4.0,PRODUCT_SPECIFIC,HIGH,FoodKeeper ingredients.csv (public mirror of USDA FoodKeeper dataset),https://raw.githubusercontent.com/jelera/food-shelflife-db/master/lib/seeds/ingredients.csv,"ingredients.csv record: Papaya, mango, feijoa, passionfruit, casaha melon",3-5 days in pantry,Inspect for spoilage and follow package/manufacturer instructions when available.
35,12,Mango,5,1,FRIDGE,0-4 C,AVAILABLE,7,7,DAYS,7.0,7.0,7.0,PRODUCT_SPECIFIC,HIGH,FoodKeeper ingredients.csv (public mirror of USDA FoodKeeper dataset),https://raw.githubusercontent.com/jelera/food-shelflife-db/master/lib/seeds/ingredients.csv,"ingredients.csv record: Papaya, mango, feijoa, passionfruit, casaha melon",1 week refrigerated,Inspect for spoilage and follow package/manufacturer instructions when available.
36,12,Mango,5,2,FREEZER,<= -18 C,AVAILABLE,6,8,MONTHS,180.0,240.0,210.0,PRODUCT_SPECIFIC,HIGH,FoodKeeper ingredients.csv (public mirror of USDA FoodKeeper dataset),https://raw.githubusercontent.com/jelera/food-shelflife-db/master/lib/seeds/ingredients.csv,"ingredients.csv record: Papaya, mango, feijoa, passionfruit, casaha melon",6-8 months frozen,Freezer durations are quality guidance; freezing may soften fruit after thawing. Prepare and package fruit appropriately before freezing.
37,13,Mangosteen,5,3,ROOM_TEMP,25-30 C,AVAILABLE,3,5,DAYS,3.0,5.0,4.0,CATEGORY_GENERALIZATION,LOW,FoodKeeper ingredients.csv (public mirror of USDA FoodKeeper dataset),https://raw.githubusercontent.com/jelera/food-shelflife-db/master/lib/seeds/ingredients.csv,"ingredients.csv record: Papaya, mango, feijoa, passionfruit, casaha melon",3-5 days in pantry,Inspect for spoilage and follow package/manufacturer instructions when available.
38,13,Mangosteen,5,1,FRIDGE,0-4 C,AVAILABLE,7,7,DAYS,7.0,7.0,7.0,CATEGORY_GENERALIZATION,LOW,FoodKeeper ingredients.csv (public mirror of USDA FoodKeeper dataset),https://raw.githubusercontent.com/jelera/food-shelflife-db/master/lib/seeds/ingredients.csv,"ingredients.csv record: Papaya, mango, feijoa, passionfruit, casaha melon",1 week refrigerated,Inspect for spoilage and follow package/manufacturer instructions when available.
39,13,Mangosteen,5,2,FREEZER,<= -18 C,AVAILABLE,6,8,MONTHS,180.0,240.0,210.0,CATEGORY_GENERALIZATION,LOW,FoodKeeper ingredients.csv (public mirror of USDA FoodKeeper dataset),https://raw.githubusercontent.com/jelera/food-shelflife-db/master/lib/seeds/ingredients.csv,"ingredients.csv record: Papaya, mango, feijoa, passionfruit, casaha melon",6-8 months frozen,Freezer durations are quality guidance; freezing may soften fruit after thawing. Prepare and package fruit appropriately before freezing.
40,14,Dragon Fruit,5,3,ROOM_TEMP,25-30 C,AVAILABLE,2,5,DAYS,2.0,5.0,3.5,PRODUCT_SPECIFIC,HIGH,FoodKeeper ingredients.csv (public mirror of USDA FoodKeeper dataset),https://raw.githubusercontent.com/jelera/food-shelflife-db/master/lib/seeds/ingredients.csv,ingredients.csv record: Pitaya/dragon fruit,2-5 days in pantry,Inspect for spoilage and follow package/manufacturer instructions when available.
41,14,Dragon Fruit,5,1,FRIDGE,0-4 C,AVAILABLE,2,3,WEEKS,14.0,21.0,17.5,PRODUCT_SPECIFIC,HIGH,FoodKeeper ingredients.csv (public mirror of USDA FoodKeeper dataset),https://raw.githubusercontent.com/jelera/food-shelflife-db/master/lib/seeds/ingredients.csv,ingredients.csv record: Pitaya/dragon fruit,2-3 weeks refrigerated,Inspect for spoilage and follow package/manufacturer instructions when available.
42,14,Dragon Fruit,5,2,FREEZER,<= -18 C,AVAILABLE,10,12,MONTHS,300.0,360.0,330.0,PRODUCT_SPECIFIC,HIGH,FoodKeeper ingredients.csv (public mirror of USDA FoodKeeper dataset),https://raw.githubusercontent.com/jelera/food-shelflife-db/master/lib/seeds/ingredients.csv,ingredients.csv record: Pitaya/dragon fruit,10-12 months frozen,Freezer durations are quality guidance; freezing may soften fruit after thawing. Prepare and package fruit appropriately before freezing.
43,15,Pineapple,5,3,ROOM_TEMP,25-30 C,QUALITATIVE_ONLY,,,,,,,PRODUCT_SPECIFIC,MEDIUM,FoodKeeper ingredients.csv (public mirror of USDA FoodKeeper dataset),https://raw.githubusercontent.com/jelera/food-shelflife-db/master/lib/seeds/ingredients.csv,ingredients.csv record: Pineapple,Keep at room temperature until ripe,Inspect for spoilage and follow package/manufacturer instructions when available.
44,15,Pineapple,5,1,FRIDGE,0-4 C,AVAILABLE,5,7,DAYS,5.0,7.0,6.0,PRODUCT_SPECIFIC,HIGH,FoodKeeper ingredients.csv (public mirror of USDA FoodKeeper dataset),https://raw.githubusercontent.com/jelera/food-shelflife-db/master/lib/seeds/ingredients.csv,ingredients.csv record: Pineapple,5-7 days refrigerated once ripe,Inspect for spoilage and follow package/manufacturer instructions when available.
45,15,Pineapple,5,2,FREEZER,<= -18 C,AVAILABLE,10,12,MONTHS,300.0,360.0,330.0,PRODUCT_SPECIFIC,HIGH,FoodKeeper ingredients.csv (public mirror of USDA FoodKeeper dataset),https://raw.githubusercontent.com/jelera/food-shelflife-db/master/lib/seeds/ingredients.csv,ingredients.csv record: Pineapple,10-12 months frozen,Freezer durations are quality guidance; freezing may soften fruit after thawing. Prepare and package fruit appropriately before freezing.
46,16,Jackfruit,5,3,ROOM_TEMP,25-30 C,AVAILABLE,3,5,DAYS,3.0,5.0,4.0,CATEGORY_GENERALIZATION,LOW,FoodKeeper ingredients.csv (public mirror of USDA FoodKeeper dataset),https://raw.githubusercontent.com/jelera/food-shelflife-db/master/lib/seeds/ingredients.csv,"ingredients.csv record: Papaya, mango, feijoa, passionfruit, casaha melon",3-5 days in pantry,Inspect for spoilage and follow package/manufacturer instructions when available.
47,16,Jackfruit,5,1,FRIDGE,0-4 C,AVAILABLE,7,7,DAYS,7.0,7.0,7.0,CATEGORY_GENERALIZATION,LOW,FoodKeeper ingredients.csv (public mirror of USDA FoodKeeper dataset),https://raw.githubusercontent.com/jelera/food-shelflife-db/master/lib/seeds/ingredients.csv,"ingredients.csv record: Papaya, mango, feijoa, passionfruit, casaha melon",1 week refrigerated,Inspect for spoilage and follow package/manufacturer instructions when available.
48,16,Jackfruit,5,2,FREEZER,<= -18 C,AVAILABLE,6,8,MONTHS,180.0,240.0,210.0,CATEGORY_GENERALIZATION,LOW,FoodKeeper ingredients.csv (public mirror of USDA FoodKeeper dataset),https://raw.githubusercontent.com/jelera/food-shelflife-db/master/lib/seeds/ingredients.csv,"ingredients.csv record: Papaya, mango, feijoa, passionfruit, casaha melon",6-8 months frozen,Freezer durations are quality guidance; freezing may soften fruit after thawing. Prepare and package fruit appropriately before freezing.
49,17,Banana,5,3,ROOM_TEMP,25-30 C,QUALITATIVE_ONLY,,,,,,,PRODUCT_SPECIFIC,MEDIUM,FoodKeeper ingredients.csv (public mirror of USDA FoodKeeper dataset),https://raw.githubusercontent.com/jelera/food-shelflife-db/master/lib/seeds/ingredients.csv,ingredients.csv record: Bananas,Keep at room temperature until ripe,Inspect for spoilage and follow package/manufacturer instructions when available.
50,17,Banana,5,1,FRIDGE,0-4 C,AVAILABLE,3,3,DAYS,3.0,3.0,3.0,PRODUCT_SPECIFIC,HIGH,FoodKeeper ingredients.csv (public mirror of USDA FoodKeeper dataset),https://raw.githubusercontent.com/jelera/food-shelflife-db/master/lib/seeds/ingredients.csv,ingredients.csv record: Bananas,3 days refrigerated once ripe,Inspect for spoilage and follow package/manufacturer instructions when available.
51,17,Banana,5,2,FREEZER,<= -18 C,AVAILABLE,2,3,MONTHS,60.0,90.0,75.0,PRODUCT_SPECIFIC,HIGH,FoodKeeper ingredients.csv (public mirror of USDA FoodKeeper dataset),https://raw.githubusercontent.com/jelera/food-shelflife-db/master/lib/seeds/ingredients.csv,ingredients.csv record: Bananas,2-3 months frozen,Freezer durations are quality guidance; freezing may soften fruit after thawing. Prepare and package fruit appropriately before freezing.
52,18,Pulasan,5,3,ROOM_TEMP,25-30 C,AVAILABLE,3,5,DAYS,3.0,5.0,4.0,CATEGORY_GENERALIZATION,LOW,FoodKeeper ingredients.csv (public mirror of USDA FoodKeeper dataset),https://raw.githubusercontent.com/jelera/food-shelflife-db/master/lib/seeds/ingredients.csv,"ingredients.csv record: Papaya, mango, feijoa, passionfruit, casaha melon",3-5 days in pantry,Inspect for spoilage and follow package/manufacturer instructions when available.
53,18,Pulasan,5,1,FRIDGE,0-4 C,AVAILABLE,7,7,DAYS,7.0,7.0,7.0,CATEGORY_GENERALIZATION,LOW,FoodKeeper ingredients.csv (public mirror of USDA FoodKeeper dataset),https://raw.githubusercontent.com/jelera/food-shelflife-db/master/lib/seeds/ingredients.csv,"ingredients.csv record: Papaya, mango, feijoa, passionfruit, casaha melon",1 week refrigerated,Inspect for spoilage and follow package/manufacturer instructions when available.
54,18,Pulasan,5,2,FREEZER,<= -18 C,AVAILABLE,6,8,MONTHS,180.0,240.0,210.0,CATEGORY_GENERALIZATION,LOW,FoodKeeper ingredients.csv (public mirror of USDA FoodKeeper dataset),https://raw.githubusercontent.com/jelera/food-shelflife-db/master/lib/seeds/ingredients.csv,"ingredients.csv record: Papaya, mango, feijoa, passionfruit, casaha melon",6-8 months frozen,Freezer durations are quality guidance; freezing may soften fruit after thawing. Prepare and package fruit appropriately before freezing.
55,19,Rambutan,5,3,ROOM_TEMP,25-30 C,AVAILABLE,3,5,DAYS,3.0,5.0,4.0,CATEGORY_GENERALIZATION,LOW,FoodKeeper ingredients.csv (public mirror of USDA FoodKeeper dataset),https://raw.githubusercontent.com/jelera/food-shelflife-db/master/lib/seeds/ingredients.csv,"ingredients.csv record: Papaya, mango, feijoa, passionfruit, casaha melon",3-5 days in pantry,Inspect for spoilage and follow package/manufacturer instructions when available.
56,19,Rambutan,5,1,FRIDGE,0-4 C,AVAILABLE,7,7,DAYS,7.0,7.0,7.0,CATEGORY_GENERALIZATION,LOW,FoodKeeper ingredients.csv (public mirror of USDA FoodKeeper dataset),https://raw.githubusercontent.com/jelera/food-shelflife-db/master/lib/seeds/ingredients.csv,"ingredients.csv record: Papaya, mango, feijoa, passionfruit, casaha melon",1 week refrigerated,Inspect for spoilage and follow package/manufacturer instructions when available.
57,19,Rambutan,5,2,FREEZER,<= -18 C,AVAILABLE,6,8,MONTHS,180.0,240.0,210.0,CATEGORY_GENERALIZATION,LOW,FoodKeeper ingredients.csv (public mirror of USDA FoodKeeper dataset),https://raw.githubusercontent.com/jelera/food-shelflife-db/master/lib/seeds/ingredients.csv,"ingredients.csv record: Papaya, mango, feijoa, passionfruit, casaha melon",6-8 months frozen,Freezer durations are quality guidance; freezing may soften fruit after thawing. Prepare and package fruit appropriately before freezing.
58,20,Salak,5,3,ROOM_TEMP,25-30 C,QUALITATIVE_ONLY,,,,,,,CATEGORY_GENERALIZATION,LOW,FoodKeeper ingredients.csv (public mirror of USDA FoodKeeper dataset),https://raw.githubusercontent.com/jelera/food-shelflife-db/master/lib/seeds/ingredients.csv,"ingredients.csv record: Peaches, nectarines, plums, pears, sapote",Keep at room temperature until ripe,Inspect for spoilage and follow package/manufacturer instructions when available.
59,20,Salak,5,1,FRIDGE,0-4 C,AVAILABLE,3,5,DAYS,3.0,5.0,4.0,CATEGORY_GENERALIZATION,LOW,FoodKeeper ingredients.csv (public mirror of USDA FoodKeeper dataset),https://raw.githubusercontent.com/jelera/food-shelflife-db/master/lib/seeds/ingredients.csv,"ingredients.csv record: Peaches, nectarines, plums, pears, sapote",3-5 days refrigerated once ripe,Inspect for spoilage and follow package/manufacturer instructions when available.
60,20,Salak,5,2,FREEZER,<= -18 C,AVAILABLE,2,2,MONTHS,60.0,60.0,60.0,CATEGORY_GENERALIZATION,LOW,FoodKeeper ingredients.csv (public mirror of USDA FoodKeeper dataset),https://raw.githubusercontent.com/jelera/food-shelflife-db/master/lib/seeds/ingredients.csv,"ingredients.csv record: Peaches, nectarines, plums, pears, sapote",2 months frozen,Freezer durations are quality guidance; freezing may soften fruit after thawing. Prepare and package fruit appropriately before freezing.
61,21,Watermelon,5,3,ROOM_TEMP,25-30 C,AVAILABLE,1,2,DAYS,1.0,2.0,1.5,PRODUCT_SPECIFIC,HIGH,FoodKeeper ingredients.csv (public mirror of USDA FoodKeeper dataset),https://raw.githubusercontent.com/jelera/food-shelflife-db/master/lib/seeds/ingredients.csv,ingredients.csv record: Watermelon,1-2 days after purchase in pantry,Inspect for spoilage and follow package/manufacturer instructions when available.
62,21,Watermelon,5,1,FRIDGE,0-4 C,AVAILABLE,3,4,DAYS,3.0,4.0,3.5,PRODUCT_SPECIFIC,HIGH,FoodKeeper ingredients.csv (public mirror of USDA FoodKeeper dataset),https://raw.githubusercontent.com/jelera/food-shelflife-db/master/lib/seeds/ingredients.csv,ingredients.csv record: Watermelon,3-4 days refrigerated,Inspect for spoilage and follow package/manufacturer instructions when available.
63,21,Watermelon,5,2,FREEZER,<= -18 C,AVAILABLE,12,12,MONTHS,360.0,360.0,360.0,PRODUCT_SPECIFIC,HIGH,FoodKeeper ingredients.csv (public mirror of USDA FoodKeeper dataset),https://raw.githubusercontent.com/jelera/food-shelflife-db/master/lib/seeds/ingredients.csv,ingredients.csv record: Watermelon,12 months frozen,Freezer durations are quality guidance; freezing may soften fruit after thawing. Prepare and package fruit appropriately before freezing.
64,22,Abiu,5,3,ROOM_TEMP,25-30 C,AVAILABLE,3,5,DAYS,3.0,5.0,4.0,CATEGORY_GENERALIZATION,LOW,FoodKeeper ingredients.csv (public mirror of USDA FoodKeeper dataset),https://raw.githubusercontent.com/jelera/food-shelflife-db/master/lib/seeds/ingredients.csv,"ingredients.csv record: Papaya, mango, feijoa, passionfruit, casaha melon",3-5 days in pantry,Inspect for spoilage and follow package/manufacturer instructions when available.
65,22,Abiu,5,1,FRIDGE,0-4 C,AVAILABLE,7,7,DAYS,7.0,7.0,7.0,CATEGORY_GENERALIZATION,LOW,FoodKeeper ingredients.csv (public mirror of USDA FoodKeeper dataset),https://raw.githubusercontent.com/jelera/food-shelflife-db/master/lib/seeds/ingredients.csv,"ingredients.csv record: Papaya, mango, feijoa, passionfruit, casaha melon",1 week refrigerated,Inspect for spoilage and follow package/manufacturer instructions when available.
66,22,Abiu,5,2,FREEZER,<= -18 C,AVAILABLE,6,8,MONTHS,180.0,240.0,210.0,CATEGORY_GENERALIZATION,LOW,FoodKeeper ingredients.csv (public mirror of USDA FoodKeeper dataset),https://raw.githubusercontent.com/jelera/food-shelflife-db/master/lib/seeds/ingredients.csv,"ingredients.csv record: Papaya, mango, feijoa, passionfruit, casaha melon",6-8 months frozen,Freezer durations are quality guidance; freezing may soften fruit after thawing. Prepare and package fruit appropriately before freezing.
67,23,Grape,5,3,ROOM_TEMP,25-30 C,AVAILABLE,1,1,DAYS,1.0,1.0,1.0,PRODUCT_SPECIFIC,HIGH,FoodKeeper ingredients.csv (public mirror of USDA FoodKeeper dataset),https://raw.githubusercontent.com/jelera/food-shelflife-db/master/lib/seeds/ingredients.csv,ingredients.csv record: Grapes,1 day in pantry,Inspect for spoilage and follow package/manufacturer instructions when available.
68,23,Grape,5,1,FRIDGE,0-4 C,AVAILABLE,1,1,WEEKS,7.0,7.0,7.0,PRODUCT_SPECIFIC,HIGH,FoodKeeper ingredients.csv (public mirror of USDA FoodKeeper dataset),https://raw.githubusercontent.com/jelera/food-shelflife-db/master/lib/seeds/ingredients.csv,ingredients.csv record: Grapes,1 week refrigerated,Inspect for spoilage and follow package/manufacturer instructions when available.
69,23,Grape,5,2,FREEZER,<= -18 C,AVAILABLE,1,1,MONTHS,30.0,30.0,30.0,PRODUCT_SPECIFIC,HIGH,FoodKeeper ingredients.csv (public mirror of USDA FoodKeeper dataset),https://raw.githubusercontent.com/jelera/food-shelflife-db/master/lib/seeds/ingredients.csv,ingredients.csv record: Grapes,1 month frozen,Freezer durations are quality guidance; freezing may soften fruit after thawing. Prepare and package fruit appropriately before freezing.
70,24,Avocado,5,3,ROOM_TEMP,25-30 C,QUALITATIVE_ONLY,,,,,,,PRODUCT_SPECIFIC,MEDIUM,FoodKeeper ingredients.csv (public mirror of USDA FoodKeeper dataset),https://raw.githubusercontent.com/jelera/food-shelflife-db/master/lib/seeds/ingredients.csv,ingredients.csv record: Avocados,Keep at room temperature until ripe,Inspect for spoilage and follow package/manufacturer instructions when available.
71,24,Avocado,5,1,FRIDGE,0-4 C,AVAILABLE,3,4,DAYS,3.0,4.0,3.5,PRODUCT_SPECIFIC,HIGH,FoodKeeper ingredients.csv (public mirror of USDA FoodKeeper dataset),https://raw.githubusercontent.com/jelera/food-shelflife-db/master/lib/seeds/ingredients.csv,ingredients.csv record: Avocados,3-4 days refrigerated once ripe,Inspect for spoilage and follow package/manufacturer instructions when available.
72,24,Avocado,5,2,FREEZER,<= -18 C,NOT_RECOMMENDED,,,,,,,PRODUCT_SPECIFIC,HIGH,FoodKeeper ingredients.csv (public mirror of USDA FoodKeeper dataset),https://raw.githubusercontent.com/jelera/food-shelflife-db/master/lib/seeds/ingredients.csv,ingredients.csv record: Avocados,Not recommended for freezing in the fresh whole state,Inspect for spoilage and follow package/manufacturer instructions when available.
73,25,Horse Mango (Bacang),5,3,ROOM_TEMP,25-30 C,AVAILABLE,3,5,DAYS,3.0,5.0,4.0,CATEGORY_GENERALIZATION,LOW,FoodKeeper ingredients.csv (public mirror of USDA FoodKeeper dataset),https://raw.githubusercontent.com/jelera/food-shelflife-db/master/lib/seeds/ingredients.csv,"ingredients.csv record: Papaya, mango, feijoa, passionfruit, casaha melon",3-5 days in pantry,Inspect for spoilage and follow package/manufacturer instructions when available.
74,25,Horse Mango (Bacang),5,1,FRIDGE,0-4 C,AVAILABLE,7,7,DAYS,7.0,7.0,7.0,CATEGORY_GENERALIZATION,LOW,FoodKeeper ingredients.csv (public mirror of USDA FoodKeeper dataset),https://raw.githubusercontent.com/jelera/food-shelflife-db/master/lib/seeds/ingredients.csv,"ingredients.csv record: Papaya, mango, feijoa, passionfruit, casaha melon",1 week refrigerated,Inspect for spoilage and follow package/manufacturer instructions when available.
75,25,Horse Mango (Bacang),5,2,FREEZER,<= -18 C,AVAILABLE,6,8,MONTHS,180.0,240.0,210.0,CATEGORY_GENERALIZATION,LOW,FoodKeeper ingredients.csv (public mirror of USDA FoodKeeper dataset),https://raw.githubusercontent.com/jelera/food-shelflife-db/master/lib/seeds/ingredients.csv,"ingredients.csv record: Papaya, mango, feijoa, passionfruit, casaha melon",6-8 months frozen,Freezer durations are quality guidance; freezing may soften fruit after thawing. Prepare and package fruit appropriately before freezing.
76,26,Bambangan,5,3,ROOM_TEMP,25-30 C,AVAILABLE,3,5,DAYS,3.0,5.0,4.0,CATEGORY_GENERALIZATION,LOW,FoodKeeper ingredients.csv (public mirror of USDA FoodKeeper dataset),https://raw.githubusercontent.com/jelera/food-shelflife-db/master/lib/seeds/ingredients.csv,"ingredients.csv record: Papaya, mango, feijoa, passionfruit, casaha melon",3-5 days in pantry,Inspect for spoilage and follow package/manufacturer instructions when available.
77,26,Bambangan,5,1,FRIDGE,0-4 C,AVAILABLE,7,7,DAYS,7.0,7.0,7.0,CATEGORY_GENERALIZATION,LOW,FoodKeeper ingredients.csv (public mirror of USDA FoodKeeper dataset),https://raw.githubusercontent.com/jelera/food-shelflife-db/master/lib/seeds/ingredients.csv,"ingredients.csv record: Papaya, mango, feijoa, passionfruit, casaha melon",1 week refrigerated,Inspect for spoilage and follow package/manufacturer instructions when available.
78,26,Bambangan,5,2,FREEZER,<= -18 C,AVAILABLE,6,8,MONTHS,180.0,240.0,210.0,CATEGORY_GENERALIZATION,LOW,FoodKeeper ingredients.csv (public mirror of USDA FoodKeeper dataset),https://raw.githubusercontent.com/jelera/food-shelflife-db/master/lib/seeds/ingredients.csv,"ingredients.csv record: Papaya, mango, feijoa, passionfruit, casaha melon",6-8 months frozen,Freezer durations are quality guidance; freezing may soften fruit after thawing. Prepare and package fruit appropriately before freezing.
79,27,Bilimbi,5,3,ROOM_TEMP,25-30 C,AVAILABLE,3,5,DAYS,3.0,5.0,4.0,CATEGORY_GENERALIZATION,LOW,FoodKeeper ingredients.csv (public mirror of USDA FoodKeeper dataset),https://raw.githubusercontent.com/jelera/food-shelflife-db/master/lib/seeds/ingredients.csv,"ingredients.csv record: Papaya, mango, feijoa, passionfruit, casaha melon",3-5 days in pantry,Inspect for spoilage and follow package/manufacturer instructions when available.
80,27,Bilimbi,5,1,FRIDGE,0-4 C,AVAILABLE,7,7,DAYS,7.0,7.0,7.0,CATEGORY_GENERALIZATION,LOW,FoodKeeper ingredients.csv (public mirror of USDA FoodKeeper dataset),https://raw.githubusercontent.com/jelera/food-shelflife-db/master/lib/seeds/ingredients.csv,"ingredients.csv record: Papaya, mango, feijoa, passionfruit, casaha melon",1 week refrigerated,Inspect for spoilage and follow package/manufacturer instructions when available.
81,27,Bilimbi,5,2,FREEZER,<= -18 C,AVAILABLE,6,8,MONTHS,180.0,240.0,210.0,CATEGORY_GENERALIZATION,LOW,FoodKeeper ingredients.csv (public mirror of USDA FoodKeeper dataset),https://raw.githubusercontent.com/jelera/food-shelflife-db/master/lib/seeds/ingredients.csv,"ingredients.csv record: Papaya, mango, feijoa, passionfruit, casaha melon",6-8 months frozen,Freezer durations are quality guidance; freezing may soften fruit after thawing. Prepare and package fruit appropriately before freezing.
82,28,Baccaurea Angulata,5,3,ROOM_TEMP,25-30 C,AVAILABLE,3,5,DAYS,3.0,5.0,4.0,CATEGORY_GENERALIZATION,LOW,FoodKeeper ingredients.csv (public mirror of USDA FoodKeeper dataset),https://raw.githubusercontent.com/jelera/food-shelflife-db/master/lib/seeds/ingredients.csv,"ingredients.csv record: Papaya, mango, feijoa, passionfruit, casaha melon",3-5 days in pantry,Inspect for spoilage and follow package/manufacturer instructions when available.
83,28,Baccaurea Angulata,5,1,FRIDGE,0-4 C,AVAILABLE,7,7,DAYS,7.0,7.0,7.0,CATEGORY_GENERALIZATION,LOW,FoodKeeper ingredients.csv (public mirror of USDA FoodKeeper dataset),https://raw.githubusercontent.com/jelera/food-shelflife-db/master/lib/seeds/ingredients.csv,"ingredients.csv record: Papaya, mango, feijoa, passionfruit, casaha melon",1 week refrigerated,Inspect for spoilage and follow package/manufacturer instructions when available.
84,28,Baccaurea Angulata,5,2,FREEZER,<= -18 C,AVAILABLE,6,8,MONTHS,180.0,240.0,210.0,CATEGORY_GENERALIZATION,LOW,FoodKeeper ingredients.csv (public mirror of USDA FoodKeeper dataset),https://raw.githubusercontent.com/jelera/food-shelflife-db/master/lib/seeds/ingredients.csv,"ingredients.csv record: Papaya, mango, feijoa, passionfruit, casaha melon",6-8 months frozen,Freezer durations are quality guidance; freezing may soften fruit after thawing. Prepare and package fruit appropriately before freezing.
85,29,Jujube,5,3,ROOM_TEMP,25-30 C,QUALITATIVE_ONLY,,,,,,,CATEGORY_GENERALIZATION,LOW,FoodKeeper ingredients.csv (public mirror of USDA FoodKeeper dataset),https://raw.githubusercontent.com/jelera/food-shelflife-db/master/lib/seeds/ingredients.csv,"ingredients.csv record: Peaches, nectarines, plums, pears, sapote",Keep at room temperature until ripe,Inspect for spoilage and follow package/manufacturer instructions when available.
86,29,Jujube,5,1,FRIDGE,0-4 C,AVAILABLE,3,5,DAYS,3.0,5.0,4.0,CATEGORY_GENERALIZATION,LOW,FoodKeeper ingredients.csv (public mirror of USDA FoodKeeper dataset),https://raw.githubusercontent.com/jelera/food-shelflife-db/master/lib/seeds/ingredients.csv,"ingredients.csv record: Peaches, nectarines, plums, pears, sapote",3-5 days refrigerated once ripe,Inspect for spoilage and follow package/manufacturer instructions when available.
87,29,Jujube,5,2,FREEZER,<= -18 C,AVAILABLE,2,2,MONTHS,60.0,60.0,60.0,CATEGORY_GENERALIZATION,LOW,FoodKeeper ingredients.csv (public mirror of USDA FoodKeeper dataset),https://raw.githubusercontent.com/jelera/food-shelflife-db/master/lib/seeds/ingredients.csv,"ingredients.csv record: Peaches, nectarines, plums, pears, sapote",2 months frozen,Freezer durations are quality guidance; freezing may soften fruit after thawing. Prepare and package fruit appropriately before freezing.
88,30,Malay Gooseberry (Cermai),5,3,ROOM_TEMP,25-30 C,AVAILABLE,3,5,DAYS,3.0,5.0,4.0,CATEGORY_GENERALIZATION,LOW,FoodKeeper ingredients.csv (public mirror of USDA FoodKeeper dataset),https://raw.githubusercontent.com/jelera/food-shelflife-db/master/lib/seeds/ingredients.csv,"ingredients.csv record: Papaya, mango, feijoa, passionfruit, casaha melon",3-5 days in pantry,Inspect for spoilage and follow package/manufacturer instructions when available.
89,30,Malay Gooseberry (Cermai),5,1,FRIDGE,0-4 C,AVAILABLE,7,7,DAYS,7.0,7.0,7.0,CATEGORY_GENERALIZATION,LOW,FoodKeeper ingredients.csv (public mirror of USDA FoodKeeper dataset),https://raw.githubusercontent.com/jelera/food-shelflife-db/master/lib/seeds/ingredients.csv,"ingredients.csv record: Papaya, mango, feijoa, passionfruit, casaha melon",1 week refrigerated,Inspect for spoilage and follow package/manufacturer instructions when available.
90,30,Malay Gooseberry (Cermai),5,2,FREEZER,<= -18 C,AVAILABLE,6,8,MONTHS,180.0,240.0,210.0,CATEGORY_GENERALIZATION,LOW,FoodKeeper ingredients.csv (public mirror of USDA FoodKeeper dataset),https://raw.githubusercontent.com/jelera/food-shelflife-db/master/lib/seeds/ingredients.csv,"ingredients.csv record: Papaya, mango, feijoa, passionfruit, casaha melon",6-8 months frozen,Freezer durations are quality guidance; freezing may soften fruit after thawing. Prepare and package fruit appropriately before freezing.
91,31,Dabai,5,3,ROOM_TEMP,25-30 C,QUALITATIVE_ONLY,,,,,,,CATEGORY_GENERALIZATION,LOW,FoodKeeper ingredients.csv (public mirror of USDA FoodKeeper dataset),https://raw.githubusercontent.com/jelera/food-shelflife-db/master/lib/seeds/ingredients.csv,"ingredients.csv record: Peaches, nectarines, plums, pears, sapote",Keep at room temperature until ripe,Inspect for spoilage and follow package/manufacturer instructions when available.
92,31,Dabai,5,1,FRIDGE,0-4 C,AVAILABLE,3,5,DAYS,3.0,5.0,4.0,CATEGORY_GENERALIZATION,LOW,FoodKeeper ingredients.csv (public mirror of USDA FoodKeeper dataset),https://raw.githubusercontent.com/jelera/food-shelflife-db/master/lib/seeds/ingredients.csv,"ingredients.csv record: Peaches, nectarines, plums, pears, sapote",3-5 days refrigerated once ripe,Inspect for spoilage and follow package/manufacturer instructions when available.
93,31,Dabai,5,2,FREEZER,<= -18 C,AVAILABLE,2,2,MONTHS,60.0,60.0,60.0,CATEGORY_GENERALIZATION,LOW,FoodKeeper ingredients.csv (public mirror of USDA FoodKeeper dataset),https://raw.githubusercontent.com/jelera/food-shelflife-db/master/lib/seeds/ingredients.csv,"ingredients.csv record: Peaches, nectarines, plums, pears, sapote",2 months frozen,Freezer durations are quality guidance; freezing may soften fruit after thawing. Prepare and package fruit appropriately before freezing.
94,32,Soursop,5,3,ROOM_TEMP,25-30 C,QUALITATIVE_ONLY,,,,,,,CATEGORY_GENERALIZATION,LOW,FoodKeeper ingredients.csv (public mirror of USDA FoodKeeper dataset),https://raw.githubusercontent.com/jelera/food-shelflife-db/master/lib/seeds/ingredients.csv,ingredients.csv record: Cherimoya,Keep at room temperature until ripe,Inspect for spoilage and follow package/manufacturer instructions when available.
95,32,Soursop,5,1,FRIDGE,0-4 C,AVAILABLE,4,4,DAYS,4.0,4.0,4.0,CATEGORY_GENERALIZATION,MEDIUM,FoodKeeper ingredients.csv (public mirror of USDA FoodKeeper dataset),https://raw.githubusercontent.com/jelera/food-shelflife-db/master/lib/seeds/ingredients.csv,ingredients.csv record: Cherimoya,4 days refrigerated once ripe,Inspect for spoilage and follow package/manufacturer instructions when available.
96,32,Soursop,5,2,FREEZER,<= -18 C,AVAILABLE,10,12,MONTHS,300.0,360.0,330.0,CATEGORY_GENERALIZATION,MEDIUM,FoodKeeper ingredients.csv (public mirror of USDA FoodKeeper dataset),https://raw.githubusercontent.com/jelera/food-shelflife-db/master/lib/seeds/ingredients.csv,ingredients.csv record: Cherimoya,10-12 months frozen,Freezer durations are quality guidance; freezing may soften fruit after thawing. Prepare and package fruit appropriately before freezing.
97,33,Cashew Apple,5,3,ROOM_TEMP,25-30 C,AVAILABLE,3,5,DAYS,3.0,5.0,4.0,CATEGORY_GENERALIZATION,LOW,FoodKeeper ingredients.csv (public mirror of USDA FoodKeeper dataset),https://raw.githubusercontent.com/jelera/food-shelflife-db/master/lib/seeds/ingredients.csv,"ingredients.csv record: Papaya, mango, feijoa, passionfruit, casaha melon",3-5 days in pantry,Inspect for spoilage and follow package/manufacturer instructions when available.
98,33,Cashew Apple,5,1,FRIDGE,0-4 C,AVAILABLE,7,7,DAYS,7.0,7.0,7.0,CATEGORY_GENERALIZATION,LOW,FoodKeeper ingredients.csv (public mirror of USDA FoodKeeper dataset),https://raw.githubusercontent.com/jelera/food-shelflife-db/master/lib/seeds/ingredients.csv,"ingredients.csv record: Papaya, mango, feijoa, passionfruit, casaha melon",1 week refrigerated,Inspect for spoilage and follow package/manufacturer instructions when available.
99,33,Cashew Apple,5,2,FREEZER,<= -18 C,AVAILABLE,6,8,MONTHS,180.0,240.0,210.0,CATEGORY_GENERALIZATION,LOW,FoodKeeper ingredients.csv (public mirror of USDA FoodKeeper dataset),https://raw.githubusercontent.com/jelera/food-shelflife-db/master/lib/seeds/ingredients.csv,"ingredients.csv record: Papaya, mango, feijoa, passionfruit, casaha melon",6-8 months frozen,Freezer durations are quality guidance; freezing may soften fruit after thawing. Prepare and package fruit appropriately before freezing.
100,34,Water Apple,5,3,ROOM_TEMP,25-30 C,AVAILABLE,3,5,DAYS,3.0,5.0,4.0,CATEGORY_GENERALIZATION,LOW,FoodKeeper ingredients.csv (public mirror of USDA FoodKeeper dataset),https://raw.githubusercontent.com/jelera/food-shelflife-db/master/lib/seeds/ingredients.csv,"ingredients.csv record: Papaya, mango, feijoa, passionfruit, casaha melon",3-5 days in pantry,Inspect for spoilage and follow package/manufacturer instructions when available.
101,34,Water Apple,5,1,FRIDGE,0-4 C,AVAILABLE,7,7,DAYS,7.0,7.0,7.0,CATEGORY_GENERALIZATION,LOW,FoodKeeper ingredients.csv (public mirror of USDA FoodKeeper dataset),https://raw.githubusercontent.com/jelera/food-shelflife-db/master/lib/seeds/ingredients.csv,"ingredients.csv record: Papaya, mango, feijoa, passionfruit, casaha melon",1 week refrigerated,Inspect for spoilage and follow package/manufacturer instructions when available.
102,34,Water Apple,5,2,FREEZER,<= -18 C,AVAILABLE,6,8,MONTHS,180.0,240.0,210.0,CATEGORY_GENERALIZATION,LOW,FoodKeeper ingredients.csv (public mirror of USDA FoodKeeper dataset),https://raw.githubusercontent.com/jelera/food-shelflife-db/master/lib/seeds/ingredients.csv,"ingredients.csv record: Papaya, mango, feijoa, passionfruit, casaha melon",6-8 months frozen,Freezer durations are quality guidance; freezing may soften fruit after thawing. Prepare and package fruit appropriately before freezing.
103,35,Wax Apple,5,3,ROOM_TEMP,25-30 C,AVAILABLE,3,5,DAYS,3.0,5.0,4.0,CATEGORY_GENERALIZATION,LOW,FoodKeeper ingredients.csv (public mirror of USDA FoodKeeper dataset),https://raw.githubusercontent.com/jelera/food-shelflife-db/master/lib/seeds/ingredients.csv,"ingredients.csv record: Papaya, mango, feijoa, passionfruit, casaha melon",3-5 days in pantry,Inspect for spoilage and follow package/manufacturer instructions when available.
104,35,Wax Apple,5,1,FRIDGE,0-4 C,AVAILABLE,7,7,DAYS,7.0,7.0,7.0,CATEGORY_GENERALIZATION,LOW,FoodKeeper ingredients.csv (public mirror of USDA FoodKeeper dataset),https://raw.githubusercontent.com/jelera/food-shelflife-db/master/lib/seeds/ingredients.csv,"ingredients.csv record: Papaya, mango, feijoa, passionfruit, casaha melon",1 week refrigerated,Inspect for spoilage and follow package/manufacturer instructions when available.
105,35,Wax Apple,5,2,FREEZER,<= -18 C,AVAILABLE,6,8,MONTHS,180.0,240.0,210.0,CATEGORY_GENERALIZATION,LOW,FoodKeeper ingredients.csv (public mirror of USDA FoodKeeper dataset),https://raw.githubusercontent.com/jelera/food-shelflife-db/master/lib/seeds/ingredients.csv,"ingredients.csv record: Papaya, mango, feijoa, passionfruit, casaha melon",6-8 months frozen,Freezer durations are quality guidance; freezing may soften fruit after thawing. Prepare and package fruit appropriately before freezing.
106,36,Malay Apple,5,3,ROOM_TEMP,25-30 C,AVAILABLE,3,5,DAYS,3.0,5.0,4.0,CATEGORY_GENERALIZATION,LOW,FoodKeeper ingredients.csv (public mirror of USDA FoodKeeper dataset),https://raw.githubusercontent.com/jelera/food-shelflife-db/master/lib/seeds/ingredients.csv,"ingredients.csv record: Papaya, mango, feijoa, passionfruit, casaha melon",3-5 days in pantry,Inspect for spoilage and follow package/manufacturer instructions when available.
107,36,Malay Apple,5,1,FRIDGE,0-4 C,AVAILABLE,7,7,DAYS,7.0,7.0,7.0,CATEGORY_GENERALIZATION,LOW,FoodKeeper ingredients.csv (public mirror of USDA FoodKeeper dataset),https://raw.githubusercontent.com/jelera/food-shelflife-db/master/lib/seeds/ingredients.csv,"ingredients.csv record: Papaya, mango, feijoa, passionfruit, casaha melon",1 week refrigerated,Inspect for spoilage and follow package/manufacturer instructions when available.
108,36,Malay Apple,5,2,FREEZER,<= -18 C,AVAILABLE,6,8,MONTHS,180.0,240.0,210.0,CATEGORY_GENERALIZATION,LOW,FoodKeeper ingredients.csv (public mirror of USDA FoodKeeper dataset),https://raw.githubusercontent.com/jelera/food-shelflife-db/master/lib/seeds/ingredients.csv,"ingredients.csv record: Papaya, mango, feijoa, passionfruit, casaha melon",6-8 months frozen,Freezer durations are quality guidance; freezing may soften fruit after thawing. Prepare and package fruit appropriately before freezing.
109,37,Ambarella,5,3,ROOM_TEMP,25-30 C,QUALITATIVE_ONLY,,,,,,,CATEGORY_GENERALIZATION,LOW,FoodKeeper ingredients.csv (public mirror of USDA FoodKeeper dataset),https://raw.githubusercontent.com/jelera/food-shelflife-db/master/lib/seeds/ingredients.csv,"ingredients.csv record: Peaches, nectarines, plums, pears, sapote",Keep at room temperature until ripe,Inspect for spoilage and follow package/manufacturer instructions when available.
110,37,Ambarella,5,1,FRIDGE,0-4 C,AVAILABLE,3,5,DAYS,3.0,5.0,4.0,CATEGORY_GENERALIZATION,LOW,FoodKeeper ingredients.csv (public mirror of USDA FoodKeeper dataset),https://raw.githubusercontent.com/jelera/food-shelflife-db/master/lib/seeds/ingredients.csv,"ingredients.csv record: Peaches, nectarines, plums, pears, sapote",3-5 days refrigerated once ripe,Inspect for spoilage and follow package/manufacturer instructions when available.
111,37,Ambarella,5,2,FREEZER,<= -18 C,AVAILABLE,2,2,MONTHS,60.0,60.0,60.0,CATEGORY_GENERALIZATION,LOW,FoodKeeper ingredients.csv (public mirror of USDA FoodKeeper dataset),https://raw.githubusercontent.com/jelera/food-shelflife-db/master/lib/seeds/ingredients.csv,"ingredients.csv record: Peaches, nectarines, plums, pears, sapote",2 months frozen,Freezer durations are quality guidance; freezing may soften fruit after thawing. Prepare and package fruit appropriately before freezing.
112,38,Kuini,5,3,ROOM_TEMP,25-30 C,AVAILABLE,3,5,DAYS,3.0,5.0,4.0,CATEGORY_GENERALIZATION,LOW,FoodKeeper ingredients.csv (public mirror of USDA FoodKeeper dataset),https://raw.githubusercontent.com/jelera/food-shelflife-db/master/lib/seeds/ingredients.csv,"ingredients.csv record: Papaya, mango, feijoa, passionfruit, casaha melon",3-5 days in pantry,Inspect for spoilage and follow package/manufacturer instructions when available.
113,38,Kuini,5,1,FRIDGE,0-4 C,AVAILABLE,7,7,DAYS,7.0,7.0,7.0,CATEGORY_GENERALIZATION,LOW,FoodKeeper ingredients.csv (public mirror of USDA FoodKeeper dataset),https://raw.githubusercontent.com/jelera/food-shelflife-db/master/lib/seeds/ingredients.csv,"ingredients.csv record: Papaya, mango, feijoa, passionfruit, casaha melon",1 week refrigerated,Inspect for spoilage and follow package/manufacturer instructions when available.
114,38,Kuini,5,2,FREEZER,<= -18 C,AVAILABLE,6,8,MONTHS,180.0,240.0,210.0,CATEGORY_GENERALIZATION,LOW,FoodKeeper ingredients.csv (public mirror of USDA FoodKeeper dataset),https://raw.githubusercontent.com/jelera/food-shelflife-db/master/lib/seeds/ingredients.csv,"ingredients.csv record: Papaya, mango, feijoa, passionfruit, casaha melon",6-8 months frozen,Freezer durations are quality guidance; freezing may soften fruit after thawing. Prepare and package fruit appropriately before freezing.
115,39,Kundang,5,3,ROOM_TEMP,25-30 C,QUALITATIVE_ONLY,,,,,,,CATEGORY_GENERALIZATION,LOW,FoodKeeper ingredients.csv (public mirror of USDA FoodKeeper dataset),https://raw.githubusercontent.com/jelera/food-shelflife-db/master/lib/seeds/ingredients.csv,"ingredients.csv record: Peaches, nectarines, plums, pears, sapote",Keep at room temperature until ripe,Inspect for spoilage and follow package/manufacturer instructions when available.
116,39,Kundang,5,1,FRIDGE,0-4 C,AVAILABLE,3,5,DAYS,3.0,5.0,4.0,CATEGORY_GENERALIZATION,LOW,FoodKeeper ingredients.csv (public mirror of USDA FoodKeeper dataset),https://raw.githubusercontent.com/jelera/food-shelflife-db/master/lib/seeds/ingredients.csv,"ingredients.csv record: Peaches, nectarines, plums, pears, sapote",3-5 days refrigerated once ripe,Inspect for spoilage and follow package/manufacturer instructions when available.
117,39,Kundang,5,2,FREEZER,<= -18 C,AVAILABLE,2,2,MONTHS,60.0,60.0,60.0,CATEGORY_GENERALIZATION,LOW,FoodKeeper ingredients.csv (public mirror of USDA FoodKeeper dataset),https://raw.githubusercontent.com/jelera/food-shelflife-db/master/lib/seeds/ingredients.csv,"ingredients.csv record: Peaches, nectarines, plums, pears, sapote",2 months frozen,Freezer durations are quality guidance; freezing may soften fruit after thawing. Prepare and package fruit appropriately before freezing.
118,40,Lemon,5,3,ROOM_TEMP,25-30 C,AVAILABLE,10,10,DAYS,10.0,10.0,10.0,PRODUCT_SPECIFIC,HIGH,FoodKeeper ingredients.csv (public mirror of USDA FoodKeeper dataset),https://raw.githubusercontent.com/jelera/food-shelflife-db/master/lib/seeds/ingredients.csv,ingredients.csv record: Citrus fruit,10 days after purchase in pantry,Inspect for spoilage and follow package/manufacturer instructions when available.
119,40,Lemon,5,1,FRIDGE,0-4 C,AVAILABLE,10,21,DAYS,10.0,21.0,15.5,PRODUCT_SPECIFIC,HIGH,FoodKeeper ingredients.csv (public mirror of USDA FoodKeeper dataset),https://raw.githubusercontent.com/jelera/food-shelflife-db/master/lib/seeds/ingredients.csv,ingredients.csv record: Citrus fruit,10-21 days refrigerated,Inspect for spoilage and follow package/manufacturer instructions when available.
120,40,Lemon,5,2,FREEZER,<= -18 C,NOT_RECOMMENDED,,,,,,,PRODUCT_SPECIFIC,HIGH,FoodKeeper ingredients.csv (public mirror of USDA FoodKeeper dataset),https://raw.githubusercontent.com/jelera/food-shelflife-db/master/lib/seeds/ingredients.csv,ingredients.csv record: Citrus fruit,Not recommended for freezing in the fresh whole state,Inspect for spoilage and follow package/manufacturer instructions when available.
121,41,Longan,5,3,ROOM_TEMP,25-30 C,NOT_RECOMMENDED,,,,,,,CATEGORY_GENERALIZATION,LOW,FoodKeeper ingredients.csv (public mirror of USDA FoodKeeper dataset),https://raw.githubusercontent.com/jelera/food-shelflife-db/master/lib/seeds/ingredients.csv,"ingredients.csv record: Berries - cherries, goose berries, lychee",No pantry duration supplied; refrigerate promptly for quality,Inspect for spoilage and follow package/manufacturer instructions when available.
122,41,Longan,5,1,FRIDGE,0-4 C,AVAILABLE,7,7,DAYS,7.0,7.0,7.0,CATEGORY_GENERALIZATION,MEDIUM,FoodKeeper ingredients.csv (public mirror of USDA FoodKeeper dataset),https://raw.githubusercontent.com/jelera/food-shelflife-db/master/lib/seeds/ingredients.csv,"ingredients.csv record: Berries - cherries, goose berries, lychee",7 days refrigerated,Inspect for spoilage and follow package/manufacturer instructions when available.
123,41,Longan,5,2,FREEZER,<= -18 C,AVAILABLE,12,12,MONTHS,360.0,360.0,360.0,CATEGORY_GENERALIZATION,MEDIUM,FoodKeeper ingredients.csv (public mirror of USDA FoodKeeper dataset),https://raw.githubusercontent.com/jelera/food-shelflife-db/master/lib/seeds/ingredients.csv,"ingredients.csv record: Berries - cherries, goose berries, lychee",12 months frozen,Freezer durations are quality guidance; freezing may soften fruit after thawing. Prepare and package fruit appropriately before freezing.
124,42,Passion Fruit,5,3,ROOM_TEMP,25-30 C,AVAILABLE,3,5,DAYS,3.0,5.0,4.0,PRODUCT_SPECIFIC,HIGH,FoodKeeper ingredients.csv (public mirror of USDA FoodKeeper dataset),https://raw.githubusercontent.com/jelera/food-shelflife-db/master/lib/seeds/ingredients.csv,"ingredients.csv record: Papaya, mango, feijoa, passionfruit, casaha melon",3-5 days in pantry,Inspect for spoilage and follow package/manufacturer instructions when available.
125,42,Passion Fruit,5,1,FRIDGE,0-4 C,AVAILABLE,7,7,DAYS,7.0,7.0,7.0,PRODUCT_SPECIFIC,HIGH,FoodKeeper ingredients.csv (public mirror of USDA FoodKeeper dataset),https://raw.githubusercontent.com/jelera/food-shelflife-db/master/lib/seeds/ingredients.csv,"ingredients.csv record: Papaya, mango, feijoa, passionfruit, casaha melon",1 week refrigerated,Inspect for spoilage and follow package/manufacturer instructions when available.
126,42,Passion Fruit,5,2,FREEZER,<= -18 C,AVAILABLE,6,8,MONTHS,180.0,240.0,210.0,PRODUCT_SPECIFIC,HIGH,FoodKeeper ingredients.csv (public mirror of USDA FoodKeeper dataset),https://raw.githubusercontent.com/jelera/food-shelflife-db/master/lib/seeds/ingredients.csv,"ingredients.csv record: Papaya, mango, feijoa, passionfruit, casaha melon",6-8 months frozen,Freezer durations are quality guidance; freezing may soften fruit after thawing. Prepare and package fruit appropriately before freezing.
127,43,Cat's Eye Fruit (Mata Kucing),5,3,ROOM_TEMP,25-30 C,NOT_RECOMMENDED,,,,,,,CATEGORY_GENERALIZATION,LOW,FoodKeeper ingredients.csv (public mirror of USDA FoodKeeper dataset),https://raw.githubusercontent.com/jelera/food-shelflife-db/master/lib/seeds/ingredients.csv,"ingredients.csv record: Berries - cherries, goose berries, lychee",No pantry duration supplied; refrigerate promptly for quality,Inspect for spoilage and follow package/manufacturer instructions when available.
128,43,Cat's Eye Fruit (Mata Kucing),5,1,FRIDGE,0-4 C,AVAILABLE,7,7,DAYS,7.0,7.0,7.0,CATEGORY_GENERALIZATION,MEDIUM,FoodKeeper ingredients.csv (public mirror of USDA FoodKeeper dataset),https://raw.githubusercontent.com/jelera/food-shelflife-db/master/lib/seeds/ingredients.csv,"ingredients.csv record: Berries - cherries, goose berries, lychee",7 days refrigerated,Inspect for spoilage and follow package/manufacturer instructions when available.
129,43,Cat's Eye Fruit (Mata Kucing),5,2,FREEZER,<= -18 C,AVAILABLE,12,12,MONTHS,360.0,360.0,360.0,CATEGORY_GENERALIZATION,MEDIUM,FoodKeeper ingredients.csv (public mirror of USDA FoodKeeper dataset),https://raw.githubusercontent.com/jelera/food-shelflife-db/master/lib/seeds/ingredients.csv,"ingredients.csv record: Berries - cherries, goose berries, lychee",12 months frozen,Freezer durations are quality guidance; freezing may soften fruit after thawing. Prepare and package fruit appropriately before freezing.
130,44,Velvet Apple,5,3,ROOM_TEMP,25-30 C,QUALITATIVE_ONLY,,,,,,,CATEGORY_GENERALIZATION,LOW,FoodKeeper ingredients.csv (public mirror of USDA FoodKeeper dataset),https://raw.githubusercontent.com/jelera/food-shelflife-db/master/lib/seeds/ingredients.csv,"ingredients.csv record: Peaches, nectarines, plums, pears, sapote",Keep at room temperature until ripe,Inspect for spoilage and follow package/manufacturer instructions when available.
131,44,Velvet Apple,5,1,FRIDGE,0-4 C,AVAILABLE,3,5,DAYS,3.0,5.0,4.0,CATEGORY_GENERALIZATION,LOW,FoodKeeper ingredients.csv (public mirror of USDA FoodKeeper dataset),https://raw.githubusercontent.com/jelera/food-shelflife-db/master/lib/seeds/ingredients.csv,"ingredients.csv record: Peaches, nectarines, plums, pears, sapote",3-5 days refrigerated once ripe,Inspect for spoilage and follow package/manufacturer instructions when available.
132,44,Velvet Apple,5,2,FREEZER,<= -18 C,AVAILABLE,2,2,MONTHS,60.0,60.0,60.0,CATEGORY_GENERALIZATION,LOW,FoodKeeper ingredients.csv (public mirror of USDA FoodKeeper dataset),https://raw.githubusercontent.com/jelera/food-shelflife-db/master/lib/seeds/ingredients.csv,"ingredients.csv record: Peaches, nectarines, plums, pears, sapote",2 months frozen,Freezer durations are quality guidance; freezing may soften fruit after thawing. Prepare and package fruit appropriately before freezing.
133,45,Sweet-sop,5,3,ROOM_TEMP,25-30 C,QUALITATIVE_ONLY,,,,,,,CATEGORY_GENERALIZATION,LOW,FoodKeeper ingredients.csv (public mirror of USDA FoodKeeper dataset),https://raw.githubusercontent.com/jelera/food-shelflife-db/master/lib/seeds/ingredients.csv,ingredients.csv record: Cherimoya,Keep at room temperature until ripe,Inspect for spoilage and follow package/manufacturer instructions when available.
134,45,Sweet-sop,5,1,FRIDGE,0-4 C,AVAILABLE,4,4,DAYS,4.0,4.0,4.0,CATEGORY_GENERALIZATION,MEDIUM,FoodKeeper ingredients.csv (public mirror of USDA FoodKeeper dataset),https://raw.githubusercontent.com/jelera/food-shelflife-db/master/lib/seeds/ingredients.csv,ingredients.csv record: Cherimoya,4 days refrigerated once ripe,Inspect for spoilage and follow package/manufacturer instructions when available.
135,45,Sweet-sop,5,2,FREEZER,<= -18 C,AVAILABLE,10,12,MONTHS,300.0,360.0,330.0,CATEGORY_GENERALIZATION,MEDIUM,FoodKeeper ingredients.csv (public mirror of USDA FoodKeeper dataset),https://raw.githubusercontent.com/jelera/food-shelflife-db/master/lib/seeds/ingredients.csv,ingredients.csv record: Cherimoya,10-12 months frozen,Freezer durations are quality guidance; freezing may soften fruit after thawing. Prepare and package fruit appropriately before freezing.
136,46,Custard Apple,5,3,ROOM_TEMP,25-30 C,QUALITATIVE_ONLY,,,,,,,CATEGORY_GENERALIZATION,LOW,FoodKeeper ingredients.csv (public mirror of USDA FoodKeeper dataset),https://raw.githubusercontent.com/jelera/food-shelflife-db/master/lib/seeds/ingredients.csv,ingredients.csv record: Cherimoya,Keep at room temperature until ripe,Inspect for spoilage and follow package/manufacturer instructions when available.
137,46,Custard Apple,5,1,FRIDGE,0-4 C,AVAILABLE,4,4,DAYS,4.0,4.0,4.0,CATEGORY_GENERALIZATION,MEDIUM,FoodKeeper ingredients.csv (public mirror of USDA FoodKeeper dataset),https://raw.githubusercontent.com/jelera/food-shelflife-db/master/lib/seeds/ingredients.csv,ingredients.csv record: Cherimoya,4 days refrigerated once ripe,Inspect for spoilage and follow package/manufacturer instructions when available.
138,46,Custard Apple,5,2,FREEZER,<= -18 C,AVAILABLE,10,12,MONTHS,300.0,360.0,330.0,CATEGORY_GENERALIZATION,MEDIUM,FoodKeeper ingredients.csv (public mirror of USDA FoodKeeper dataset),https://raw.githubusercontent.com/jelera/food-shelflife-db/master/lib/seeds/ingredients.csv,ingredients.csv record: Cherimoya,10-12 months frozen,Freezer durations are quality guidance; freezing may soften fruit after thawing. Prepare and package fruit appropriately before freezing.
139,47,Persimmon,5,3,ROOM_TEMP,25-30 C,QUALITATIVE_ONLY,,,,,,,CATEGORY_GENERALIZATION,LOW,FoodKeeper ingredients.csv (public mirror of USDA FoodKeeper dataset),https://raw.githubusercontent.com/jelera/food-shelflife-db/master/lib/seeds/ingredients.csv,"ingredients.csv record: Peaches, nectarines, plums, pears, sapote",Keep at room temperature until ripe,Inspect for spoilage and follow package/manufacturer instructions when available.
140,47,Persimmon,5,1,FRIDGE,0-4 C,AVAILABLE,3,5,DAYS,3.0,5.0,4.0,CATEGORY_GENERALIZATION,LOW,FoodKeeper ingredients.csv (public mirror of USDA FoodKeeper dataset),https://raw.githubusercontent.com/jelera/food-shelflife-db/master/lib/seeds/ingredients.csv,"ingredients.csv record: Peaches, nectarines, plums, pears, sapote",3-5 days refrigerated once ripe,Inspect for spoilage and follow package/manufacturer instructions when available.
141,47,Persimmon,5,2,FREEZER,<= -18 C,AVAILABLE,2,2,MONTHS,60.0,60.0,60.0,CATEGORY_GENERALIZATION,LOW,FoodKeeper ingredients.csv (public mirror of USDA FoodKeeper dataset),https://raw.githubusercontent.com/jelera/food-shelflife-db/master/lib/seeds/ingredients.csv,"ingredients.csv record: Peaches, nectarines, plums, pears, sapote",2 months frozen,Freezer durations are quality guidance; freezing may soften fruit after thawing. Prepare and package fruit appropriately before freezing.
142,48,Rambai,5,3,ROOM_TEMP,25-30 C,AVAILABLE,3,5,DAYS,3.0,5.0,4.0,CATEGORY_GENERALIZATION,LOW,FoodKeeper ingredients.csv (public mirror of USDA FoodKeeper dataset),https://raw.githubusercontent.com/jelera/food-shelflife-db/master/lib/seeds/ingredients.csv,"ingredients.csv record: Papaya, mango, feijoa, passionfruit, casaha melon",3-5 days in pantry,Inspect for spoilage and follow package/manufacturer instructions when available.
143,48,Rambai,5,1,FRIDGE,0-4 C,AVAILABLE,7,7,DAYS,7.0,7.0,7.0,CATEGORY_GENERALIZATION,LOW,FoodKeeper ingredients.csv (public mirror of USDA FoodKeeper dataset),https://raw.githubusercontent.com/jelera/food-shelflife-db/master/lib/seeds/ingredients.csv,"ingredients.csv record: Papaya, mango, feijoa, passionfruit, casaha melon",1 week refrigerated,Inspect for spoilage and follow package/manufacturer instructions when available.
144,48,Rambai,5,2,FREEZER,<= -18 C,AVAILABLE,6,8,MONTHS,180.0,240.0,210.0,CATEGORY_GENERALIZATION,LOW,FoodKeeper ingredients.csv (public mirror of USDA FoodKeeper dataset),https://raw.githubusercontent.com/jelera/food-shelflife-db/master/lib/seeds/ingredients.csv,"ingredients.csv record: Papaya, mango, feijoa, passionfruit, casaha melon",6-8 months frozen,Freezer durations are quality guidance; freezing may soften fruit after thawing. Prepare and package fruit appropriately before freezing.
145,49,Breadfruit,5,3,ROOM_TEMP,25-30 C,AVAILABLE,3,5,DAYS,3.0,5.0,4.0,CATEGORY_GENERALIZATION,LOW,FoodKeeper ingredients.csv (public mirror of USDA FoodKeeper dataset),https://raw.githubusercontent.com/jelera/food-shelflife-db/master/lib/seeds/ingredients.csv,"ingredients.csv record: Papaya, mango, feijoa, passionfruit, casaha melon",3-5 days in pantry,Inspect for spoilage and follow package/manufacturer instructions when available.
146,49,Breadfruit,5,1,FRIDGE,0-4 C,AVAILABLE,7,7,DAYS,7.0,7.0,7.0,CATEGORY_GENERALIZATION,LOW,FoodKeeper ingredients.csv (public mirror of USDA FoodKeeper dataset),https://raw.githubusercontent.com/jelera/food-shelflife-db/master/lib/seeds/ingredients.csv,"ingredients.csv record: Papaya, mango, feijoa, passionfruit, casaha melon",1 week refrigerated,Inspect for spoilage and follow package/manufacturer instructions when available.
147,49,Breadfruit,5,2,FREEZER,<= -18 C,AVAILABLE,6,8,MONTHS,180.0,240.0,210.0,CATEGORY_GENERALIZATION,LOW,FoodKeeper ingredients.csv (public mirror of USDA FoodKeeper dataset),https://raw.githubusercontent.com/jelera/food-shelflife-db/master/lib/seeds/ingredients.csv,"ingredients.csv record: Papaya, mango, feijoa, passionfruit, casaha melon",6-8 months frozen,Freezer durations are quality guidance; freezing may soften fruit after thawing. Prepare and package fruit appropriately before freezing.
148,50,Honeydew,5,3,ROOM_TEMP,25-30 C,AVAILABLE,2,7,DAYS,2.0,7.0,4.5,PRODUCT_SPECIFIC,HIGH,FoodKeeper ingredients.csv (public mirror of USDA FoodKeeper dataset),https://raw.githubusercontent.com/jelera/food-shelflife-db/master/lib/seeds/ingredients.csv,ingredients.csv record: Honeydew,2-7 days after purchase in pantry,Inspect for spoilage and follow package/manufacturer instructions when available.
149,50,Honeydew,5,1,FRIDGE,0-4 C,AVAILABLE,3,4,DAYS,3.0,4.0,3.5,PRODUCT_SPECIFIC,HIGH,FoodKeeper ingredients.csv (public mirror of USDA FoodKeeper dataset),https://raw.githubusercontent.com/jelera/food-shelflife-db/master/lib/seeds/ingredients.csv,ingredients.csv record: Honeydew,3-4 days refrigerated,Inspect for spoilage and follow package/manufacturer instructions when available.
150,50,Honeydew,5,2,FREEZER,<= -18 C,AVAILABLE,12,12,MONTHS,360.0,360.0,360.0,PRODUCT_SPECIFIC,HIGH,FoodKeeper ingredients.csv (public mirror of USDA FoodKeeper dataset),https://raw.githubusercontent.com/jelera/food-shelflife-db/master/lib/seeds/ingredients.csv,ingredients.csv record: Honeydew,12 months frozen,Freezer durations are quality guidance; freezing may soften fruit after thawing. Prepare and package fruit appropriately before freezing.
151,51,Indian Mackerel,3,3,ROOM_TEMP,25-30 C,NOT_RECOMMENDED,0,2,HOURS,0.0,0.083,0.042,CATEGORY_GENERALIZATION,HIGH,Selecting and Serving Fresh and Frozen Seafood Safely,https://www.fda.gov/food/buy-store-serve-safe-food/selecting-and-serving-fresh-and-frozen-seafood-safely,Serving: two-hour rule,Never leave seafood out more than 2 hours; 1 hour only above 32 C,Discard after the safety maximum; this is not an endorsed room-temperature storage method.
152,51,Indian Mackerel,3,1,FRIDGE,0-4 C,AVAILABLE,1,2,DAYS,1.0,2.0,1.5,CATEGORY_GENERALIZATION,MEDIUM,FoodKeeper ingredients.csv (public mirror of USDA FoodKeeper dataset),https://raw.githubusercontent.com/jelera/food-shelflife-db/master/lib/seeds/ingredients.csv,"ingredients.csv record: Fatty fish; catfish, mackerel, mullet, salmon, tuna, etc.","1-2 days refrigerated; FoodKeeper category: Fatty fish; catfish, mackerel, mullet, salmon, tuna, etc.",Keep continuously chilled/frozen; use package instructions when more restrictive.
153,51,Indian Mackerel,3,2,FREEZER,<= -18 C,AVAILABLE,2,3,MONTHS,60.0,90.0,75.0,CATEGORY_GENERALIZATION,MEDIUM,FoodKeeper ingredients.csv (public mirror of USDA FoodKeeper dataset),https://raw.githubusercontent.com/jelera/food-shelflife-db/master/lib/seeds/ingredients.csv,"ingredients.csv record: Fatty fish; catfish, mackerel, mullet, salmon, tuna, etc.","2-3 months frozen; FoodKeeper category: Fatty fish; catfish, mackerel, mullet, salmon, tuna, etc.",Keep continuously chilled/frozen; use package instructions when more restrictive.
154,52,Short Mackerel,3,3,ROOM_TEMP,25-30 C,NOT_RECOMMENDED,0,2,HOURS,0.0,0.083,0.042,CATEGORY_GENERALIZATION,HIGH,Selecting and Serving Fresh and Frozen Seafood Safely,https://www.fda.gov/food/buy-store-serve-safe-food/selecting-and-serving-fresh-and-frozen-seafood-safely,Serving: two-hour rule,Never leave seafood out more than 2 hours; 1 hour only above 32 C,Discard after the safety maximum; this is not an endorsed room-temperature storage method.
155,52,Short Mackerel,3,1,FRIDGE,0-4 C,AVAILABLE,1,2,DAYS,1.0,2.0,1.5,CATEGORY_GENERALIZATION,MEDIUM,FoodKeeper ingredients.csv (public mirror of USDA FoodKeeper dataset),https://raw.githubusercontent.com/jelera/food-shelflife-db/master/lib/seeds/ingredients.csv,"ingredients.csv record: Fatty fish; catfish, mackerel, mullet, salmon, tuna, etc.","1-2 days refrigerated; FoodKeeper category: Fatty fish; catfish, mackerel, mullet, salmon, tuna, etc.",Keep continuously chilled/frozen; use package instructions when more restrictive.
156,52,Short Mackerel,3,2,FREEZER,<= -18 C,AVAILABLE,2,3,MONTHS,60.0,90.0,75.0,CATEGORY_GENERALIZATION,MEDIUM,FoodKeeper ingredients.csv (public mirror of USDA FoodKeeper dataset),https://raw.githubusercontent.com/jelera/food-shelflife-db/master/lib/seeds/ingredients.csv,"ingredients.csv record: Fatty fish; catfish, mackerel, mullet, salmon, tuna, etc.","2-3 months frozen; FoodKeeper category: Fatty fish; catfish, mackerel, mullet, salmon, tuna, etc.",Keep continuously chilled/frozen; use package instructions when more restrictive.
157,53,Narrow-barred Spanish Mackerel,3,3,ROOM_TEMP,25-30 C,NOT_RECOMMENDED,0,2,HOURS,0.0,0.083,0.042,CATEGORY_GENERALIZATION,HIGH,Selecting and Serving Fresh and Frozen Seafood Safely,https://www.fda.gov/food/buy-store-serve-safe-food/selecting-and-serving-fresh-and-frozen-seafood-safely,Serving: two-hour rule,Never leave seafood out more than 2 hours; 1 hour only above 32 C,Discard after the safety maximum; this is not an endorsed room-temperature storage method.
158,53,Narrow-barred Spanish Mackerel,3,1,FRIDGE,0-4 C,AVAILABLE,1,2,DAYS,1.0,2.0,1.5,CATEGORY_GENERALIZATION,MEDIUM,FoodKeeper ingredients.csv (public mirror of USDA FoodKeeper dataset),https://raw.githubusercontent.com/jelera/food-shelflife-db/master/lib/seeds/ingredients.csv,"ingredients.csv record: Fatty fish; catfish, mackerel, mullet, salmon, tuna, etc.","1-2 days refrigerated; FoodKeeper category: Fatty fish; catfish, mackerel, mullet, salmon, tuna, etc.",Keep continuously chilled/frozen; use package instructions when more restrictive.
159,53,Narrow-barred Spanish Mackerel,3,2,FREEZER,<= -18 C,AVAILABLE,2,3,MONTHS,60.0,90.0,75.0,CATEGORY_GENERALIZATION,MEDIUM,FoodKeeper ingredients.csv (public mirror of USDA FoodKeeper dataset),https://raw.githubusercontent.com/jelera/food-shelflife-db/master/lib/seeds/ingredients.csv,"ingredients.csv record: Fatty fish; catfish, mackerel, mullet, salmon, tuna, etc.","2-3 months frozen; FoodKeeper category: Fatty fish; catfish, mackerel, mullet, salmon, tuna, etc.",Keep continuously chilled/frozen; use package instructions when more restrictive.
160,54,Indo-Pacific King Mackerel,3,3,ROOM_TEMP,25-30 C,NOT_RECOMMENDED,0,2,HOURS,0.0,0.083,0.042,CATEGORY_GENERALIZATION,HIGH,Selecting and Serving Fresh and Frozen Seafood Safely,https://www.fda.gov/food/buy-store-serve-safe-food/selecting-and-serving-fresh-and-frozen-seafood-safely,Serving: two-hour rule,Never leave seafood out more than 2 hours; 1 hour only above 32 C,Discard after the safety maximum; this is not an endorsed room-temperature storage method.
161,54,Indo-Pacific King Mackerel,3,1,FRIDGE,0-4 C,AVAILABLE,1,2,DAYS,1.0,2.0,1.5,CATEGORY_GENERALIZATION,MEDIUM,FoodKeeper ingredients.csv (public mirror of USDA FoodKeeper dataset),https://raw.githubusercontent.com/jelera/food-shelflife-db/master/lib/seeds/ingredients.csv,"ingredients.csv record: Fatty fish; catfish, mackerel, mullet, salmon, tuna, etc.","1-2 days refrigerated; FoodKeeper category: Fatty fish; catfish, mackerel, mullet, salmon, tuna, etc.",Keep continuously chilled/frozen; use package instructions when more restrictive.
162,54,Indo-Pacific King Mackerel,3,2,FREEZER,<= -18 C,AVAILABLE,2,3,MONTHS,60.0,90.0,75.0,CATEGORY_GENERALIZATION,MEDIUM,FoodKeeper ingredients.csv (public mirror of USDA FoodKeeper dataset),https://raw.githubusercontent.com/jelera/food-shelflife-db/master/lib/seeds/ingredients.csv,"ingredients.csv record: Fatty fish; catfish, mackerel, mullet, salmon, tuna, etc.","2-3 months frozen; FoodKeeper category: Fatty fish; catfish, mackerel, mullet, salmon, tuna, etc.",Keep continuously chilled/frozen; use package instructions when more restrictive.
163,55,Yellowstripe Scad,3,3,ROOM_TEMP,25-30 C,NOT_RECOMMENDED,0,2,HOURS,0.0,0.083,0.042,CATEGORY_GENERALIZATION,HIGH,Selecting and Serving Fresh and Frozen Seafood Safely,https://www.fda.gov/food/buy-store-serve-safe-food/selecting-and-serving-fresh-and-frozen-seafood-safely,Serving: two-hour rule,Never leave seafood out more than 2 hours; 1 hour only above 32 C,Discard after the safety maximum; this is not an endorsed room-temperature storage method.
164,55,Yellowstripe Scad,3,1,FRIDGE,0-4 C,AVAILABLE,1,2,DAYS,1.0,2.0,1.5,CATEGORY_GENERALIZATION,MEDIUM,FoodKeeper ingredients.csv (public mirror of USDA FoodKeeper dataset),https://raw.githubusercontent.com/jelera/food-shelflife-db/master/lib/seeds/ingredients.csv,"ingredients.csv record: Lean fish; cod, flounder, haddock, halibut, sole, etc.","1-2 days refrigerated; FoodKeeper category: Lean fish; cod, flounder, haddock, halibut, sole, etc.",Keep continuously chilled/frozen; use package instructions when more restrictive.
165,55,Yellowstripe Scad,3,2,FREEZER,<= -18 C,AVAILABLE,6,8,MONTHS,180.0,240.0,210.0,CATEGORY_GENERALIZATION,MEDIUM,FoodKeeper ingredients.csv (public mirror of USDA FoodKeeper dataset),https://raw.githubusercontent.com/jelera/food-shelflife-db/master/lib/seeds/ingredients.csv,"ingredients.csv record: Lean fish; cod, flounder, haddock, halibut, sole, etc.","6-8 months frozen; FoodKeeper category: Lean fish; cod, flounder, haddock, halibut, sole, etc.",Keep continuously chilled/frozen; use package instructions when more restrictive.
166,56,Yellowtail Scad,3,3,ROOM_TEMP,25-30 C,NOT_RECOMMENDED,0,2,HOURS,0.0,0.083,0.042,CATEGORY_GENERALIZATION,HIGH,Selecting and Serving Fresh and Frozen Seafood Safely,https://www.fda.gov/food/buy-store-serve-safe-food/selecting-and-serving-fresh-and-frozen-seafood-safely,Serving: two-hour rule,Never leave seafood out more than 2 hours; 1 hour only above 32 C,Discard after the safety maximum; this is not an endorsed room-temperature storage method.
167,56,Yellowtail Scad,3,1,FRIDGE,0-4 C,AVAILABLE,1,2,DAYS,1.0,2.0,1.5,CATEGORY_GENERALIZATION,MEDIUM,FoodKeeper ingredients.csv (public mirror of USDA FoodKeeper dataset),https://raw.githubusercontent.com/jelera/food-shelflife-db/master/lib/seeds/ingredients.csv,"ingredients.csv record: Lean fish; cod, flounder, haddock, halibut, sole, etc.","1-2 days refrigerated; FoodKeeper category: Lean fish; cod, flounder, haddock, halibut, sole, etc.",Keep continuously chilled/frozen; use package instructions when more restrictive.
168,56,Yellowtail Scad,3,2,FREEZER,<= -18 C,AVAILABLE,6,8,MONTHS,180.0,240.0,210.0,CATEGORY_GENERALIZATION,MEDIUM,FoodKeeper ingredients.csv (public mirror of USDA FoodKeeper dataset),https://raw.githubusercontent.com/jelera/food-shelflife-db/master/lib/seeds/ingredients.csv,"ingredients.csv record: Lean fish; cod, flounder, haddock, halibut, sole, etc.","6-8 months frozen; FoodKeeper category: Lean fish; cod, flounder, haddock, halibut, sole, etc.",Keep continuously chilled/frozen; use package instructions when more restrictive.
169,57,Torpedo Scad,3,3,ROOM_TEMP,25-30 C,NOT_RECOMMENDED,0,2,HOURS,0.0,0.083,0.042,CATEGORY_GENERALIZATION,HIGH,Selecting and Serving Fresh and Frozen Seafood Safely,https://www.fda.gov/food/buy-store-serve-safe-food/selecting-and-serving-fresh-and-frozen-seafood-safely,Serving: two-hour rule,Never leave seafood out more than 2 hours; 1 hour only above 32 C,Discard after the safety maximum; this is not an endorsed room-temperature storage method.
170,57,Torpedo Scad,3,1,FRIDGE,0-4 C,AVAILABLE,1,2,DAYS,1.0,2.0,1.5,CATEGORY_GENERALIZATION,MEDIUM,FoodKeeper ingredients.csv (public mirror of USDA FoodKeeper dataset),https://raw.githubusercontent.com/jelera/food-shelflife-db/master/lib/seeds/ingredients.csv,"ingredients.csv record: Lean fish; cod, flounder, haddock, halibut, sole, etc.","1-2 days refrigerated; FoodKeeper category: Lean fish; cod, flounder, haddock, halibut, sole, etc.",Keep continuously chilled/frozen; use package instructions when more restrictive.
171,57,Torpedo Scad,3,2,FREEZER,<= -18 C,AVAILABLE,6,8,MONTHS,180.0,240.0,210.0,CATEGORY_GENERALIZATION,MEDIUM,FoodKeeper ingredients.csv (public mirror of USDA FoodKeeper dataset),https://raw.githubusercontent.com/jelera/food-shelflife-db/master/lib/seeds/ingredients.csv,"ingredients.csv record: Lean fish; cod, flounder, haddock, halibut, sole, etc.","6-8 months frozen; FoodKeeper category: Lean fish; cod, flounder, haddock, halibut, sole, etc.",Keep continuously chilled/frozen; use package instructions when more restrictive.
172,58,Indian Scad,3,3,ROOM_TEMP,25-30 C,NOT_RECOMMENDED,0,2,HOURS,0.0,0.083,0.042,CATEGORY_GENERALIZATION,HIGH,Selecting and Serving Fresh and Frozen Seafood Safely,https://www.fda.gov/food/buy-store-serve-safe-food/selecting-and-serving-fresh-and-frozen-seafood-safely,Serving: two-hour rule,Never leave seafood out more than 2 hours; 1 hour only above 32 C,Discard after the safety maximum; this is not an endorsed room-temperature storage method.
173,58,Indian Scad,3,1,FRIDGE,0-4 C,AVAILABLE,1,2,DAYS,1.0,2.0,1.5,CATEGORY_GENERALIZATION,MEDIUM,FoodKeeper ingredients.csv (public mirror of USDA FoodKeeper dataset),https://raw.githubusercontent.com/jelera/food-shelflife-db/master/lib/seeds/ingredients.csv,"ingredients.csv record: Lean fish; cod, flounder, haddock, halibut, sole, etc.","1-2 days refrigerated; FoodKeeper category: Lean fish; cod, flounder, haddock, halibut, sole, etc.",Keep continuously chilled/frozen; use package instructions when more restrictive.
174,58,Indian Scad,3,2,FREEZER,<= -18 C,AVAILABLE,6,8,MONTHS,180.0,240.0,210.0,CATEGORY_GENERALIZATION,MEDIUM,FoodKeeper ingredients.csv (public mirror of USDA FoodKeeper dataset),https://raw.githubusercontent.com/jelera/food-shelflife-db/master/lib/seeds/ingredients.csv,"ingredients.csv record: Lean fish; cod, flounder, haddock, halibut, sole, etc.","6-8 months frozen; FoodKeeper category: Lean fish; cod, flounder, haddock, halibut, sole, etc.",Keep continuously chilled/frozen; use package instructions when more restrictive.
175,59,Goldstripe Sardinella,3,3,ROOM_TEMP,25-30 C,NOT_RECOMMENDED,0,2,HOURS,0.0,0.083,0.042,CATEGORY_GENERALIZATION,HIGH,Selecting and Serving Fresh and Frozen Seafood Safely,https://www.fda.gov/food/buy-store-serve-safe-food/selecting-and-serving-fresh-and-frozen-seafood-safely,Serving: two-hour rule,Never leave seafood out more than 2 hours; 1 hour only above 32 C,Discard after the safety maximum; this is not an endorsed room-temperature storage method.
176,59,Goldstripe Sardinella,3,1,FRIDGE,0-4 C,AVAILABLE,1,2,DAYS,1.0,2.0,1.5,CATEGORY_GENERALIZATION,MEDIUM,FoodKeeper ingredients.csv (public mirror of USDA FoodKeeper dataset),https://raw.githubusercontent.com/jelera/food-shelflife-db/master/lib/seeds/ingredients.csv,"ingredients.csv record: Fatty fish; catfish, mackerel, mullet, salmon, tuna, etc.","1-2 days refrigerated; FoodKeeper category: Fatty fish; catfish, mackerel, mullet, salmon, tuna, etc.",Keep continuously chilled/frozen; use package instructions when more restrictive.
177,59,Goldstripe Sardinella,3,2,FREEZER,<= -18 C,AVAILABLE,2,3,MONTHS,60.0,90.0,75.0,CATEGORY_GENERALIZATION,MEDIUM,FoodKeeper ingredients.csv (public mirror of USDA FoodKeeper dataset),https://raw.githubusercontent.com/jelera/food-shelflife-db/master/lib/seeds/ingredients.csv,"ingredients.csv record: Fatty fish; catfish, mackerel, mullet, salmon, tuna, etc.","2-3 months frozen; FoodKeeper category: Fatty fish; catfish, mackerel, mullet, salmon, tuna, etc.",Keep continuously chilled/frozen; use package instructions when more restrictive.
178,60,Indian Anchovy,3,3,ROOM_TEMP,25-30 C,NOT_RECOMMENDED,0,2,HOURS,0.0,0.083,0.042,CATEGORY_GENERALIZATION,HIGH,Selecting and Serving Fresh and Frozen Seafood Safely,https://www.fda.gov/food/buy-store-serve-safe-food/selecting-and-serving-fresh-and-frozen-seafood-safely,Serving: two-hour rule,Never leave seafood out more than 2 hours; 1 hour only above 32 C,Discard after the safety maximum; this is not an endorsed room-temperature storage method.
179,60,Indian Anchovy,3,1,FRIDGE,0-4 C,AVAILABLE,1,2,DAYS,1.0,2.0,1.5,CATEGORY_GENERALIZATION,MEDIUM,FoodKeeper ingredients.csv (public mirror of USDA FoodKeeper dataset),https://raw.githubusercontent.com/jelera/food-shelflife-db/master/lib/seeds/ingredients.csv,"ingredients.csv record: Fatty fish; catfish, mackerel, mullet, salmon, tuna, etc.","1-2 days refrigerated; FoodKeeper category: Fatty fish; catfish, mackerel, mullet, salmon, tuna, etc.",Keep continuously chilled/frozen; use package instructions when more restrictive.
180,60,Indian Anchovy,3,2,FREEZER,<= -18 C,AVAILABLE,2,3,MONTHS,60.0,90.0,75.0,CATEGORY_GENERALIZATION,MEDIUM,FoodKeeper ingredients.csv (public mirror of USDA FoodKeeper dataset),https://raw.githubusercontent.com/jelera/food-shelflife-db/master/lib/seeds/ingredients.csv,"ingredients.csv record: Fatty fish; catfish, mackerel, mullet, salmon, tuna, etc.","2-3 months frozen; FoodKeeper category: Fatty fish; catfish, mackerel, mullet, salmon, tuna, etc.",Keep continuously chilled/frozen; use package instructions when more restrictive.
181,61,Longtail Tuna,3,3,ROOM_TEMP,25-30 C,NOT_RECOMMENDED,0,2,HOURS,0.0,0.083,0.042,CATEGORY_GENERALIZATION,HIGH,Selecting and Serving Fresh and Frozen Seafood Safely,https://www.fda.gov/food/buy-store-serve-safe-food/selecting-and-serving-fresh-and-frozen-seafood-safely,Serving: two-hour rule,Never leave seafood out more than 2 hours; 1 hour only above 32 C,Discard after the safety maximum; this is not an endorsed room-temperature storage method.
182,61,Longtail Tuna,3,1,FRIDGE,0-4 C,AVAILABLE,1,2,DAYS,1.0,2.0,1.5,CATEGORY_GENERALIZATION,MEDIUM,FoodKeeper ingredients.csv (public mirror of USDA FoodKeeper dataset),https://raw.githubusercontent.com/jelera/food-shelflife-db/master/lib/seeds/ingredients.csv,"ingredients.csv record: Fatty fish; catfish, mackerel, mullet, salmon, tuna, etc.","1-2 days refrigerated; FoodKeeper category: Fatty fish; catfish, mackerel, mullet, salmon, tuna, etc.",Keep continuously chilled/frozen; use package instructions when more restrictive.
183,61,Longtail Tuna,3,2,FREEZER,<= -18 C,AVAILABLE,2,3,MONTHS,60.0,90.0,75.0,CATEGORY_GENERALIZATION,MEDIUM,FoodKeeper ingredients.csv (public mirror of USDA FoodKeeper dataset),https://raw.githubusercontent.com/jelera/food-shelflife-db/master/lib/seeds/ingredients.csv,"ingredients.csv record: Fatty fish; catfish, mackerel, mullet, salmon, tuna, etc.","2-3 months frozen; FoodKeeper category: Fatty fish; catfish, mackerel, mullet, salmon, tuna, etc.",Keep continuously chilled/frozen; use package instructions when more restrictive.
184,62,Skipjack Tuna,3,3,ROOM_TEMP,25-30 C,NOT_RECOMMENDED,0,2,HOURS,0.0,0.083,0.042,CATEGORY_GENERALIZATION,HIGH,Selecting and Serving Fresh and Frozen Seafood Safely,https://www.fda.gov/food/buy-store-serve-safe-food/selecting-and-serving-fresh-and-frozen-seafood-safely,Serving: two-hour rule,Never leave seafood out more than 2 hours; 1 hour only above 32 C,Discard after the safety maximum; this is not an endorsed room-temperature storage method.
185,62,Skipjack Tuna,3,1,FRIDGE,0-4 C,AVAILABLE,1,2,DAYS,1.0,2.0,1.5,CATEGORY_GENERALIZATION,MEDIUM,FoodKeeper ingredients.csv (public mirror of USDA FoodKeeper dataset),https://raw.githubusercontent.com/jelera/food-shelflife-db/master/lib/seeds/ingredients.csv,"ingredients.csv record: Fatty fish; catfish, mackerel, mullet, salmon, tuna, etc.","1-2 days refrigerated; FoodKeeper category: Fatty fish; catfish, mackerel, mullet, salmon, tuna, etc.",Keep continuously chilled/frozen; use package instructions when more restrictive.
186,62,Skipjack Tuna,3,2,FREEZER,<= -18 C,AVAILABLE,2,3,MONTHS,60.0,90.0,75.0,CATEGORY_GENERALIZATION,MEDIUM,FoodKeeper ingredients.csv (public mirror of USDA FoodKeeper dataset),https://raw.githubusercontent.com/jelera/food-shelflife-db/master/lib/seeds/ingredients.csv,"ingredients.csv record: Fatty fish; catfish, mackerel, mullet, salmon, tuna, etc.","2-3 months frozen; FoodKeeper category: Fatty fish; catfish, mackerel, mullet, salmon, tuna, etc.",Keep continuously chilled/frozen; use package instructions when more restrictive.
187,63,Kawakawa,3,3,ROOM_TEMP,25-30 C,NOT_RECOMMENDED,0,2,HOURS,0.0,0.083,0.042,CATEGORY_GENERALIZATION,HIGH,Selecting and Serving Fresh and Frozen Seafood Safely,https://www.fda.gov/food/buy-store-serve-safe-food/selecting-and-serving-fresh-and-frozen-seafood-safely,Serving: two-hour rule,Never leave seafood out more than 2 hours; 1 hour only above 32 C,Discard after the safety maximum; this is not an endorsed room-temperature storage method.
188,63,Kawakawa,3,1,FRIDGE,0-4 C,AVAILABLE,1,2,DAYS,1.0,2.0,1.5,CATEGORY_GENERALIZATION,MEDIUM,FoodKeeper ingredients.csv (public mirror of USDA FoodKeeper dataset),https://raw.githubusercontent.com/jelera/food-shelflife-db/master/lib/seeds/ingredients.csv,"ingredients.csv record: Fatty fish; catfish, mackerel, mullet, salmon, tuna, etc.","1-2 days refrigerated; FoodKeeper category: Fatty fish; catfish, mackerel, mullet, salmon, tuna, etc.",Keep continuously chilled/frozen; use package instructions when more restrictive.
189,63,Kawakawa,3,2,FREEZER,<= -18 C,AVAILABLE,2,3,MONTHS,60.0,90.0,75.0,CATEGORY_GENERALIZATION,MEDIUM,FoodKeeper ingredients.csv (public mirror of USDA FoodKeeper dataset),https://raw.githubusercontent.com/jelera/food-shelflife-db/master/lib/seeds/ingredients.csv,"ingredients.csv record: Fatty fish; catfish, mackerel, mullet, salmon, tuna, etc.","2-3 months frozen; FoodKeeper category: Fatty fish; catfish, mackerel, mullet, salmon, tuna, etc.",Keep continuously chilled/frozen; use package instructions when more restrictive.
190,64,Great Barracuda,3,3,ROOM_TEMP,25-30 C,NOT_RECOMMENDED,0,2,HOURS,0.0,0.083,0.042,CATEGORY_GENERALIZATION,HIGH,Selecting and Serving Fresh and Frozen Seafood Safely,https://www.fda.gov/food/buy-store-serve-safe-food/selecting-and-serving-fresh-and-frozen-seafood-safely,Serving: two-hour rule,Never leave seafood out more than 2 hours; 1 hour only above 32 C,Discard after the safety maximum; this is not an endorsed room-temperature storage method.
191,64,Great Barracuda,3,1,FRIDGE,0-4 C,AVAILABLE,1,2,DAYS,1.0,2.0,1.5,CATEGORY_GENERALIZATION,MEDIUM,FoodKeeper ingredients.csv (public mirror of USDA FoodKeeper dataset),https://raw.githubusercontent.com/jelera/food-shelflife-db/master/lib/seeds/ingredients.csv,"ingredients.csv record: Lean fish; cod, flounder, haddock, halibut, sole, etc.","1-2 days refrigerated; FoodKeeper category: Lean fish; cod, flounder, haddock, halibut, sole, etc.",Keep continuously chilled/frozen; use package instructions when more restrictive.
192,64,Great Barracuda,3,2,FREEZER,<= -18 C,AVAILABLE,6,8,MONTHS,180.0,240.0,210.0,CATEGORY_GENERALIZATION,MEDIUM,FoodKeeper ingredients.csv (public mirror of USDA FoodKeeper dataset),https://raw.githubusercontent.com/jelera/food-shelflife-db/master/lib/seeds/ingredients.csv,"ingredients.csv record: Lean fish; cod, flounder, haddock, halibut, sole, etc.","6-8 months frozen; FoodKeeper category: Lean fish; cod, flounder, haddock, halibut, sole, etc.",Keep continuously chilled/frozen; use package instructions when more restrictive.
193,65,Japanese Threadfin Bream,3,3,ROOM_TEMP,25-30 C,NOT_RECOMMENDED,0,2,HOURS,0.0,0.083,0.042,CATEGORY_GENERALIZATION,HIGH,Selecting and Serving Fresh and Frozen Seafood Safely,https://www.fda.gov/food/buy-store-serve-safe-food/selecting-and-serving-fresh-and-frozen-seafood-safely,Serving: two-hour rule,Never leave seafood out more than 2 hours; 1 hour only above 32 C,Discard after the safety maximum; this is not an endorsed room-temperature storage method.
194,65,Japanese Threadfin Bream,3,1,FRIDGE,0-4 C,AVAILABLE,1,2,DAYS,1.0,2.0,1.5,CATEGORY_GENERALIZATION,MEDIUM,FoodKeeper ingredients.csv (public mirror of USDA FoodKeeper dataset),https://raw.githubusercontent.com/jelera/food-shelflife-db/master/lib/seeds/ingredients.csv,"ingredients.csv record: Lean fish; cod, flounder, haddock, halibut, sole, etc.","1-2 days refrigerated; FoodKeeper category: Lean fish; cod, flounder, haddock, halibut, sole, etc.",Keep continuously chilled/frozen; use package instructions when more restrictive.
195,65,Japanese Threadfin Bream,3,2,FREEZER,<= -18 C,AVAILABLE,6,8,MONTHS,180.0,240.0,210.0,CATEGORY_GENERALIZATION,MEDIUM,FoodKeeper ingredients.csv (public mirror of USDA FoodKeeper dataset),https://raw.githubusercontent.com/jelera/food-shelflife-db/master/lib/seeds/ingredients.csv,"ingredients.csv record: Lean fish; cod, flounder, haddock, halibut, sole, etc.","6-8 months frozen; FoodKeeper category: Lean fish; cod, flounder, haddock, halibut, sole, etc.",Keep continuously chilled/frozen; use package instructions when more restrictive.
196,66,Malabar Blood Snapper,3,3,ROOM_TEMP,25-30 C,NOT_RECOMMENDED,0,2,HOURS,0.0,0.083,0.042,CATEGORY_GENERALIZATION,HIGH,Selecting and Serving Fresh and Frozen Seafood Safely,https://www.fda.gov/food/buy-store-serve-safe-food/selecting-and-serving-fresh-and-frozen-seafood-safely,Serving: two-hour rule,Never leave seafood out more than 2 hours; 1 hour only above 32 C,Discard after the safety maximum; this is not an endorsed room-temperature storage method.
197,66,Malabar Blood Snapper,3,1,FRIDGE,0-4 C,AVAILABLE,1,2,DAYS,1.0,2.0,1.5,CATEGORY_GENERALIZATION,MEDIUM,FoodKeeper ingredients.csv (public mirror of USDA FoodKeeper dataset),https://raw.githubusercontent.com/jelera/food-shelflife-db/master/lib/seeds/ingredients.csv,"ingredients.csv record: Lean fish; cod, flounder, haddock, halibut, sole, etc.","1-2 days refrigerated; FoodKeeper category: Lean fish; cod, flounder, haddock, halibut, sole, etc.",Keep continuously chilled/frozen; use package instructions when more restrictive.
198,66,Malabar Blood Snapper,3,2,FREEZER,<= -18 C,AVAILABLE,6,8,MONTHS,180.0,240.0,210.0,CATEGORY_GENERALIZATION,MEDIUM,FoodKeeper ingredients.csv (public mirror of USDA FoodKeeper dataset),https://raw.githubusercontent.com/jelera/food-shelflife-db/master/lib/seeds/ingredients.csv,"ingredients.csv record: Lean fish; cod, flounder, haddock, halibut, sole, etc.","6-8 months frozen; FoodKeeper category: Lean fish; cod, flounder, haddock, halibut, sole, etc.",Keep continuously chilled/frozen; use package instructions when more restrictive.
199,67,Orange-spotted Grouper,3,3,ROOM_TEMP,25-30 C,NOT_RECOMMENDED,0,2,HOURS,0.0,0.083,0.042,CATEGORY_GENERALIZATION,HIGH,Selecting and Serving Fresh and Frozen Seafood Safely,https://www.fda.gov/food/buy-store-serve-safe-food/selecting-and-serving-fresh-and-frozen-seafood-safely,Serving: two-hour rule,Never leave seafood out more than 2 hours; 1 hour only above 32 C,Discard after the safety maximum; this is not an endorsed room-temperature storage method.
200,67,Orange-spotted Grouper,3,1,FRIDGE,0-4 C,AVAILABLE,1,2,DAYS,1.0,2.0,1.5,CATEGORY_GENERALIZATION,MEDIUM,FoodKeeper ingredients.csv (public mirror of USDA FoodKeeper dataset),https://raw.githubusercontent.com/jelera/food-shelflife-db/master/lib/seeds/ingredients.csv,"ingredients.csv record: Lean fish; cod, flounder, haddock, halibut, sole, etc.","1-2 days refrigerated; FoodKeeper category: Lean fish; cod, flounder, haddock, halibut, sole, etc.",Keep continuously chilled/frozen; use package instructions when more restrictive.
201,67,Orange-spotted Grouper,3,2,FREEZER,<= -18 C,AVAILABLE,6,8,MONTHS,180.0,240.0,210.0,CATEGORY_GENERALIZATION,MEDIUM,FoodKeeper ingredients.csv (public mirror of USDA FoodKeeper dataset),https://raw.githubusercontent.com/jelera/food-shelflife-db/master/lib/seeds/ingredients.csv,"ingredients.csv record: Lean fish; cod, flounder, haddock, halibut, sole, etc.","6-8 months frozen; FoodKeeper category: Lean fish; cod, flounder, haddock, halibut, sole, etc.",Keep continuously chilled/frozen; use package instructions when more restrictive.
202,68,Barramundi,3,3,ROOM_TEMP,25-30 C,NOT_RECOMMENDED,0,2,HOURS,0.0,0.083,0.042,CATEGORY_GENERALIZATION,HIGH,Selecting and Serving Fresh and Frozen Seafood Safely,https://www.fda.gov/food/buy-store-serve-safe-food/selecting-and-serving-fresh-and-frozen-seafood-safely,Serving: two-hour rule,Never leave seafood out more than 2 hours; 1 hour only above 32 C,Discard after the safety maximum; this is not an endorsed room-temperature storage method.
203,68,Barramundi,3,1,FRIDGE,0-4 C,AVAILABLE,1,2,DAYS,1.0,2.0,1.5,CATEGORY_GENERALIZATION,MEDIUM,FoodKeeper ingredients.csv (public mirror of USDA FoodKeeper dataset),https://raw.githubusercontent.com/jelera/food-shelflife-db/master/lib/seeds/ingredients.csv,"ingredients.csv record: Lean fish; cod, flounder, haddock, halibut, sole, etc.","1-2 days refrigerated; FoodKeeper category: Lean fish; cod, flounder, haddock, halibut, sole, etc.",Keep continuously chilled/frozen; use package instructions when more restrictive.
204,68,Barramundi,3,2,FREEZER,<= -18 C,AVAILABLE,6,8,MONTHS,180.0,240.0,210.0,CATEGORY_GENERALIZATION,MEDIUM,FoodKeeper ingredients.csv (public mirror of USDA FoodKeeper dataset),https://raw.githubusercontent.com/jelera/food-shelflife-db/master/lib/seeds/ingredients.csv,"ingredients.csv record: Lean fish; cod, flounder, haddock, halibut, sole, etc.","6-8 months frozen; FoodKeeper category: Lean fish; cod, flounder, haddock, halibut, sole, etc.",Keep continuously chilled/frozen; use package instructions when more restrictive.
205,69,Silver Pomfret,3,3,ROOM_TEMP,25-30 C,NOT_RECOMMENDED,0,2,HOURS,0.0,0.083,0.042,CATEGORY_GENERALIZATION,HIGH,Selecting and Serving Fresh and Frozen Seafood Safely,https://www.fda.gov/food/buy-store-serve-safe-food/selecting-and-serving-fresh-and-frozen-seafood-safely,Serving: two-hour rule,Never leave seafood out more than 2 hours; 1 hour only above 32 C,Discard after the safety maximum; this is not an endorsed room-temperature storage method.
206,69,Silver Pomfret,3,1,FRIDGE,0-4 C,AVAILABLE,1,2,DAYS,1.0,2.0,1.5,CATEGORY_GENERALIZATION,MEDIUM,FoodKeeper ingredients.csv (public mirror of USDA FoodKeeper dataset),https://raw.githubusercontent.com/jelera/food-shelflife-db/master/lib/seeds/ingredients.csv,"ingredients.csv record: Lean fish; cod, flounder, haddock, halibut, sole, etc.","1-2 days refrigerated; FoodKeeper category: Lean fish; cod, flounder, haddock, halibut, sole, etc.",Keep continuously chilled/frozen; use package instructions when more restrictive.
207,69,Silver Pomfret,3,2,FREEZER,<= -18 C,AVAILABLE,6,8,MONTHS,180.0,240.0,210.0,CATEGORY_GENERALIZATION,MEDIUM,FoodKeeper ingredients.csv (public mirror of USDA FoodKeeper dataset),https://raw.githubusercontent.com/jelera/food-shelflife-db/master/lib/seeds/ingredients.csv,"ingredients.csv record: Lean fish; cod, flounder, haddock, halibut, sole, etc.","6-8 months frozen; FoodKeeper category: Lean fish; cod, flounder, haddock, halibut, sole, etc.",Keep continuously chilled/frozen; use package instructions when more restrictive.
208,70,Black Pomfret,3,3,ROOM_TEMP,25-30 C,NOT_RECOMMENDED,0,2,HOURS,0.0,0.083,0.042,CATEGORY_GENERALIZATION,HIGH,Selecting and Serving Fresh and Frozen Seafood Safely,https://www.fda.gov/food/buy-store-serve-safe-food/selecting-and-serving-fresh-and-frozen-seafood-safely,Serving: two-hour rule,Never leave seafood out more than 2 hours; 1 hour only above 32 C,Discard after the safety maximum; this is not an endorsed room-temperature storage method.
209,70,Black Pomfret,3,1,FRIDGE,0-4 C,AVAILABLE,1,2,DAYS,1.0,2.0,1.5,CATEGORY_GENERALIZATION,MEDIUM,FoodKeeper ingredients.csv (public mirror of USDA FoodKeeper dataset),https://raw.githubusercontent.com/jelera/food-shelflife-db/master/lib/seeds/ingredients.csv,"ingredients.csv record: Lean fish; cod, flounder, haddock, halibut, sole, etc.","1-2 days refrigerated; FoodKeeper category: Lean fish; cod, flounder, haddock, halibut, sole, etc.",Keep continuously chilled/frozen; use package instructions when more restrictive.
210,70,Black Pomfret,3,2,FREEZER,<= -18 C,AVAILABLE,6,8,MONTHS,180.0,240.0,210.0,CATEGORY_GENERALIZATION,MEDIUM,FoodKeeper ingredients.csv (public mirror of USDA FoodKeeper dataset),https://raw.githubusercontent.com/jelera/food-shelflife-db/master/lib/seeds/ingredients.csv,"ingredients.csv record: Lean fish; cod, flounder, haddock, halibut, sole, etc.","6-8 months frozen; FoodKeeper category: Lean fish; cod, flounder, haddock, halibut, sole, etc.",Keep continuously chilled/frozen; use package instructions when more restrictive.
211,71,Golden Pompano,3,3,ROOM_TEMP,25-30 C,NOT_RECOMMENDED,0,2,HOURS,0.0,0.083,0.042,CATEGORY_GENERALIZATION,HIGH,Selecting and Serving Fresh and Frozen Seafood Safely,https://www.fda.gov/food/buy-store-serve-safe-food/selecting-and-serving-fresh-and-frozen-seafood-safely,Serving: two-hour rule,Never leave seafood out more than 2 hours; 1 hour only above 32 C,Discard after the safety maximum; this is not an endorsed room-temperature storage method.
212,71,Golden Pompano,3,1,FRIDGE,0-4 C,AVAILABLE,1,2,DAYS,1.0,2.0,1.5,CATEGORY_GENERALIZATION,MEDIUM,FoodKeeper ingredients.csv (public mirror of USDA FoodKeeper dataset),https://raw.githubusercontent.com/jelera/food-shelflife-db/master/lib/seeds/ingredients.csv,"ingredients.csv record: Lean fish; cod, flounder, haddock, halibut, sole, etc.","1-2 days refrigerated; FoodKeeper category: Lean fish; cod, flounder, haddock, halibut, sole, etc.",Keep continuously chilled/frozen; use package instructions when more restrictive.
213,71,Golden Pompano,3,2,FREEZER,<= -18 C,AVAILABLE,6,8,MONTHS,180.0,240.0,210.0,CATEGORY_GENERALIZATION,MEDIUM,FoodKeeper ingredients.csv (public mirror of USDA FoodKeeper dataset),https://raw.githubusercontent.com/jelera/food-shelflife-db/master/lib/seeds/ingredients.csv,"ingredients.csv record: Lean fish; cod, flounder, haddock, halibut, sole, etc.","6-8 months frozen; FoodKeeper category: Lean fish; cod, flounder, haddock, halibut, sole, etc.",Keep continuously chilled/frozen; use package instructions when more restrictive.
214,72,Croaker,3,3,ROOM_TEMP,25-30 C,NOT_RECOMMENDED,0,2,HOURS,0.0,0.083,0.042,CATEGORY_GENERALIZATION,HIGH,Selecting and Serving Fresh and Frozen Seafood Safely,https://www.fda.gov/food/buy-store-serve-safe-food/selecting-and-serving-fresh-and-frozen-seafood-safely,Serving: two-hour rule,Never leave seafood out more than 2 hours; 1 hour only above 32 C,Discard after the safety maximum; this is not an endorsed room-temperature storage method.
215,72,Croaker,3,1,FRIDGE,0-4 C,AVAILABLE,1,2,DAYS,1.0,2.0,1.5,CATEGORY_GENERALIZATION,MEDIUM,FoodKeeper ingredients.csv (public mirror of USDA FoodKeeper dataset),https://raw.githubusercontent.com/jelera/food-shelflife-db/master/lib/seeds/ingredients.csv,"ingredients.csv record: Lean fish; cod, flounder, haddock, halibut, sole, etc.","1-2 days refrigerated; FoodKeeper category: Lean fish; cod, flounder, haddock, halibut, sole, etc.",Keep continuously chilled/frozen; use package instructions when more restrictive.
216,72,Croaker,3,2,FREEZER,<= -18 C,AVAILABLE,6,8,MONTHS,180.0,240.0,210.0,CATEGORY_GENERALIZATION,MEDIUM,FoodKeeper ingredients.csv (public mirror of USDA FoodKeeper dataset),https://raw.githubusercontent.com/jelera/food-shelflife-db/master/lib/seeds/ingredients.csv,"ingredients.csv record: Lean fish; cod, flounder, haddock, halibut, sole, etc.","6-8 months frozen; FoodKeeper category: Lean fish; cod, flounder, haddock, halibut, sole, etc.",Keep continuously chilled/frozen; use package instructions when more restrictive.
217,73,Fourfinger Threadfin,3,3,ROOM_TEMP,25-30 C,NOT_RECOMMENDED,0,2,HOURS,0.0,0.083,0.042,CATEGORY_GENERALIZATION,HIGH,Selecting and Serving Fresh and Frozen Seafood Safely,https://www.fda.gov/food/buy-store-serve-safe-food/selecting-and-serving-fresh-and-frozen-seafood-safely,Serving: two-hour rule,Never leave seafood out more than 2 hours; 1 hour only above 32 C,Discard after the safety maximum; this is not an endorsed room-temperature storage method.
218,73,Fourfinger Threadfin,3,1,FRIDGE,0-4 C,AVAILABLE,1,2,DAYS,1.0,2.0,1.5,CATEGORY_GENERALIZATION,MEDIUM,FoodKeeper ingredients.csv (public mirror of USDA FoodKeeper dataset),https://raw.githubusercontent.com/jelera/food-shelflife-db/master/lib/seeds/ingredients.csv,"ingredients.csv record: Lean fish; cod, flounder, haddock, halibut, sole, etc.","1-2 days refrigerated; FoodKeeper category: Lean fish; cod, flounder, haddock, halibut, sole, etc.",Keep continuously chilled/frozen; use package instructions when more restrictive.
219,73,Fourfinger Threadfin,3,2,FREEZER,<= -18 C,AVAILABLE,6,8,MONTHS,180.0,240.0,210.0,CATEGORY_GENERALIZATION,MEDIUM,FoodKeeper ingredients.csv (public mirror of USDA FoodKeeper dataset),https://raw.githubusercontent.com/jelera/food-shelflife-db/master/lib/seeds/ingredients.csv,"ingredients.csv record: Lean fish; cod, flounder, haddock, halibut, sole, etc.","6-8 months frozen; FoodKeeper category: Lean fish; cod, flounder, haddock, halibut, sole, etc.",Keep continuously chilled/frozen; use package instructions when more restrictive.
220,74,Flathead Grey Mullet,3,3,ROOM_TEMP,25-30 C,NOT_RECOMMENDED,0,2,HOURS,0.0,0.083,0.042,CATEGORY_GENERALIZATION,HIGH,Selecting and Serving Fresh and Frozen Seafood Safely,https://www.fda.gov/food/buy-store-serve-safe-food/selecting-and-serving-fresh-and-frozen-seafood-safely,Serving: two-hour rule,Never leave seafood out more than 2 hours; 1 hour only above 32 C,Discard after the safety maximum; this is not an endorsed room-temperature storage method.
221,74,Flathead Grey Mullet,3,1,FRIDGE,0-4 C,AVAILABLE,1,2,DAYS,1.0,2.0,1.5,CATEGORY_GENERALIZATION,MEDIUM,FoodKeeper ingredients.csv (public mirror of USDA FoodKeeper dataset),https://raw.githubusercontent.com/jelera/food-shelflife-db/master/lib/seeds/ingredients.csv,"ingredients.csv record: Fatty fish; catfish, mackerel, mullet, salmon, tuna, etc.","1-2 days refrigerated; FoodKeeper category: Fatty fish; catfish, mackerel, mullet, salmon, tuna, etc.",Keep continuously chilled/frozen; use package instructions when more restrictive.
222,74,Flathead Grey Mullet,3,2,FREEZER,<= -18 C,AVAILABLE,2,3,MONTHS,60.0,90.0,75.0,CATEGORY_GENERALIZATION,MEDIUM,FoodKeeper ingredients.csv (public mirror of USDA FoodKeeper dataset),https://raw.githubusercontent.com/jelera/food-shelflife-db/master/lib/seeds/ingredients.csv,"ingredients.csv record: Fatty fish; catfish, mackerel, mullet, salmon, tuna, etc.","2-3 months frozen; FoodKeeper category: Fatty fish; catfish, mackerel, mullet, salmon, tuna, etc.",Keep continuously chilled/frozen; use package instructions when more restrictive.
223,75,Milkfish,3,3,ROOM_TEMP,25-30 C,NOT_RECOMMENDED,0,2,HOURS,0.0,0.083,0.042,CATEGORY_GENERALIZATION,HIGH,Selecting and Serving Fresh and Frozen Seafood Safely,https://www.fda.gov/food/buy-store-serve-safe-food/selecting-and-serving-fresh-and-frozen-seafood-safely,Serving: two-hour rule,Never leave seafood out more than 2 hours; 1 hour only above 32 C,Discard after the safety maximum; this is not an endorsed room-temperature storage method.
224,75,Milkfish,3,1,FRIDGE,0-4 C,AVAILABLE,1,2,DAYS,1.0,2.0,1.5,CATEGORY_GENERALIZATION,MEDIUM,FoodKeeper ingredients.csv (public mirror of USDA FoodKeeper dataset),https://raw.githubusercontent.com/jelera/food-shelflife-db/master/lib/seeds/ingredients.csv,"ingredients.csv record: Fatty fish; catfish, mackerel, mullet, salmon, tuna, etc.","1-2 days refrigerated; FoodKeeper category: Fatty fish; catfish, mackerel, mullet, salmon, tuna, etc.",Keep continuously chilled/frozen; use package instructions when more restrictive.
225,75,Milkfish,3,2,FREEZER,<= -18 C,AVAILABLE,2,3,MONTHS,60.0,90.0,75.0,CATEGORY_GENERALIZATION,MEDIUM,FoodKeeper ingredients.csv (public mirror of USDA FoodKeeper dataset),https://raw.githubusercontent.com/jelera/food-shelflife-db/master/lib/seeds/ingredients.csv,"ingredients.csv record: Fatty fish; catfish, mackerel, mullet, salmon, tuna, etc.","2-3 months frozen; FoodKeeper category: Fatty fish; catfish, mackerel, mullet, salmon, tuna, etc.",Keep continuously chilled/frozen; use package instructions when more restrictive.
226,76,White-spotted Rabbitfish,3,3,ROOM_TEMP,25-30 C,NOT_RECOMMENDED,0,2,HOURS,0.0,0.083,0.042,CATEGORY_GENERALIZATION,HIGH,Selecting and Serving Fresh and Frozen Seafood Safely,https://www.fda.gov/food/buy-store-serve-safe-food/selecting-and-serving-fresh-and-frozen-seafood-safely,Serving: two-hour rule,Never leave seafood out more than 2 hours; 1 hour only above 32 C,Discard after the safety maximum; this is not an endorsed room-temperature storage method.
227,76,White-spotted Rabbitfish,3,1,FRIDGE,0-4 C,AVAILABLE,1,2,DAYS,1.0,2.0,1.5,CATEGORY_GENERALIZATION,MEDIUM,FoodKeeper ingredients.csv (public mirror of USDA FoodKeeper dataset),https://raw.githubusercontent.com/jelera/food-shelflife-db/master/lib/seeds/ingredients.csv,"ingredients.csv record: Lean fish; cod, flounder, haddock, halibut, sole, etc.","1-2 days refrigerated; FoodKeeper category: Lean fish; cod, flounder, haddock, halibut, sole, etc.",Keep continuously chilled/frozen; use package instructions when more restrictive.
228,76,White-spotted Rabbitfish,3,2,FREEZER,<= -18 C,AVAILABLE,6,8,MONTHS,180.0,240.0,210.0,CATEGORY_GENERALIZATION,MEDIUM,FoodKeeper ingredients.csv (public mirror of USDA FoodKeeper dataset),https://raw.githubusercontent.com/jelera/food-shelflife-db/master/lib/seeds/ingredients.csv,"ingredients.csv record: Lean fish; cod, flounder, haddock, halibut, sole, etc.","6-8 months frozen; FoodKeeper category: Lean fish; cod, flounder, haddock, halibut, sole, etc.",Keep continuously chilled/frozen; use package instructions when more restrictive.
229,77,Whitespotted Whipray,3,3,ROOM_TEMP,25-30 C,NOT_RECOMMENDED,0,2,HOURS,0.0,0.083,0.042,CATEGORY_GENERALIZATION,HIGH,Selecting and Serving Fresh and Frozen Seafood Safely,https://www.fda.gov/food/buy-store-serve-safe-food/selecting-and-serving-fresh-and-frozen-seafood-safely,Serving: two-hour rule,Never leave seafood out more than 2 hours; 1 hour only above 32 C,Discard after the safety maximum; this is not an endorsed room-temperature storage method.
230,77,Whitespotted Whipray,3,1,FRIDGE,0-4 C,AVAILABLE,1,2,DAYS,1.0,2.0,1.5,CATEGORY_GENERALIZATION,MEDIUM,FoodKeeper ingredients.csv (public mirror of USDA FoodKeeper dataset),https://raw.githubusercontent.com/jelera/food-shelflife-db/master/lib/seeds/ingredients.csv,"ingredients.csv record: Lean fish; cod, flounder, haddock, halibut, sole, etc.","1-2 days refrigerated; FoodKeeper category: Lean fish; cod, flounder, haddock, halibut, sole, etc.",Keep continuously chilled/frozen; use package instructions when more restrictive.
231,77,Whitespotted Whipray,3,2,FREEZER,<= -18 C,AVAILABLE,6,8,MONTHS,180.0,240.0,210.0,CATEGORY_GENERALIZATION,MEDIUM,FoodKeeper ingredients.csv (public mirror of USDA FoodKeeper dataset),https://raw.githubusercontent.com/jelera/food-shelflife-db/master/lib/seeds/ingredients.csv,"ingredients.csv record: Lean fish; cod, flounder, haddock, halibut, sole, etc.","6-8 months frozen; FoodKeeper category: Lean fish; cod, flounder, haddock, halibut, sole, etc.",Keep continuously chilled/frozen; use package instructions when more restrictive.
232,78,Requiem Shark,3,3,ROOM_TEMP,25-30 C,NOT_RECOMMENDED,0,2,HOURS,0.0,0.083,0.042,CATEGORY_GENERALIZATION,HIGH,Selecting and Serving Fresh and Frozen Seafood Safely,https://www.fda.gov/food/buy-store-serve-safe-food/selecting-and-serving-fresh-and-frozen-seafood-safely,Serving: two-hour rule,Never leave seafood out more than 2 hours; 1 hour only above 32 C,Discard after the safety maximum; this is not an endorsed room-temperature storage method.
233,78,Requiem Shark,3,1,FRIDGE,0-4 C,AVAILABLE,1,2,DAYS,1.0,2.0,1.5,CATEGORY_GENERALIZATION,MEDIUM,FoodKeeper ingredients.csv (public mirror of USDA FoodKeeper dataset),https://raw.githubusercontent.com/jelera/food-shelflife-db/master/lib/seeds/ingredients.csv,"ingredients.csv record: Lean fish; cod, flounder, haddock, halibut, sole, etc.","1-2 days refrigerated; FoodKeeper category: Lean fish; cod, flounder, haddock, halibut, sole, etc.",Keep continuously chilled/frozen; use package instructions when more restrictive.
234,78,Requiem Shark,3,2,FREEZER,<= -18 C,AVAILABLE,6,8,MONTHS,180.0,240.0,210.0,CATEGORY_GENERALIZATION,MEDIUM,FoodKeeper ingredients.csv (public mirror of USDA FoodKeeper dataset),https://raw.githubusercontent.com/jelera/food-shelflife-db/master/lib/seeds/ingredients.csv,"ingredients.csv record: Lean fish; cod, flounder, haddock, halibut, sole, etc.","6-8 months frozen; FoodKeeper category: Lean fish; cod, flounder, haddock, halibut, sole, etc.",Keep continuously chilled/frozen; use package instructions when more restrictive.
235,79,Long Tongue Sole,3,3,ROOM_TEMP,25-30 C,NOT_RECOMMENDED,0,2,HOURS,0.0,0.083,0.042,CATEGORY_GENERALIZATION,HIGH,Selecting and Serving Fresh and Frozen Seafood Safely,https://www.fda.gov/food/buy-store-serve-safe-food/selecting-and-serving-fresh-and-frozen-seafood-safely,Serving: two-hour rule,Never leave seafood out more than 2 hours; 1 hour only above 32 C,Discard after the safety maximum; this is not an endorsed room-temperature storage method.
236,79,Long Tongue Sole,3,1,FRIDGE,0-4 C,AVAILABLE,1,2,DAYS,1.0,2.0,1.5,CATEGORY_GENERALIZATION,MEDIUM,FoodKeeper ingredients.csv (public mirror of USDA FoodKeeper dataset),https://raw.githubusercontent.com/jelera/food-shelflife-db/master/lib/seeds/ingredients.csv,"ingredients.csv record: Lean fish; cod, flounder, haddock, halibut, sole, etc.","1-2 days refrigerated; FoodKeeper category: Lean fish; cod, flounder, haddock, halibut, sole, etc.",Keep continuously chilled/frozen; use package instructions when more restrictive.
237,79,Long Tongue Sole,3,2,FREEZER,<= -18 C,AVAILABLE,6,8,MONTHS,180.0,240.0,210.0,CATEGORY_GENERALIZATION,MEDIUM,FoodKeeper ingredients.csv (public mirror of USDA FoodKeeper dataset),https://raw.githubusercontent.com/jelera/food-shelflife-db/master/lib/seeds/ingredients.csv,"ingredients.csv record: Lean fish; cod, flounder, haddock, halibut, sole, etc.","6-8 months frozen; FoodKeeper category: Lean fish; cod, flounder, haddock, halibut, sole, etc.",Keep continuously chilled/frozen; use package instructions when more restrictive.
238,80,Nile Tilapia,3,3,ROOM_TEMP,25-30 C,NOT_RECOMMENDED,0,2,HOURS,0.0,0.083,0.042,CATEGORY_GENERALIZATION,HIGH,Selecting and Serving Fresh and Frozen Seafood Safely,https://www.fda.gov/food/buy-store-serve-safe-food/selecting-and-serving-fresh-and-frozen-seafood-safely,Serving: two-hour rule,Never leave seafood out more than 2 hours; 1 hour only above 32 C,Discard after the safety maximum; this is not an endorsed room-temperature storage method.
239,80,Nile Tilapia,3,1,FRIDGE,0-4 C,AVAILABLE,1,2,DAYS,1.0,2.0,1.5,CATEGORY_GENERALIZATION,MEDIUM,FoodKeeper ingredients.csv (public mirror of USDA FoodKeeper dataset),https://raw.githubusercontent.com/jelera/food-shelflife-db/master/lib/seeds/ingredients.csv,"ingredients.csv record: Lean fish; cod, flounder, haddock, halibut, sole, etc.","1-2 days refrigerated; FoodKeeper category: Lean fish; cod, flounder, haddock, halibut, sole, etc.",Keep continuously chilled/frozen; use package instructions when more restrictive.
240,80,Nile Tilapia,3,2,FREEZER,<= -18 C,AVAILABLE,6,8,MONTHS,180.0,240.0,210.0,CATEGORY_GENERALIZATION,MEDIUM,FoodKeeper ingredients.csv (public mirror of USDA FoodKeeper dataset),https://raw.githubusercontent.com/jelera/food-shelflife-db/master/lib/seeds/ingredients.csv,"ingredients.csv record: Lean fish; cod, flounder, haddock, halibut, sole, etc.","6-8 months frozen; FoodKeeper category: Lean fish; cod, flounder, haddock, halibut, sole, etc.",Keep continuously chilled/frozen; use package instructions when more restrictive.
241,81,Striped Catfish,3,3,ROOM_TEMP,25-30 C,NOT_RECOMMENDED,0,2,HOURS,0.0,0.083,0.042,CATEGORY_GENERALIZATION,HIGH,Selecting and Serving Fresh and Frozen Seafood Safely,https://www.fda.gov/food/buy-store-serve-safe-food/selecting-and-serving-fresh-and-frozen-seafood-safely,Serving: two-hour rule,Never leave seafood out more than 2 hours; 1 hour only above 32 C,Discard after the safety maximum; this is not an endorsed room-temperature storage method.
242,81,Striped Catfish,3,1,FRIDGE,0-4 C,AVAILABLE,1,2,DAYS,1.0,2.0,1.5,CATEGORY_GENERALIZATION,MEDIUM,FoodKeeper ingredients.csv (public mirror of USDA FoodKeeper dataset),https://raw.githubusercontent.com/jelera/food-shelflife-db/master/lib/seeds/ingredients.csv,"ingredients.csv record: Fatty fish; catfish, mackerel, mullet, salmon, tuna, etc.","1-2 days refrigerated; FoodKeeper category: Fatty fish; catfish, mackerel, mullet, salmon, tuna, etc.",Keep continuously chilled/frozen; use package instructions when more restrictive.
243,81,Striped Catfish,3,2,FREEZER,<= -18 C,AVAILABLE,2,3,MONTHS,60.0,90.0,75.0,CATEGORY_GENERALIZATION,MEDIUM,FoodKeeper ingredients.csv (public mirror of USDA FoodKeeper dataset),https://raw.githubusercontent.com/jelera/food-shelflife-db/master/lib/seeds/ingredients.csv,"ingredients.csv record: Fatty fish; catfish, mackerel, mullet, salmon, tuna, etc.","2-3 months frozen; FoodKeeper category: Fatty fish; catfish, mackerel, mullet, salmon, tuna, etc.",Keep continuously chilled/frozen; use package instructions when more restrictive.
244,82,Walking Catfish,3,3,ROOM_TEMP,25-30 C,NOT_RECOMMENDED,0,2,HOURS,0.0,0.083,0.042,CATEGORY_GENERALIZATION,HIGH,Selecting and Serving Fresh and Frozen Seafood Safely,https://www.fda.gov/food/buy-store-serve-safe-food/selecting-and-serving-fresh-and-frozen-seafood-safely,Serving: two-hour rule,Never leave seafood out more than 2 hours; 1 hour only above 32 C,Discard after the safety maximum; this is not an endorsed room-temperature storage method.
245,82,Walking Catfish,3,1,FRIDGE,0-4 C,AVAILABLE,1,2,DAYS,1.0,2.0,1.5,CATEGORY_GENERALIZATION,MEDIUM,FoodKeeper ingredients.csv (public mirror of USDA FoodKeeper dataset),https://raw.githubusercontent.com/jelera/food-shelflife-db/master/lib/seeds/ingredients.csv,"ingredients.csv record: Fatty fish; catfish, mackerel, mullet, salmon, tuna, etc.","1-2 days refrigerated; FoodKeeper category: Fatty fish; catfish, mackerel, mullet, salmon, tuna, etc.",Keep continuously chilled/frozen; use package instructions when more restrictive.
246,82,Walking Catfish,3,2,FREEZER,<= -18 C,AVAILABLE,2,3,MONTHS,60.0,90.0,75.0,CATEGORY_GENERALIZATION,MEDIUM,FoodKeeper ingredients.csv (public mirror of USDA FoodKeeper dataset),https://raw.githubusercontent.com/jelera/food-shelflife-db/master/lib/seeds/ingredients.csv,"ingredients.csv record: Fatty fish; catfish, mackerel, mullet, salmon, tuna, etc.","2-3 months frozen; FoodKeeper category: Fatty fish; catfish, mackerel, mullet, salmon, tuna, etc.",Keep continuously chilled/frozen; use package instructions when more restrictive.
247,83,Striped Snakehead,3,3,ROOM_TEMP,25-30 C,NOT_RECOMMENDED,0,2,HOURS,0.0,0.083,0.042,CATEGORY_GENERALIZATION,HIGH,Selecting and Serving Fresh and Frozen Seafood Safely,https://www.fda.gov/food/buy-store-serve-safe-food/selecting-and-serving-fresh-and-frozen-seafood-safely,Serving: two-hour rule,Never leave seafood out more than 2 hours; 1 hour only above 32 C,Discard after the safety maximum; this is not an endorsed room-temperature storage method.
248,83,Striped Snakehead,3,1,FRIDGE,0-4 C,AVAILABLE,1,2,DAYS,1.0,2.0,1.5,CATEGORY_GENERALIZATION,MEDIUM,FoodKeeper ingredients.csv (public mirror of USDA FoodKeeper dataset),https://raw.githubusercontent.com/jelera/food-shelflife-db/master/lib/seeds/ingredients.csv,"ingredients.csv record: Lean fish; cod, flounder, haddock, halibut, sole, etc.","1-2 days refrigerated; FoodKeeper category: Lean fish; cod, flounder, haddock, halibut, sole, etc.",Keep continuously chilled/frozen; use package instructions when more restrictive.
249,83,Striped Snakehead,3,2,FREEZER,<= -18 C,AVAILABLE,6,8,MONTHS,180.0,240.0,210.0,CATEGORY_GENERALIZATION,MEDIUM,FoodKeeper ingredients.csv (public mirror of USDA FoodKeeper dataset),https://raw.githubusercontent.com/jelera/food-shelflife-db/master/lib/seeds/ingredients.csv,"ingredients.csv record: Lean fish; cod, flounder, haddock, halibut, sole, etc.","6-8 months frozen; FoodKeeper category: Lean fish; cod, flounder, haddock, halibut, sole, etc.",Keep continuously chilled/frozen; use package instructions when more restrictive.
250,84,Giant Gourami,3,3,ROOM_TEMP,25-30 C,NOT_RECOMMENDED,0,2,HOURS,0.0,0.083,0.042,CATEGORY_GENERALIZATION,HIGH,Selecting and Serving Fresh and Frozen Seafood Safely,https://www.fda.gov/food/buy-store-serve-safe-food/selecting-and-serving-fresh-and-frozen-seafood-safely,Serving: two-hour rule,Never leave seafood out more than 2 hours; 1 hour only above 32 C,Discard after the safety maximum; this is not an endorsed room-temperature storage method.
251,84,Giant Gourami,3,1,FRIDGE,0-4 C,AVAILABLE,1,2,DAYS,1.0,2.0,1.5,CATEGORY_GENERALIZATION,MEDIUM,FoodKeeper ingredients.csv (public mirror of USDA FoodKeeper dataset),https://raw.githubusercontent.com/jelera/food-shelflife-db/master/lib/seeds/ingredients.csv,"ingredients.csv record: Lean fish; cod, flounder, haddock, halibut, sole, etc.","1-2 days refrigerated; FoodKeeper category: Lean fish; cod, flounder, haddock, halibut, sole, etc.",Keep continuously chilled/frozen; use package instructions when more restrictive.
252,84,Giant Gourami,3,2,FREEZER,<= -18 C,AVAILABLE,6,8,MONTHS,180.0,240.0,210.0,CATEGORY_GENERALIZATION,MEDIUM,FoodKeeper ingredients.csv (public mirror of USDA FoodKeeper dataset),https://raw.githubusercontent.com/jelera/food-shelflife-db/master/lib/seeds/ingredients.csv,"ingredients.csv record: Lean fish; cod, flounder, haddock, halibut, sole, etc.","6-8 months frozen; FoodKeeper category: Lean fish; cod, flounder, haddock, halibut, sole, etc.",Keep continuously chilled/frozen; use package instructions when more restrictive.
253,85,Climbing Perch,3,3,ROOM_TEMP,25-30 C,NOT_RECOMMENDED,0,2,HOURS,0.0,0.083,0.042,CATEGORY_GENERALIZATION,HIGH,Selecting and Serving Fresh and Frozen Seafood Safely,https://www.fda.gov/food/buy-store-serve-safe-food/selecting-and-serving-fresh-and-frozen-seafood-safely,Serving: two-hour rule,Never leave seafood out more than 2 hours; 1 hour only above 32 C,Discard after the safety maximum; this is not an endorsed room-temperature storage method.
254,85,Climbing Perch,3,1,FRIDGE,0-4 C,AVAILABLE,1,2,DAYS,1.0,2.0,1.5,CATEGORY_GENERALIZATION,MEDIUM,FoodKeeper ingredients.csv (public mirror of USDA FoodKeeper dataset),https://raw.githubusercontent.com/jelera/food-shelflife-db/master/lib/seeds/ingredients.csv,"ingredients.csv record: Lean fish; cod, flounder, haddock, halibut, sole, etc.","1-2 days refrigerated; FoodKeeper category: Lean fish; cod, flounder, haddock, halibut, sole, etc.",Keep continuously chilled/frozen; use package instructions when more restrictive.
255,85,Climbing Perch,3,2,FREEZER,<= -18 C,AVAILABLE,6,8,MONTHS,180.0,240.0,210.0,CATEGORY_GENERALIZATION,MEDIUM,FoodKeeper ingredients.csv (public mirror of USDA FoodKeeper dataset),https://raw.githubusercontent.com/jelera/food-shelflife-db/master/lib/seeds/ingredients.csv,"ingredients.csv record: Lean fish; cod, flounder, haddock, halibut, sole, etc.","6-8 months frozen; FoodKeeper category: Lean fish; cod, flounder, haddock, halibut, sole, etc.",Keep continuously chilled/frozen; use package instructions when more restrictive.
256,86,Indonesian Shortfin Eel,3,3,ROOM_TEMP,25-30 C,NOT_RECOMMENDED,0,2,HOURS,0.0,0.083,0.042,CATEGORY_GENERALIZATION,HIGH,Selecting and Serving Fresh and Frozen Seafood Safely,https://www.fda.gov/food/buy-store-serve-safe-food/selecting-and-serving-fresh-and-frozen-seafood-safely,Serving: two-hour rule,Never leave seafood out more than 2 hours; 1 hour only above 32 C,Discard after the safety maximum; this is not an endorsed room-temperature storage method.
257,86,Indonesian Shortfin Eel,3,1,FRIDGE,0-4 C,AVAILABLE,1,2,DAYS,1.0,2.0,1.5,CATEGORY_GENERALIZATION,MEDIUM,FoodKeeper ingredients.csv (public mirror of USDA FoodKeeper dataset),https://raw.githubusercontent.com/jelera/food-shelflife-db/master/lib/seeds/ingredients.csv,"ingredients.csv record: Fatty fish; catfish, mackerel, mullet, salmon, tuna, etc.","1-2 days refrigerated; FoodKeeper category: Fatty fish; catfish, mackerel, mullet, salmon, tuna, etc.",Keep continuously chilled/frozen; use package instructions when more restrictive.
258,86,Indonesian Shortfin Eel,3,2,FREEZER,<= -18 C,AVAILABLE,2,3,MONTHS,60.0,90.0,75.0,CATEGORY_GENERALIZATION,MEDIUM,FoodKeeper ingredients.csv (public mirror of USDA FoodKeeper dataset),https://raw.githubusercontent.com/jelera/food-shelflife-db/master/lib/seeds/ingredients.csv,"ingredients.csv record: Fatty fish; catfish, mackerel, mullet, salmon, tuna, etc.","2-3 months frozen; FoodKeeper category: Fatty fish; catfish, mackerel, mullet, salmon, tuna, etc.",Keep continuously chilled/frozen; use package instructions when more restrictive.
259,87,Whiteleg Shrimp,3,3,ROOM_TEMP,25-30 C,NOT_RECOMMENDED,0,2,HOURS,0.0,0.083,0.042,CATEGORY_GENERALIZATION,HIGH,Selecting and Serving Fresh and Frozen Seafood Safely,https://www.fda.gov/food/buy-store-serve-safe-food/selecting-and-serving-fresh-and-frozen-seafood-safely,Serving: two-hour rule,Never leave seafood out more than 2 hours; 1 hour only above 32 C,Discard after the safety maximum; this is not an endorsed room-temperature storage method.
260,87,Whiteleg Shrimp,3,1,FRIDGE,0-4 C,AVAILABLE,1,3,DAYS,1.0,3.0,2.0,CATEGORY_GENERALIZATION,MEDIUM,FoodKeeper ingredients.csv (public mirror of USDA FoodKeeper dataset),https://raw.githubusercontent.com/jelera/food-shelflife-db/master/lib/seeds/ingredients.csv,"ingredients.csv record: Shrimp, crayfish","1-3 days refrigerated; FoodKeeper category: Shrimp, crayfish",Keep continuously chilled/frozen; use package instructions when more restrictive.
261,87,Whiteleg Shrimp,3,2,FREEZER,<= -18 C,AVAILABLE,6,18,MONTHS,180.0,540.0,360.0,CATEGORY_GENERALIZATION,MEDIUM,FoodKeeper ingredients.csv (public mirror of USDA FoodKeeper dataset),https://raw.githubusercontent.com/jelera/food-shelflife-db/master/lib/seeds/ingredients.csv,"ingredients.csv record: Shrimp, crayfish","6-18 months frozen; FoodKeeper category: Shrimp, crayfish",Keep continuously chilled/frozen; use package instructions when more restrictive.
262,88,Giant Tiger Prawn,3,3,ROOM_TEMP,25-30 C,NOT_RECOMMENDED,0,2,HOURS,0.0,0.083,0.042,CATEGORY_GENERALIZATION,HIGH,Selecting and Serving Fresh and Frozen Seafood Safely,https://www.fda.gov/food/buy-store-serve-safe-food/selecting-and-serving-fresh-and-frozen-seafood-safely,Serving: two-hour rule,Never leave seafood out more than 2 hours; 1 hour only above 32 C,Discard after the safety maximum; this is not an endorsed room-temperature storage method.
263,88,Giant Tiger Prawn,3,1,FRIDGE,0-4 C,AVAILABLE,1,3,DAYS,1.0,3.0,2.0,CATEGORY_GENERALIZATION,MEDIUM,FoodKeeper ingredients.csv (public mirror of USDA FoodKeeper dataset),https://raw.githubusercontent.com/jelera/food-shelflife-db/master/lib/seeds/ingredients.csv,"ingredients.csv record: Shrimp, crayfish","1-3 days refrigerated; FoodKeeper category: Shrimp, crayfish",Keep continuously chilled/frozen; use package instructions when more restrictive.
264,88,Giant Tiger Prawn,3,2,FREEZER,<= -18 C,AVAILABLE,6,18,MONTHS,180.0,540.0,360.0,CATEGORY_GENERALIZATION,MEDIUM,FoodKeeper ingredients.csv (public mirror of USDA FoodKeeper dataset),https://raw.githubusercontent.com/jelera/food-shelflife-db/master/lib/seeds/ingredients.csv,"ingredients.csv record: Shrimp, crayfish","6-18 months frozen; FoodKeeper category: Shrimp, crayfish",Keep continuously chilled/frozen; use package instructions when more restrictive.
265,89,Banana Prawn,3,3,ROOM_TEMP,25-30 C,NOT_RECOMMENDED,0,2,HOURS,0.0,0.083,0.042,CATEGORY_GENERALIZATION,HIGH,Selecting and Serving Fresh and Frozen Seafood Safely,https://www.fda.gov/food/buy-store-serve-safe-food/selecting-and-serving-fresh-and-frozen-seafood-safely,Serving: two-hour rule,Never leave seafood out more than 2 hours; 1 hour only above 32 C,Discard after the safety maximum; this is not an endorsed room-temperature storage method.
266,89,Banana Prawn,3,1,FRIDGE,0-4 C,AVAILABLE,1,3,DAYS,1.0,3.0,2.0,CATEGORY_GENERALIZATION,MEDIUM,FoodKeeper ingredients.csv (public mirror of USDA FoodKeeper dataset),https://raw.githubusercontent.com/jelera/food-shelflife-db/master/lib/seeds/ingredients.csv,"ingredients.csv record: Shrimp, crayfish","1-3 days refrigerated; FoodKeeper category: Shrimp, crayfish",Keep continuously chilled/frozen; use package instructions when more restrictive.
267,89,Banana Prawn,3,2,FREEZER,<= -18 C,AVAILABLE,6,18,MONTHS,180.0,540.0,360.0,CATEGORY_GENERALIZATION,MEDIUM,FoodKeeper ingredients.csv (public mirror of USDA FoodKeeper dataset),https://raw.githubusercontent.com/jelera/food-shelflife-db/master/lib/seeds/ingredients.csv,"ingredients.csv record: Shrimp, crayfish","6-18 months frozen; FoodKeeper category: Shrimp, crayfish",Keep continuously chilled/frozen; use package instructions when more restrictive.
268,90,Blue Swimming Crab,3,3,ROOM_TEMP,25-30 C,NOT_RECOMMENDED,0,2,HOURS,0.0,0.083,0.042,CATEGORY_GENERALIZATION,HIGH,Selecting and Serving Fresh and Frozen Seafood Safely,https://www.fda.gov/food/buy-store-serve-safe-food/selecting-and-serving-fresh-and-frozen-seafood-safely,Serving: two-hour rule,Never leave seafood out more than 2 hours; 1 hour only above 32 C,Discard after the safety maximum; this is not an endorsed room-temperature storage method.
269,90,Blue Swimming Crab,3,1,FRIDGE,0-4 C,AVAILABLE,1,3,DAYS,1.0,3.0,2.0,CATEGORY_GENERALIZATION,MEDIUM,FoodKeeper ingredients.csv (public mirror of USDA FoodKeeper dataset),https://raw.githubusercontent.com/jelera/food-shelflife-db/master/lib/seeds/ingredients.csv,ingredients.csv record: Fresh crab meat,1-3 days refrigerated; FoodKeeper category: Fresh crab meat,Keep continuously chilled/frozen; use package instructions when more restrictive.
270,90,Blue Swimming Crab,3,2,FREEZER,<= -18 C,AVAILABLE,2,4,MONTHS,60.0,120.0,90.0,CATEGORY_GENERALIZATION,MEDIUM,FoodKeeper ingredients.csv (public mirror of USDA FoodKeeper dataset),https://raw.githubusercontent.com/jelera/food-shelflife-db/master/lib/seeds/ingredients.csv,ingredients.csv record: Fresh crab meat,2-4 months frozen; FoodKeeper category: Fresh crab meat,Keep continuously chilled/frozen; use package instructions when more restrictive.
271,91,Mud Crab,3,3,ROOM_TEMP,25-30 C,NOT_RECOMMENDED,0,2,HOURS,0.0,0.083,0.042,CATEGORY_GENERALIZATION,HIGH,Selecting and Serving Fresh and Frozen Seafood Safely,https://www.fda.gov/food/buy-store-serve-safe-food/selecting-and-serving-fresh-and-frozen-seafood-safely,Serving: two-hour rule,Never leave seafood out more than 2 hours; 1 hour only above 32 C,Discard after the safety maximum; this is not an endorsed room-temperature storage method.
272,91,Mud Crab,3,1,FRIDGE,0-4 C,AVAILABLE,1,3,DAYS,1.0,3.0,2.0,CATEGORY_GENERALIZATION,MEDIUM,FoodKeeper ingredients.csv (public mirror of USDA FoodKeeper dataset),https://raw.githubusercontent.com/jelera/food-shelflife-db/master/lib/seeds/ingredients.csv,ingredients.csv record: Fresh crab meat,1-3 days refrigerated; FoodKeeper category: Fresh crab meat,Keep continuously chilled/frozen; use package instructions when more restrictive.
273,91,Mud Crab,3,2,FREEZER,<= -18 C,AVAILABLE,2,4,MONTHS,60.0,120.0,90.0,CATEGORY_GENERALIZATION,MEDIUM,FoodKeeper ingredients.csv (public mirror of USDA FoodKeeper dataset),https://raw.githubusercontent.com/jelera/food-shelflife-db/master/lib/seeds/ingredients.csv,ingredients.csv record: Fresh crab meat,2-4 months frozen; FoodKeeper category: Fresh crab meat,Keep continuously chilled/frozen; use package instructions when more restrictive.
274,92,Ornate Spiny Lobster,3,3,ROOM_TEMP,25-30 C,NOT_RECOMMENDED,0,2,HOURS,0.0,0.083,0.042,CATEGORY_GENERALIZATION,HIGH,Selecting and Serving Fresh and Frozen Seafood Safely,https://www.fda.gov/food/buy-store-serve-safe-food/selecting-and-serving-fresh-and-frozen-seafood-safely,Serving: two-hour rule,Never leave seafood out more than 2 hours; 1 hour only above 32 C,Discard after the safety maximum; this is not an endorsed room-temperature storage method.
275,92,Ornate Spiny Lobster,3,1,FRIDGE,0-4 C,AVAILABLE,1,1,DAYS,1.0,1.0,1.0,CATEGORY_GENERALIZATION,MEDIUM,FoodKeeper ingredients.csv (public mirror of USDA FoodKeeper dataset),https://raw.githubusercontent.com/jelera/food-shelflife-db/master/lib/seeds/ingredients.csv,"ingredients.csv record: Fresh whole lobster, live; freezing not recommended","1-1 days refrigerated; FoodKeeper category: Fresh whole lobster, live; freezing not recommended",Keep continuously chilled/frozen; use package instructions when more restrictive.
276,92,Ornate Spiny Lobster,3,2,FREEZER,<= -18 C,NOT_RECOMMENDED,,,,,,,CATEGORY_GENERALIZATION,MEDIUM,FoodKeeper ingredients.csv (public mirror of USDA FoodKeeper dataset),https://raw.githubusercontent.com/jelera/food-shelflife-db/master/lib/seeds/ingredients.csv,"ingredients.csv record: Fresh whole lobster, live; freezing not recommended",Freezing not recommended for the specified fresh/live state,Keep continuously chilled/frozen; use package instructions when more restrictive.
277,93,Indian Squid,3,3,ROOM_TEMP,25-30 C,NOT_RECOMMENDED,0,2,HOURS,0.0,0.083,0.042,CATEGORY_GENERALIZATION,HIGH,Selecting and Serving Fresh and Frozen Seafood Safely,https://www.fda.gov/food/buy-store-serve-safe-food/selecting-and-serving-fresh-and-frozen-seafood-safely,Serving: two-hour rule,Never leave seafood out more than 2 hours; 1 hour only above 32 C,Discard after the safety maximum; this is not an endorsed room-temperature storage method.
278,93,Indian Squid,3,1,FRIDGE,0-4 C,AVAILABLE,1,3,DAYS,1.0,3.0,2.0,CATEGORY_GENERALIZATION,MEDIUM,FoodKeeper ingredients.csv (public mirror of USDA FoodKeeper dataset),https://raw.githubusercontent.com/jelera/food-shelflife-db/master/lib/seeds/ingredients.csv,ingredients.csv record: Squid,1-3 days refrigerated; FoodKeeper category: Squid,Keep continuously chilled/frozen; use package instructions when more restrictive.
279,93,Indian Squid,3,2,FREEZER,<= -18 C,AVAILABLE,6,18,MONTHS,180.0,540.0,360.0,CATEGORY_GENERALIZATION,MEDIUM,FoodKeeper ingredients.csv (public mirror of USDA FoodKeeper dataset),https://raw.githubusercontent.com/jelera/food-shelflife-db/master/lib/seeds/ingredients.csv,ingredients.csv record: Squid,6-18 months frozen; FoodKeeper category: Squid,Keep continuously chilled/frozen; use package instructions when more restrictive.
280,94,Pharaoh Cuttlefish,3,3,ROOM_TEMP,25-30 C,NOT_RECOMMENDED,0,2,HOURS,0.0,0.083,0.042,CATEGORY_GENERALIZATION,HIGH,Selecting and Serving Fresh and Frozen Seafood Safely,https://www.fda.gov/food/buy-store-serve-safe-food/selecting-and-serving-fresh-and-frozen-seafood-safely,Serving: two-hour rule,Never leave seafood out more than 2 hours; 1 hour only above 32 C,Discard after the safety maximum; this is not an endorsed room-temperature storage method.
281,94,Pharaoh Cuttlefish,3,1,FRIDGE,0-4 C,AVAILABLE,1,3,DAYS,1.0,3.0,2.0,CATEGORY_GENERALIZATION,MEDIUM,FoodKeeper ingredients.csv (public mirror of USDA FoodKeeper dataset),https://raw.githubusercontent.com/jelera/food-shelflife-db/master/lib/seeds/ingredients.csv,ingredients.csv record: Squid,1-3 days refrigerated; FoodKeeper category: Squid,Keep continuously chilled/frozen; use package instructions when more restrictive.
282,94,Pharaoh Cuttlefish,3,2,FREEZER,<= -18 C,AVAILABLE,6,18,MONTHS,180.0,540.0,360.0,CATEGORY_GENERALIZATION,MEDIUM,FoodKeeper ingredients.csv (public mirror of USDA FoodKeeper dataset),https://raw.githubusercontent.com/jelera/food-shelflife-db/master/lib/seeds/ingredients.csv,ingredients.csv record: Squid,6-18 months frozen; FoodKeeper category: Squid,Keep continuously chilled/frozen; use package instructions when more restrictive.
283,95,Day Octopus,3,3,ROOM_TEMP,25-30 C,NOT_RECOMMENDED,0,2,HOURS,0.0,0.083,0.042,CATEGORY_GENERALIZATION,HIGH,Selecting and Serving Fresh and Frozen Seafood Safely,https://www.fda.gov/food/buy-store-serve-safe-food/selecting-and-serving-fresh-and-frozen-seafood-safely,Serving: two-hour rule,Never leave seafood out more than 2 hours; 1 hour only above 32 C,Discard after the safety maximum; this is not an endorsed room-temperature storage method.
284,95,Day Octopus,3,1,FRIDGE,0-4 C,AVAILABLE,1,3,DAYS,1.0,3.0,2.0,CATEGORY_GENERALIZATION,MEDIUM,FoodKeeper ingredients.csv (public mirror of USDA FoodKeeper dataset),https://raw.githubusercontent.com/jelera/food-shelflife-db/master/lib/seeds/ingredients.csv,ingredients.csv record: Squid,1-3 days refrigerated; FoodKeeper category: Squid,Keep continuously chilled/frozen; use package instructions when more restrictive.
285,95,Day Octopus,3,2,FREEZER,<= -18 C,AVAILABLE,6,18,MONTHS,180.0,540.0,360.0,CATEGORY_GENERALIZATION,MEDIUM,FoodKeeper ingredients.csv (public mirror of USDA FoodKeeper dataset),https://raw.githubusercontent.com/jelera/food-shelflife-db/master/lib/seeds/ingredients.csv,ingredients.csv record: Squid,6-18 months frozen; FoodKeeper category: Squid,Keep continuously chilled/frozen; use package instructions when more restrictive.
286,96,Blood Cockle,3,3,ROOM_TEMP,25-30 C,NOT_RECOMMENDED,0,2,HOURS,0.0,0.083,0.042,CATEGORY_GENERALIZATION,HIGH,Selecting and Serving Fresh and Frozen Seafood Safely,https://www.fda.gov/food/buy-store-serve-safe-food/selecting-and-serving-fresh-and-frozen-seafood-safely,Serving: two-hour rule,Never leave seafood out more than 2 hours; 1 hour only above 32 C,Discard after the safety maximum; this is not an endorsed room-temperature storage method.
287,96,Blood Cockle,3,1,FRIDGE,0-4 C,AVAILABLE,5,10,DAYS,5.0,10.0,7.5,CATEGORY_GENERALIZATION,MEDIUM,FoodKeeper ingredients.csv (public mirror of USDA FoodKeeper dataset),https://raw.githubusercontent.com/jelera/food-shelflife-db/master/lib/seeds/ingredients.csv,"ingredients.csv record: Fresh clams, mussels, oysters; freezing not recommended","5-10 days refrigerated; FoodKeeper category: Fresh clams, mussels, oysters; freezing not recommended",Keep continuously chilled/frozen; use package instructions when more restrictive.
288,96,Blood Cockle,3,2,FREEZER,<= -18 C,NOT_RECOMMENDED,,,,,,,CATEGORY_GENERALIZATION,MEDIUM,FoodKeeper ingredients.csv (public mirror of USDA FoodKeeper dataset),https://raw.githubusercontent.com/jelera/food-shelflife-db/master/lib/seeds/ingredients.csv,"ingredients.csv record: Fresh clams, mussels, oysters; freezing not recommended",Freezing not recommended for the specified fresh/live state,Keep continuously chilled/frozen; use package instructions when more restrictive.
289,97,Asian Green Mussel,3,3,ROOM_TEMP,25-30 C,NOT_RECOMMENDED,0,2,HOURS,0.0,0.083,0.042,CATEGORY_GENERALIZATION,HIGH,Selecting and Serving Fresh and Frozen Seafood Safely,https://www.fda.gov/food/buy-store-serve-safe-food/selecting-and-serving-fresh-and-frozen-seafood-safely,Serving: two-hour rule,Never leave seafood out more than 2 hours; 1 hour only above 32 C,Discard after the safety maximum; this is not an endorsed room-temperature storage method.
290,97,Asian Green Mussel,3,1,FRIDGE,0-4 C,AVAILABLE,5,10,DAYS,5.0,10.0,7.5,CATEGORY_GENERALIZATION,MEDIUM,FoodKeeper ingredients.csv (public mirror of USDA FoodKeeper dataset),https://raw.githubusercontent.com/jelera/food-shelflife-db/master/lib/seeds/ingredients.csv,"ingredients.csv record: Fresh clams, mussels, oysters; freezing not recommended","5-10 days refrigerated; FoodKeeper category: Fresh clams, mussels, oysters; freezing not recommended",Keep continuously chilled/frozen; use package instructions when more restrictive.
291,97,Asian Green Mussel,3,2,FREEZER,<= -18 C,NOT_RECOMMENDED,,,,,,,CATEGORY_GENERALIZATION,MEDIUM,FoodKeeper ingredients.csv (public mirror of USDA FoodKeeper dataset),https://raw.githubusercontent.com/jelera/food-shelflife-db/master/lib/seeds/ingredients.csv,"ingredients.csv record: Fresh clams, mussels, oysters; freezing not recommended",Freezing not recommended for the specified fresh/live state,Keep continuously chilled/frozen; use package instructions when more restrictive.
292,98,Belcher's Oyster,3,3,ROOM_TEMP,25-30 C,NOT_RECOMMENDED,0,2,HOURS,0.0,0.083,0.042,CATEGORY_GENERALIZATION,HIGH,Selecting and Serving Fresh and Frozen Seafood Safely,https://www.fda.gov/food/buy-store-serve-safe-food/selecting-and-serving-fresh-and-frozen-seafood-safely,Serving: two-hour rule,Never leave seafood out more than 2 hours; 1 hour only above 32 C,Discard after the safety maximum; this is not an endorsed room-temperature storage method.
293,98,Belcher's Oyster,3,1,FRIDGE,0-4 C,AVAILABLE,5,10,DAYS,5.0,10.0,7.5,CATEGORY_GENERALIZATION,MEDIUM,FoodKeeper ingredients.csv (public mirror of USDA FoodKeeper dataset),https://raw.githubusercontent.com/jelera/food-shelflife-db/master/lib/seeds/ingredients.csv,"ingredients.csv record: Fresh clams, mussels, oysters; freezing not recommended","5-10 days refrigerated; FoodKeeper category: Fresh clams, mussels, oysters; freezing not recommended",Keep continuously chilled/frozen; use package instructions when more restrictive.
294,98,Belcher's Oyster,3,2,FREEZER,<= -18 C,NOT_RECOMMENDED,,,,,,,CATEGORY_GENERALIZATION,MEDIUM,FoodKeeper ingredients.csv (public mirror of USDA FoodKeeper dataset),https://raw.githubusercontent.com/jelera/food-shelflife-db/master/lib/seeds/ingredients.csv,"ingredients.csv record: Fresh clams, mussels, oysters; freezing not recommended",Freezing not recommended for the specified fresh/live state,Keep continuously chilled/frozen; use package instructions when more restrictive.
295,99,Asiatic Hard Clam,3,3,ROOM_TEMP,25-30 C,NOT_RECOMMENDED,0,2,HOURS,0.0,0.083,0.042,CATEGORY_GENERALIZATION,HIGH,Selecting and Serving Fresh and Frozen Seafood Safely,https://www.fda.gov/food/buy-store-serve-safe-food/selecting-and-serving-fresh-and-frozen-seafood-safely,Serving: two-hour rule,Never leave seafood out more than 2 hours; 1 hour only above 32 C,Discard after the safety maximum; this is not an endorsed room-temperature storage method.
296,99,Asiatic Hard Clam,3,1,FRIDGE,0-4 C,AVAILABLE,5,10,DAYS,5.0,10.0,7.5,CATEGORY_GENERALIZATION,MEDIUM,FoodKeeper ingredients.csv (public mirror of USDA FoodKeeper dataset),https://raw.githubusercontent.com/jelera/food-shelflife-db/master/lib/seeds/ingredients.csv,"ingredients.csv record: Fresh clams, mussels, oysters; freezing not recommended","5-10 days refrigerated; FoodKeeper category: Fresh clams, mussels, oysters; freezing not recommended",Keep continuously chilled/frozen; use package instructions when more restrictive.
297,99,Asiatic Hard Clam,3,2,FREEZER,<= -18 C,NOT_RECOMMENDED,,,,,,,CATEGORY_GENERALIZATION,MEDIUM,FoodKeeper ingredients.csv (public mirror of USDA FoodKeeper dataset),https://raw.githubusercontent.com/jelera/food-shelflife-db/master/lib/seeds/ingredients.csv,"ingredients.csv record: Fresh clams, mussels, oysters; freezing not recommended",Freezing not recommended for the specified fresh/live state,Keep continuously chilled/frozen; use package instructions when more restrictive.
298,100,Asian Moon Scallop,3,3,ROOM_TEMP,25-30 C,NOT_RECOMMENDED,0,2,HOURS,0.0,0.083,0.042,CATEGORY_GENERALIZATION,HIGH,Selecting and Serving Fresh and Frozen Seafood Safely,https://www.fda.gov/food/buy-store-serve-safe-food/selecting-and-serving-fresh-and-frozen-seafood-safely,Serving: two-hour rule,Never leave seafood out more than 2 hours; 1 hour only above 32 C,Discard after the safety maximum; this is not an endorsed room-temperature storage method.
299,100,Asian Moon Scallop,3,1,FRIDGE,0-4 C,AVAILABLE,3,10,DAYS,3.0,10.0,6.5,CATEGORY_GENERALIZATION,MEDIUM,FoodKeeper ingredients.csv (public mirror of USDA FoodKeeper dataset),https://raw.githubusercontent.com/jelera/food-shelflife-db/master/lib/seeds/ingredients.csv,"ingredients.csv record: Shucked clams, mussels, and oysters","3-10 days refrigerated; FoodKeeper category: Shucked clams, mussels, and oysters",Keep continuously chilled/frozen; use package instructions when more restrictive.
300,100,Asian Moon Scallop,3,2,FREEZER,<= -18 C,AVAILABLE,3,4,MONTHS,90.0,120.0,105.0,CATEGORY_GENERALIZATION,MEDIUM,FoodKeeper ingredients.csv (public mirror of USDA FoodKeeper dataset),https://raw.githubusercontent.com/jelera/food-shelflife-db/master/lib/seeds/ingredients.csv,"ingredients.csv record: Shucked clams, mussels, and oysters","3-4 months frozen; FoodKeeper category: Shucked clams, mussels, and oysters",Keep continuously chilled/frozen; use package instructions when more restrictive.
