"rule_id","category_id","product_id","storage_type_id","min_days","max_days","recommended_days","rule_status","confidence","evidence_classification","source_name","source_url","source_locator","source_value_text","handling_notes","created_at","updated_at"
"1","3","","1","1","2","1.5","AVAILABLE","HIGH","CATEGORY_GENERALIZATION","FDA seafood storage guidance","https://www.fda.gov/food/buy-store-serve-safe-food/selecting-and-serving-fresh-and-frozen-seafood-safely","","1-2 days (category fallback)","Use only when image recognition identifies the category but not a catalogue product.","2026-08-27 00:00:00","2026-08-27 00:00:00"
"2","3","","2","60","240","150","AVAILABLE","HIGH","CATEGORY_GENERALIZATION","FoodSafety.gov cold chart","https://www.foodsafety.gov/food-safety-charts/cold-food-storage-charts","","60-240 days (category fallback)","Use only when image recognition identifies the category but not a catalogue product.","2026-08-27 00:00:00","2026-08-27 00:00:00"
"3","5","","3","2","10","6","AVAILABLE","HIGH","CATEGORY_GENERALIZATION","USDA FoodKeeper open data","https://catalog.data.gov/dataset/fsis-foodkeeper-data","","2-10 days (category fallback)","Use only when image recognition identifies the category but not a catalogue product.","2026-08-27 00:00:00","2026-08-27 00:00:00"
"4","5","","1","2","21","11.5","AVAILABLE","HIGH","CATEGORY_GENERALIZATION","USDA FoodKeeper open data","https://catalog.data.gov/dataset/fsis-foodkeeper-data","","2-21 days (category fallback)","Use only when image recognition identifies the category but not a catalogue product.","2026-08-27 00:00:00","2026-08-27 00:00:00"
"5","5","","2","30","365","197.5","AVAILABLE","HIGH","CATEGORY_GENERALIZATION","USDA FoodKeeper open data","https://catalog.data.gov/dataset/fsis-foodkeeper-data","","30-365 days (category fallback)","Use only when image recognition identifies the category but not a catalogue product.","2026-08-27 00:00:00","2026-08-27 00:00:00"
"6","3","","3","0","0","","NOT_RECOMMENDED","HIGH","CATEGORY_GENERALIZATION","NOT_RECOMMENDED; FDA maximum 2 hours","https://www.fda.gov/food/buy-store-serve-safe-food/selecting-and-serving-fresh-and-frozen-seafood-safely","","Maximum 2 hours at 25-30 C; room-temperature storage is not recommended.","Display a warning; do not calculate an endorsed room-temperature expiry date.","2026-08-27 00:00:00","2026-08-27 00:00:00"
"7","2","","1","1","5","3","AVAILABLE","HIGH","CATEGORY_GENERALIZATION","FoodSafety.gov Cold Food Storage Chart","https://www.foodsafety.gov/food-safety-charts/cold-food-storage-charts","Raw sausage and ground meat: 1-2 days; fresh steaks, chops and roasts: 3-5 days refrigerated at 4 C or below","1-5 days refrigerator category range","Category fallback for unidentified raw meat; use a product-specific rule when available.","2026-08-27 00:00:00","2026-08-27 00:00:00"
"8","2","","2","30","365","197.5","AVAILABLE","HIGH","CATEGORY_GENERALIZATION","FoodSafety.gov Cold Food Storage Chart","https://www.foodsafety.gov/food-safety-charts/cold-food-storage-charts","Raw meat ranges from about 1 month for bacon to 12 months for selected fresh cuts/poultry at -18 C or below","1-12 months converted to 30-365 days","Freezer durations are quality guidance; category fallback only.","2026-08-27 00:00:00","2026-08-27 00:00:00"
"9","2","","3","0","0","","NOT_RECOMMENDED","HIGH","CATEGORY_GENERALIZATION","FDA two-hour rule for perishable food","https://www.fda.gov/food/buy-store-serve-safe-food/selecting-and-serving-fresh-and-frozen-seafood-safely","Never leave seafood or other perishable food out of refrigeration for more than 2 hours","Maximum 2 hours; storage at 25-30 C is not recommended","Display a warning; do not calculate an endorsed pantry expiry date.","2026-08-27 00:00:00","2026-08-27 00:00:00"
"10","4","","1","2","14","8","AVAILABLE","MEDIUM","CATEGORY_GENERALIZATION","University of Georgia Extension, Quick Storage Guide for Vegetable Crops","https://fieldreport.caes.uga.edu/publications/C1205/quick-storage-guide-for-vegetable-crops/","Storage-life table: leafy greens 14 days at 41 F; squash under 10 days; cucumber under 14 days; conditions differ by commodity","Conservative 2-14 day refrigerator category range","Highly product-dependent category fallback; use a product-specific rule when available.","2026-08-27 00:00:00","2026-08-27 00:00:00"
"11","4","","2","240","360","300","AVAILABLE","HIGH","CATEGORY_GENERALIZATION","National Center for Home Food Preservation frozen-food guidance","https://nchfp.uga.edu/how/freeze/freeze-general-information/how-long-can-i-store-frozen-foods/","Fruits and vegetables: approximately 8-12 months at 0 F (-18 C)","8-12 months converted to 240-360 days","Quality guidance; vegetables should be prepared and blanched as appropriate before freezing.","2026-08-27 00:00:00","2026-08-27 00:00:00"
"12","4","","3","1","7","4","AVAILABLE","MEDIUM","CATEGORY_GENERALIZATION","University of Georgia Extension, Quick Storage Guide for Vegetable Crops","https://fieldreport.caes.uga.edu/publications/C1205/quick-storage-guide-for-vegetable-crops/","Storage-life table and post-harvest section: ambient holding time depends on commodity and temperature; refrigerate when unknown","Conservative 1-7 day pantry category range","Highly product-dependent category fallback at the Malaysia 25-30 C profile; refrigerate when the exact vegetable is unknown.","2026-08-27 00:00:00","2026-08-27 00:00:00"
"13","5","1","3","7","7","7","AVAILABLE","HIGH","PRODUCT_SPECIFIC","USDA FSIS FoodKeeper Data","https://catalog.data.gov/dataset/fsis-foodkeeper-data","FoodKeeper Data English distribution; prior public-mirror locator: ingredients.csv record: Star fruit","1 week in pantry","Inspect for spoilage and follow package/manufacturer instructions when available.","2026-08-27 00:00:00","2026-08-27 00:00:00"
"14","5","1","1","7","14","10.5","AVAILABLE","HIGH","PRODUCT_SPECIFIC","USDA FSIS FoodKeeper Data","https://catalog.data.gov/dataset/fsis-foodkeeper-data","FoodKeeper Data English distribution; prior public-mirror locator: ingredients.csv record: Star fruit","1-2 weeks refrigerated","Inspect for spoilage and follow package/manufacturer instructions when available.","2026-08-27 00:00:00","2026-08-27 00:00:00"
"15","5","1","2","300","360","330","AVAILABLE","HIGH","PRODUCT_SPECIFIC","USDA FSIS FoodKeeper Data","https://catalog.data.gov/dataset/fsis-foodkeeper-data","FoodKeeper Data English distribution; prior public-mirror locator: ingredients.csv record: Star fruit","10-12 months frozen","Freezer durations are quality guidance; freezing may soften fruit after thawing. Prepare and package fruit appropriately before freezing.","2026-08-27 00:00:00","2026-08-27 00:00:00"
"16","5","2","3","3","5","4","AVAILABLE","HIGH","PRODUCT_SPECIFIC","USDA FSIS FoodKeeper Data","https://catalog.data.gov/dataset/fsis-foodkeeper-data","FoodKeeper Data English distribution; prior public-mirror locator: ingredients.csv record: Papaya, mango, feijoa, passionfruit, casaha melon","3-5 days in pantry","Inspect for spoilage and follow package/manufacturer instructions when available.","2026-08-27 00:00:00","2026-08-27 00:00:00"
"17","5","2","1","7","7","7","AVAILABLE","HIGH","PRODUCT_SPECIFIC","USDA FSIS FoodKeeper Data","https://catalog.data.gov/dataset/fsis-foodkeeper-data","FoodKeeper Data English distribution; prior public-mirror locator: ingredients.csv record: Papaya, mango, feijoa, passionfruit, casaha melon","1 week refrigerated","Inspect for spoilage and follow package/manufacturer instructions when available.","2026-08-27 00:00:00","2026-08-27 00:00:00"
"18","5","2","2","180","240","210","AVAILABLE","HIGH","PRODUCT_SPECIFIC","USDA FSIS FoodKeeper Data","https://catalog.data.gov/dataset/fsis-foodkeeper-data","FoodKeeper Data English distribution; prior public-mirror locator: ingredients.csv record: Papaya, mango, feijoa, passionfruit, casaha melon","6-8 months frozen","Freezer durations are quality guidance; freezing may soften fruit after thawing. Prepare and package fruit appropriately before freezing.","2026-08-27 00:00:00","2026-08-27 00:00:00"
"19","5","3","3","3","5","4","AVAILABLE","LOW","CATEGORY_GENERALIZATION","USDA FSIS FoodKeeper Data","https://catalog.data.gov/dataset/fsis-foodkeeper-data","FoodKeeper Data English distribution; prior public-mirror locator: ingredients.csv record: Papaya, mango, feijoa, passionfruit, casaha melon","3-5 days in pantry","Inspect for spoilage and follow package/manufacturer instructions when available.","2026-08-27 00:00:00","2026-08-27 00:00:00"
"20","5","3","1","7","7","7","AVAILABLE","LOW","CATEGORY_GENERALIZATION","USDA FSIS FoodKeeper Data","https://catalog.data.gov/dataset/fsis-foodkeeper-data","FoodKeeper Data English distribution; prior public-mirror locator: ingredients.csv record: Papaya, mango, feijoa, passionfruit, casaha melon","1 week refrigerated","Inspect for spoilage and follow package/manufacturer instructions when available.","2026-08-27 00:00:00","2026-08-27 00:00:00"
"21","5","3","2","180","240","210","AVAILABLE","LOW","CATEGORY_GENERALIZATION","USDA FSIS FoodKeeper Data","https://catalog.data.gov/dataset/fsis-foodkeeper-data","FoodKeeper Data English distribution; prior public-mirror locator: ingredients.csv record: Papaya, mango, feijoa, passionfruit, casaha melon","6-8 months frozen","Freezer durations are quality guidance; freezing may soften fruit after thawing. Prepare and package fruit appropriately before freezing.","2026-08-27 00:00:00","2026-08-27 00:00:00"
"22","5","4","3","0","0","","QUALITATIVE_ONLY","HIGH","PRODUCT_SPECIFIC","USDA FSIS FoodKeeper Data","https://catalog.data.gov/dataset/fsis-foodkeeper-data","FoodKeeper Data English distribution; prior public-mirror locator: ingredients.csv record: Peaches, nectarines, plums, pears, sapote","Keep at room temperature until ripe","Inspect for spoilage and follow package/manufacturer instructions when available.","2026-08-27 00:00:00","2026-08-27 00:00:00"
"23","5","4","1","3","5","4","AVAILABLE","HIGH","PRODUCT_SPECIFIC","USDA FSIS FoodKeeper Data","https://catalog.data.gov/dataset/fsis-foodkeeper-data","FoodKeeper Data English distribution; prior public-mirror locator: ingredients.csv record: Peaches, nectarines, plums, pears, sapote","3-5 days refrigerated once ripe","Inspect for spoilage and follow package/manufacturer instructions when available.","2026-08-27 00:00:00","2026-08-27 00:00:00"
"24","5","4","2","60","60","60","AVAILABLE","HIGH","PRODUCT_SPECIFIC","USDA FSIS FoodKeeper Data","https://catalog.data.gov/dataset/fsis-foodkeeper-data","FoodKeeper Data English distribution; prior public-mirror locator: ingredients.csv record: Peaches, nectarines, plums, pears, sapote","2 months frozen","Freezer durations are quality guidance; freezing may soften fruit after thawing. Prepare and package fruit appropriately before freezing.","2026-08-27 00:00:00","2026-08-27 00:00:00"
"25","5","5","3","3","5","4","AVAILABLE","LOW","CATEGORY_GENERALIZATION","USDA FSIS FoodKeeper Data","https://catalog.data.gov/dataset/fsis-foodkeeper-data","FoodKeeper Data English distribution; prior public-mirror locator: ingredients.csv record: Papaya, mango, feijoa, passionfruit, casaha melon","3-5 days in pantry","Inspect for spoilage and follow package/manufacturer instructions when available.","2026-08-27 00:00:00","2026-08-27 00:00:00"
"26","5","5","1","7","7","7","AVAILABLE","LOW","CATEGORY_GENERALIZATION","USDA FSIS FoodKeeper Data","https://catalog.data.gov/dataset/fsis-foodkeeper-data","FoodKeeper Data English distribution; prior public-mirror locator: ingredients.csv record: Papaya, mango, feijoa, passionfruit, casaha melon","1 week refrigerated","Inspect for spoilage and follow package/manufacturer instructions when available.","2026-08-27 00:00:00","2026-08-27 00:00:00"
"27","5","5","2","180","240","210","AVAILABLE","LOW","CATEGORY_GENERALIZATION","USDA FSIS FoodKeeper Data","https://catalog.data.gov/dataset/fsis-foodkeeper-data","FoodKeeper Data English distribution; prior public-mirror locator: ingredients.csv record: Papaya, mango, feijoa, passionfruit, casaha melon","6-8 months frozen","Freezer durations are quality guidance; freezing may soften fruit after thawing. Prepare and package fruit appropriately before freezing.","2026-08-27 00:00:00","2026-08-27 00:00:00"
"28","5","6","3","3","5","4","AVAILABLE","LOW","CATEGORY_GENERALIZATION","USDA FSIS FoodKeeper Data","https://catalog.data.gov/dataset/fsis-foodkeeper-data","FoodKeeper Data English distribution; prior public-mirror locator: ingredients.csv record: Papaya, mango, feijoa, passionfruit, casaha melon","3-5 days in pantry","Inspect for spoilage and follow package/manufacturer instructions when available.","2026-08-27 00:00:00","2026-08-27 00:00:00"
"29","5","6","1","7","7","7","AVAILABLE","LOW","CATEGORY_GENERALIZATION","USDA FSIS FoodKeeper Data","https://catalog.data.gov/dataset/fsis-foodkeeper-data","FoodKeeper Data English distribution; prior public-mirror locator: ingredients.csv record: Papaya, mango, feijoa, passionfruit, casaha melon","1 week refrigerated","Inspect for spoilage and follow package/manufacturer instructions when available.","2026-08-27 00:00:00","2026-08-27 00:00:00"
"30","5","6","2","180","240","210","AVAILABLE","LOW","CATEGORY_GENERALIZATION","USDA FSIS FoodKeeper Data","https://catalog.data.gov/dataset/fsis-foodkeeper-data","FoodKeeper Data English distribution; prior public-mirror locator: ingredients.csv record: Papaya, mango, feijoa, passionfruit, casaha melon","6-8 months frozen","Freezer durations are quality guidance; freezing may soften fruit after thawing. Prepare and package fruit appropriately before freezing.","2026-08-27 00:00:00","2026-08-27 00:00:00"
"31","5","7","3","3","5","4","AVAILABLE","LOW","CATEGORY_GENERALIZATION","USDA FSIS FoodKeeper Data","https://catalog.data.gov/dataset/fsis-foodkeeper-data","FoodKeeper Data English distribution; prior public-mirror locator: ingredients.csv record: Papaya, mango, feijoa, passionfruit, casaha melon","3-5 days in pantry","Inspect for spoilage and follow package/manufacturer instructions when available.","2026-08-27 00:00:00","2026-08-27 00:00:00"
"32","5","7","1","7","7","7","AVAILABLE","LOW","CATEGORY_GENERALIZATION","USDA FSIS FoodKeeper Data","https://catalog.data.gov/dataset/fsis-foodkeeper-data","FoodKeeper Data English distribution; prior public-mirror locator: ingredients.csv record: Papaya, mango, feijoa, passionfruit, casaha melon","1 week refrigerated","Inspect for spoilage and follow package/manufacturer instructions when available.","2026-08-27 00:00:00","2026-08-27 00:00:00"
"33","5","7","2","180","240","210","AVAILABLE","LOW","CATEGORY_GENERALIZATION","USDA FSIS FoodKeeper Data","https://catalog.data.gov/dataset/fsis-foodkeeper-data","FoodKeeper Data English distribution; prior public-mirror locator: ingredients.csv record: Papaya, mango, feijoa, passionfruit, casaha melon","6-8 months frozen","Freezer durations are quality guidance; freezing may soften fruit after thawing. Prepare and package fruit appropriately before freezing.","2026-08-27 00:00:00","2026-08-27 00:00:00"
"34","5","8","3","0","0","","QUALITATIVE_ONLY","MEDIUM","PRODUCT_SPECIFIC","USDA FSIS FoodKeeper Data","https://catalog.data.gov/dataset/fsis-foodkeeper-data","FoodKeeper Data English distribution; prior public-mirror locator: ingredients.csv record: Guava","Keep at room temperature until ripe","Inspect for spoilage and follow package/manufacturer instructions when available.","2026-08-27 00:00:00","2026-08-27 00:00:00"
"35","5","8","1","2","4","3","AVAILABLE","HIGH","PRODUCT_SPECIFIC","USDA FSIS FoodKeeper Data","https://catalog.data.gov/dataset/fsis-foodkeeper-data","FoodKeeper Data English distribution; prior public-mirror locator: ingredients.csv record: Guava","2-4 days refrigerated once ripe","Inspect for spoilage and follow package/manufacturer instructions when available.","2026-08-27 00:00:00","2026-08-27 00:00:00"
"36","5","8","2","0","0","","NOT_RECOMMENDED","HIGH","PRODUCT_SPECIFIC","USDA FSIS FoodKeeper Data","https://catalog.data.gov/dataset/fsis-foodkeeper-data","FoodKeeper Data English distribution; prior public-mirror locator: ingredients.csv record: Guava","Not recommended for freezing in the fresh whole state","Inspect for spoilage and follow package/manufacturer instructions when available.","2026-08-27 00:00:00","2026-08-27 00:00:00"
"37","5","9","3","3","5","4","AVAILABLE","LOW","CATEGORY_GENERALIZATION","USDA FSIS FoodKeeper Data","https://catalog.data.gov/dataset/fsis-foodkeeper-data","FoodKeeper Data English distribution; prior public-mirror locator: ingredients.csv record: Papaya, mango, feijoa, passionfruit, casaha melon","3-5 days in pantry","Inspect for spoilage and follow package/manufacturer instructions when available.","2026-08-27 00:00:00","2026-08-27 00:00:00"
"38","5","9","1","7","7","7","AVAILABLE","LOW","CATEGORY_GENERALIZATION","USDA FSIS FoodKeeper Data","https://catalog.data.gov/dataset/fsis-foodkeeper-data","FoodKeeper Data English distribution; prior public-mirror locator: ingredients.csv record: Papaya, mango, feijoa, passionfruit, casaha melon","1 week refrigerated","Inspect for spoilage and follow package/manufacturer instructions when available.","2026-08-27 00:00:00","2026-08-27 00:00:00"
"39","5","9","2","180","240","210","AVAILABLE","LOW","CATEGORY_GENERALIZATION","USDA FSIS FoodKeeper Data","https://catalog.data.gov/dataset/fsis-foodkeeper-data","FoodKeeper Data English distribution; prior public-mirror locator: ingredients.csv record: Papaya, mango, feijoa, passionfruit, casaha melon","6-8 months frozen","Freezer durations are quality guidance; freezing may soften fruit after thawing. Prepare and package fruit appropriately before freezing.","2026-08-27 00:00:00","2026-08-27 00:00:00"
"40","5","10","3","10","10","10","AVAILABLE","MEDIUM","CATEGORY_GENERALIZATION","USDA FSIS FoodKeeper Data","https://catalog.data.gov/dataset/fsis-foodkeeper-data","FoodKeeper Data English distribution; prior public-mirror locator: ingredients.csv record: Citrus fruit","10 days after purchase in pantry","Inspect for spoilage and follow package/manufacturer instructions when available.","2026-08-27 00:00:00","2026-08-27 00:00:00"
"41","5","10","1","10","21","15.5","AVAILABLE","MEDIUM","CATEGORY_GENERALIZATION","USDA FSIS FoodKeeper Data","https://catalog.data.gov/dataset/fsis-foodkeeper-data","FoodKeeper Data English distribution; prior public-mirror locator: ingredients.csv record: Citrus fruit","10-21 days refrigerated","Inspect for spoilage and follow package/manufacturer instructions when available.","2026-08-27 00:00:00","2026-08-27 00:00:00"
"42","5","10","2","0","0","","NOT_RECOMMENDED","MEDIUM","CATEGORY_GENERALIZATION","USDA FSIS FoodKeeper Data","https://catalog.data.gov/dataset/fsis-foodkeeper-data","FoodKeeper Data English distribution; prior public-mirror locator: ingredients.csv record: Citrus fruit","Not recommended for freezing in the fresh whole state","Inspect for spoilage and follow package/manufacturer instructions when available.","2026-08-27 00:00:00","2026-08-27 00:00:00"
"43","5","11","3","10","10","10","AVAILABLE","HIGH","PRODUCT_SPECIFIC","USDA FSIS FoodKeeper Data","https://catalog.data.gov/dataset/fsis-foodkeeper-data","FoodKeeper Data English distribution; prior public-mirror locator: ingredients.csv record: Citrus fruit","10 days after purchase in pantry","Inspect for spoilage and follow package/manufacturer instructions when available.","2026-08-27 00:00:00","2026-08-27 00:00:00"
"44","5","11","1","10","21","15.5","AVAILABLE","HIGH","PRODUCT_SPECIFIC","USDA FSIS FoodKeeper Data","https://catalog.data.gov/dataset/fsis-foodkeeper-data","FoodKeeper Data English distribution; prior public-mirror locator: ingredients.csv record: Citrus fruit","10-21 days refrigerated","Inspect for spoilage and follow package/manufacturer instructions when available.","2026-08-27 00:00:00","2026-08-27 00:00:00"
"45","5","11","2","0","0","","NOT_RECOMMENDED","HIGH","PRODUCT_SPECIFIC","USDA FSIS FoodKeeper Data","https://catalog.data.gov/dataset/fsis-foodkeeper-data","FoodKeeper Data English distribution; prior public-mirror locator: ingredients.csv record: Citrus fruit","Not recommended for freezing in the fresh whole state","Inspect for spoilage and follow package/manufacturer instructions when available.","2026-08-27 00:00:00","2026-08-27 00:00:00"
"46","5","12","3","3","5","4","AVAILABLE","HIGH","PRODUCT_SPECIFIC","USDA FSIS FoodKeeper Data","https://catalog.data.gov/dataset/fsis-foodkeeper-data","FoodKeeper Data English distribution; prior public-mirror locator: ingredients.csv record: Papaya, mango, feijoa, passionfruit, casaha melon","3-5 days in pantry","Inspect for spoilage and follow package/manufacturer instructions when available.","2026-08-27 00:00:00","2026-08-27 00:00:00"
"47","5","12","1","7","7","7","AVAILABLE","HIGH","PRODUCT_SPECIFIC","USDA FSIS FoodKeeper Data","https://catalog.data.gov/dataset/fsis-foodkeeper-data","FoodKeeper Data English distribution; prior public-mirror locator: ingredients.csv record: Papaya, mango, feijoa, passionfruit, casaha melon","1 week refrigerated","Inspect for spoilage and follow package/manufacturer instructions when available.","2026-08-27 00:00:00","2026-08-27 00:00:00"
"48","5","12","2","180","240","210","AVAILABLE","HIGH","PRODUCT_SPECIFIC","USDA FSIS FoodKeeper Data","https://catalog.data.gov/dataset/fsis-foodkeeper-data","FoodKeeper Data English distribution; prior public-mirror locator: ingredients.csv record: Papaya, mango, feijoa, passionfruit, casaha melon","6-8 months frozen","Freezer durations are quality guidance; freezing may soften fruit after thawing. Prepare and package fruit appropriately before freezing.","2026-08-27 00:00:00","2026-08-27 00:00:00"
"49","5","13","3","3","5","4","AVAILABLE","LOW","CATEGORY_GENERALIZATION","USDA FSIS FoodKeeper Data","https://catalog.data.gov/dataset/fsis-foodkeeper-data","FoodKeeper Data English distribution; prior public-mirror locator: ingredients.csv record: Papaya, mango, feijoa, passionfruit, casaha melon","3-5 days in pantry","Inspect for spoilage and follow package/manufacturer instructions when available.","2026-08-27 00:00:00","2026-08-27 00:00:00"
"50","5","13","1","7","7","7","AVAILABLE","LOW","CATEGORY_GENERALIZATION","USDA FSIS FoodKeeper Data","https://catalog.data.gov/dataset/fsis-foodkeeper-data","FoodKeeper Data English distribution; prior public-mirror locator: ingredients.csv record: Papaya, mango, feijoa, passionfruit, casaha melon","1 week refrigerated","Inspect for spoilage and follow package/manufacturer instructions when available.","2026-08-27 00:00:00","2026-08-27 00:00:00"
"51","5","13","2","180","240","210","AVAILABLE","LOW","CATEGORY_GENERALIZATION","USDA FSIS FoodKeeper Data","https://catalog.data.gov/dataset/fsis-foodkeeper-data","FoodKeeper Data English distribution; prior public-mirror locator: ingredients.csv record: Papaya, mango, feijoa, passionfruit, casaha melon","6-8 months frozen","Freezer durations are quality guidance; freezing may soften fruit after thawing. Prepare and package fruit appropriately before freezing.","2026-08-27 00:00:00","2026-08-27 00:00:00"
"52","5","14","3","2","5","3.5","AVAILABLE","HIGH","PRODUCT_SPECIFIC","USDA FSIS FoodKeeper Data","https://catalog.data.gov/dataset/fsis-foodkeeper-data","FoodKeeper Data English distribution; prior public-mirror locator: ingredients.csv record: Pitaya/dragon fruit","2-5 days in pantry","Inspect for spoilage and follow package/manufacturer instructions when available.","2026-08-27 00:00:00","2026-08-27 00:00:00"
"53","5","14","1","14","21","17.5","AVAILABLE","HIGH","PRODUCT_SPECIFIC","USDA FSIS FoodKeeper Data","https://catalog.data.gov/dataset/fsis-foodkeeper-data","FoodKeeper Data English distribution; prior public-mirror locator: ingredients.csv record: Pitaya/dragon fruit","2-3 weeks refrigerated","Inspect for spoilage and follow package/manufacturer instructions when available.","2026-08-27 00:00:00","2026-08-27 00:00:00"
"54","5","14","2","300","360","330","AVAILABLE","HIGH","PRODUCT_SPECIFIC","USDA FSIS FoodKeeper Data","https://catalog.data.gov/dataset/fsis-foodkeeper-data","FoodKeeper Data English distribution; prior public-mirror locator: ingredients.csv record: Pitaya/dragon fruit","10-12 months frozen","Freezer durations are quality guidance; freezing may soften fruit after thawing. Prepare and package fruit appropriately before freezing.","2026-08-27 00:00:00","2026-08-27 00:00:00"
"55","5","15","3","0","0","","QUALITATIVE_ONLY","MEDIUM","PRODUCT_SPECIFIC","USDA FSIS FoodKeeper Data","https://catalog.data.gov/dataset/fsis-foodkeeper-data","FoodKeeper Data English distribution; prior public-mirror locator: ingredients.csv record: Pineapple","Keep at room temperature until ripe","Inspect for spoilage and follow package/manufacturer instructions when available.","2026-08-27 00:00:00","2026-08-27 00:00:00"
"56","5","15","1","5","7","6","AVAILABLE","HIGH","PRODUCT_SPECIFIC","USDA FSIS FoodKeeper Data","https://catalog.data.gov/dataset/fsis-foodkeeper-data","FoodKeeper Data English distribution; prior public-mirror locator: ingredients.csv record: Pineapple","5-7 days refrigerated once ripe","Inspect for spoilage and follow package/manufacturer instructions when available.","2026-08-27 00:00:00","2026-08-27 00:00:00"
"57","5","15","2","300","360","330","AVAILABLE","HIGH","PRODUCT_SPECIFIC","USDA FSIS FoodKeeper Data","https://catalog.data.gov/dataset/fsis-foodkeeper-data","FoodKeeper Data English distribution; prior public-mirror locator: ingredients.csv record: Pineapple","10-12 months frozen","Freezer durations are quality guidance; freezing may soften fruit after thawing. Prepare and package fruit appropriately before freezing.","2026-08-27 00:00:00","2026-08-27 00:00:00"
"58","5","16","3","3","5","4","AVAILABLE","LOW","CATEGORY_GENERALIZATION","USDA FSIS FoodKeeper Data","https://catalog.data.gov/dataset/fsis-foodkeeper-data","FoodKeeper Data English distribution; prior public-mirror locator: ingredients.csv record: Papaya, mango, feijoa, passionfruit, casaha melon","3-5 days in pantry","Inspect for spoilage and follow package/manufacturer instructions when available.","2026-08-27 00:00:00","2026-08-27 00:00:00"
"59","5","16","1","7","7","7","AVAILABLE","LOW","CATEGORY_GENERALIZATION","USDA FSIS FoodKeeper Data","https://catalog.data.gov/dataset/fsis-foodkeeper-data","FoodKeeper Data English distribution; prior public-mirror locator: ingredients.csv record: Papaya, mango, feijoa, passionfruit, casaha melon","1 week refrigerated","Inspect for spoilage and follow package/manufacturer instructions when available.","2026-08-27 00:00:00","2026-08-27 00:00:00"
"60","5","16","2","180","240","210","AVAILABLE","LOW","CATEGORY_GENERALIZATION","USDA FSIS FoodKeeper Data","https://catalog.data.gov/dataset/fsis-foodkeeper-data","FoodKeeper Data English distribution; prior public-mirror locator: ingredients.csv record: Papaya, mango, feijoa, passionfruit, casaha melon","6-8 months frozen","Freezer durations are quality guidance; freezing may soften fruit after thawing. Prepare and package fruit appropriately before freezing.","2026-08-27 00:00:00","2026-08-27 00:00:00"
"61","5","17","3","0","0","","QUALITATIVE_ONLY","MEDIUM","PRODUCT_SPECIFIC","USDA FSIS FoodKeeper Data","https://catalog.data.gov/dataset/fsis-foodkeeper-data","FoodKeeper Data English distribution; prior public-mirror locator: ingredients.csv record: Bananas","Keep at room temperature until ripe","Inspect for spoilage and follow package/manufacturer instructions when available.","2026-08-27 00:00:00","2026-08-27 00:00:00"
"62","5","17","1","3","3","3","AVAILABLE","HIGH","PRODUCT_SPECIFIC","USDA FSIS FoodKeeper Data","https://catalog.data.gov/dataset/fsis-foodkeeper-data","FoodKeeper Data English distribution; prior public-mirror locator: ingredients.csv record: Bananas","3 days refrigerated once ripe","Inspect for spoilage and follow package/manufacturer instructions when available.","2026-08-27 00:00:00","2026-08-27 00:00:00"
"63","5","17","2","60","90","75","AVAILABLE","HIGH","PRODUCT_SPECIFIC","USDA FSIS FoodKeeper Data","https://catalog.data.gov/dataset/fsis-foodkeeper-data","FoodKeeper Data English distribution; prior public-mirror locator: ingredients.csv record: Bananas","2-3 months frozen","Freezer durations are quality guidance; freezing may soften fruit after thawing. Prepare and package fruit appropriately before freezing.","2026-08-27 00:00:00","2026-08-27 00:00:00"
"64","5","18","3","3","5","4","AVAILABLE","LOW","CATEGORY_GENERALIZATION","USDA FSIS FoodKeeper Data","https://catalog.data.gov/dataset/fsis-foodkeeper-data","FoodKeeper Data English distribution; prior public-mirror locator: ingredients.csv record: Papaya, mango, feijoa, passionfruit, casaha melon","3-5 days in pantry","Inspect for spoilage and follow package/manufacturer instructions when available.","2026-08-27 00:00:00","2026-08-27 00:00:00"
"65","5","18","1","7","7","7","AVAILABLE","LOW","CATEGORY_GENERALIZATION","USDA FSIS FoodKeeper Data","https://catalog.data.gov/dataset/fsis-foodkeeper-data","FoodKeeper Data English distribution; prior public-mirror locator: ingredients.csv record: Papaya, mango, feijoa, passionfruit, casaha melon","1 week refrigerated","Inspect for spoilage and follow package/manufacturer instructions when available.","2026-08-27 00:00:00","2026-08-27 00:00:00"
"66","5","18","2","180","240","210","AVAILABLE","LOW","CATEGORY_GENERALIZATION","USDA FSIS FoodKeeper Data","https://catalog.data.gov/dataset/fsis-foodkeeper-data","FoodKeeper Data English distribution; prior public-mirror locator: ingredients.csv record: Papaya, mango, feijoa, passionfruit, casaha melon","6-8 months frozen","Freezer durations are quality guidance; freezing may soften fruit after thawing. Prepare and package fruit appropriately before freezing.","2026-08-27 00:00:00","2026-08-27 00:00:00"
"67","5","19","3","3","5","4","AVAILABLE","LOW","CATEGORY_GENERALIZATION","USDA FSIS FoodKeeper Data","https://catalog.data.gov/dataset/fsis-foodkeeper-data","FoodKeeper Data English distribution; prior public-mirror locator: ingredients.csv record: Papaya, mango, feijoa, passionfruit, casaha melon","3-5 days in pantry","Inspect for spoilage and follow package/manufacturer instructions when available.","2026-08-27 00:00:00","2026-08-27 00:00:00"
"68","5","19","1","7","7","7","AVAILABLE","LOW","CATEGORY_GENERALIZATION","USDA FSIS FoodKeeper Data","https://catalog.data.gov/dataset/fsis-foodkeeper-data","FoodKeeper Data English distribution; prior public-mirror locator: ingredients.csv record: Papaya, mango, feijoa, passionfruit, casaha melon","1 week refrigerated","Inspect for spoilage and follow package/manufacturer instructions when available.","2026-08-27 00:00:00","2026-08-27 00:00:00"
"69","5","19","2","180","240","210","AVAILABLE","LOW","CATEGORY_GENERALIZATION","USDA FSIS FoodKeeper Data","https://catalog.data.gov/dataset/fsis-foodkeeper-data","FoodKeeper Data English distribution; prior public-mirror locator: ingredients.csv record: Papaya, mango, feijoa, passionfruit, casaha melon","6-8 months frozen","Freezer durations are quality guidance; freezing may soften fruit after thawing. Prepare and package fruit appropriately before freezing.","2026-08-27 00:00:00","2026-08-27 00:00:00"
"70","5","20","3","0","0","","QUALITATIVE_ONLY","LOW","CATEGORY_GENERALIZATION","USDA FSIS FoodKeeper Data","https://catalog.data.gov/dataset/fsis-foodkeeper-data","FoodKeeper Data English distribution; prior public-mirror locator: ingredients.csv record: Peaches, nectarines, plums, pears, sapote","Keep at room temperature until ripe","Inspect for spoilage and follow package/manufacturer instructions when available.","2026-08-27 00:00:00","2026-08-27 00:00:00"
"71","5","20","1","3","5","4","AVAILABLE","LOW","CATEGORY_GENERALIZATION","USDA FSIS FoodKeeper Data","https://catalog.data.gov/dataset/fsis-foodkeeper-data","FoodKeeper Data English distribution; prior public-mirror locator: ingredients.csv record: Peaches, nectarines, plums, pears, sapote","3-5 days refrigerated once ripe","Inspect for spoilage and follow package/manufacturer instructions when available.","2026-08-27 00:00:00","2026-08-27 00:00:00"
"72","5","20","2","60","60","60","AVAILABLE","LOW","CATEGORY_GENERALIZATION","USDA FSIS FoodKeeper Data","https://catalog.data.gov/dataset/fsis-foodkeeper-data","FoodKeeper Data English distribution; prior public-mirror locator: ingredients.csv record: Peaches, nectarines, plums, pears, sapote","2 months frozen","Freezer durations are quality guidance; freezing may soften fruit after thawing. Prepare and package fruit appropriately before freezing.","2026-08-27 00:00:00","2026-08-27 00:00:00"
"73","5","21","3","1","2","1.5","AVAILABLE","HIGH","PRODUCT_SPECIFIC","USDA FSIS FoodKeeper Data","https://catalog.data.gov/dataset/fsis-foodkeeper-data","FoodKeeper Data English distribution; prior public-mirror locator: ingredients.csv record: Watermelon","1-2 days after purchase in pantry","Inspect for spoilage and follow package/manufacturer instructions when available.","2026-08-27 00:00:00","2026-08-27 00:00:00"
"74","5","21","1","3","4","3.5","AVAILABLE","HIGH","PRODUCT_SPECIFIC","USDA FSIS FoodKeeper Data","https://catalog.data.gov/dataset/fsis-foodkeeper-data","FoodKeeper Data English distribution; prior public-mirror locator: ingredients.csv record: Watermelon","3-4 days refrigerated","Inspect for spoilage and follow package/manufacturer instructions when available.","2026-08-27 00:00:00","2026-08-27 00:00:00"
"75","5","21","2","360","360","360","AVAILABLE","HIGH","PRODUCT_SPECIFIC","USDA FSIS FoodKeeper Data","https://catalog.data.gov/dataset/fsis-foodkeeper-data","FoodKeeper Data English distribution; prior public-mirror locator: ingredients.csv record: Watermelon","12 months frozen","Freezer durations are quality guidance; freezing may soften fruit after thawing. Prepare and package fruit appropriately before freezing.","2026-08-27 00:00:00","2026-08-27 00:00:00"
"76","5","22","3","3","5","4","AVAILABLE","LOW","CATEGORY_GENERALIZATION","USDA FSIS FoodKeeper Data","https://catalog.data.gov/dataset/fsis-foodkeeper-data","FoodKeeper Data English distribution; prior public-mirror locator: ingredients.csv record: Papaya, mango, feijoa, passionfruit, casaha melon","3-5 days in pantry","Inspect for spoilage and follow package/manufacturer instructions when available.","2026-08-27 00:00:00","2026-08-27 00:00:00"
"77","5","22","1","7","7","7","AVAILABLE","LOW","CATEGORY_GENERALIZATION","USDA FSIS FoodKeeper Data","https://catalog.data.gov/dataset/fsis-foodkeeper-data","FoodKeeper Data English distribution; prior public-mirror locator: ingredients.csv record: Papaya, mango, feijoa, passionfruit, casaha melon","1 week refrigerated","Inspect for spoilage and follow package/manufacturer instructions when available.","2026-08-27 00:00:00","2026-08-27 00:00:00"
"78","5","22","2","180","240","210","AVAILABLE","LOW","CATEGORY_GENERALIZATION","USDA FSIS FoodKeeper Data","https://catalog.data.gov/dataset/fsis-foodkeeper-data","FoodKeeper Data English distribution; prior public-mirror locator: ingredients.csv record: Papaya, mango, feijoa, passionfruit, casaha melon","6-8 months frozen","Freezer durations are quality guidance; freezing may soften fruit after thawing. Prepare and package fruit appropriately before freezing.","2026-08-27 00:00:00","2026-08-27 00:00:00"
"79","5","23","3","1","1","1","AVAILABLE","HIGH","PRODUCT_SPECIFIC","USDA FSIS FoodKeeper Data","https://catalog.data.gov/dataset/fsis-foodkeeper-data","FoodKeeper Data English distribution; prior public-mirror locator: ingredients.csv record: Grapes","1 day in pantry","Inspect for spoilage and follow package/manufacturer instructions when available.","2026-08-27 00:00:00","2026-08-27 00:00:00"
"80","5","23","1","7","7","7","AVAILABLE","HIGH","PRODUCT_SPECIFIC","USDA FSIS FoodKeeper Data","https://catalog.data.gov/dataset/fsis-foodkeeper-data","FoodKeeper Data English distribution; prior public-mirror locator: ingredients.csv record: Grapes","1 week refrigerated","Inspect for spoilage and follow package/manufacturer instructions when available.","2026-08-27 00:00:00","2026-08-27 00:00:00"
"81","5","23","2","30","30","30","AVAILABLE","HIGH","PRODUCT_SPECIFIC","USDA FSIS FoodKeeper Data","https://catalog.data.gov/dataset/fsis-foodkeeper-data","FoodKeeper Data English distribution; prior public-mirror locator: ingredients.csv record: Grapes","1 month frozen","Freezer durations are quality guidance; freezing may soften fruit after thawing. Prepare and package fruit appropriately before freezing.","2026-08-27 00:00:00","2026-08-27 00:00:00"
"82","5","24","3","0","0","","QUALITATIVE_ONLY","MEDIUM","PRODUCT_SPECIFIC","USDA FSIS FoodKeeper Data","https://catalog.data.gov/dataset/fsis-foodkeeper-data","FoodKeeper Data English distribution; prior public-mirror locator: ingredients.csv record: Avocados","Keep at room temperature until ripe","Inspect for spoilage and follow package/manufacturer instructions when available.","2026-08-27 00:00:00","2026-08-27 00:00:00"
"83","5","24","1","3","4","3.5","AVAILABLE","HIGH","PRODUCT_SPECIFIC","USDA FSIS FoodKeeper Data","https://catalog.data.gov/dataset/fsis-foodkeeper-data","FoodKeeper Data English distribution; prior public-mirror locator: ingredients.csv record: Avocados","3-4 days refrigerated once ripe","Inspect for spoilage and follow package/manufacturer instructions when available.","2026-08-27 00:00:00","2026-08-27 00:00:00"
"84","5","24","2","0","0","","NOT_RECOMMENDED","HIGH","PRODUCT_SPECIFIC","USDA FSIS FoodKeeper Data","https://catalog.data.gov/dataset/fsis-foodkeeper-data","FoodKeeper Data English distribution; prior public-mirror locator: ingredients.csv record: Avocados","Not recommended for freezing in the fresh whole state","Inspect for spoilage and follow package/manufacturer instructions when available.","2026-08-27 00:00:00","2026-08-27 00:00:00"
"85","5","25","3","3","5","4","AVAILABLE","LOW","CATEGORY_GENERALIZATION","USDA FSIS FoodKeeper Data","https://catalog.data.gov/dataset/fsis-foodkeeper-data","FoodKeeper Data English distribution; prior public-mirror locator: ingredients.csv record: Papaya, mango, feijoa, passionfruit, casaha melon","3-5 days in pantry","Inspect for spoilage and follow package/manufacturer instructions when available.","2026-08-27 00:00:00","2026-08-27 00:00:00"
"86","5","25","1","7","7","7","AVAILABLE","LOW","CATEGORY_GENERALIZATION","USDA FSIS FoodKeeper Data","https://catalog.data.gov/dataset/fsis-foodkeeper-data","FoodKeeper Data English distribution; prior public-mirror locator: ingredients.csv record: Papaya, mango, feijoa, passionfruit, casaha melon","1 week refrigerated","Inspect for spoilage and follow package/manufacturer instructions when available.","2026-08-27 00:00:00","2026-08-27 00:00:00"
"87","5","25","2","180","240","210","AVAILABLE","LOW","CATEGORY_GENERALIZATION","USDA FSIS FoodKeeper Data","https://catalog.data.gov/dataset/fsis-foodkeeper-data","FoodKeeper Data English distribution; prior public-mirror locator: ingredients.csv record: Papaya, mango, feijoa, passionfruit, casaha melon","6-8 months frozen","Freezer durations are quality guidance; freezing may soften fruit after thawing. Prepare and package fruit appropriately before freezing.","2026-08-27 00:00:00","2026-08-27 00:00:00"
"88","5","26","3","3","5","4","AVAILABLE","LOW","CATEGORY_GENERALIZATION","USDA FSIS FoodKeeper Data","https://catalog.data.gov/dataset/fsis-foodkeeper-data","FoodKeeper Data English distribution; prior public-mirror locator: ingredients.csv record: Papaya, mango, feijoa, passionfruit, casaha melon","3-5 days in pantry","Inspect for spoilage and follow package/manufacturer instructions when available.","2026-08-27 00:00:00","2026-08-27 00:00:00"
"89","5","26","1","7","7","7","AVAILABLE","LOW","CATEGORY_GENERALIZATION","USDA FSIS FoodKeeper Data","https://catalog.data.gov/dataset/fsis-foodkeeper-data","FoodKeeper Data English distribution; prior public-mirror locator: ingredients.csv record: Papaya, mango, feijoa, passionfruit, casaha melon","1 week refrigerated","Inspect for spoilage and follow package/manufacturer instructions when available.","2026-08-27 00:00:00","2026-08-27 00:00:00"
"90","5","26","2","180","240","210","AVAILABLE","LOW","CATEGORY_GENERALIZATION","USDA FSIS FoodKeeper Data","https://catalog.data.gov/dataset/fsis-foodkeeper-data","FoodKeeper Data English distribution; prior public-mirror locator: ingredients.csv record: Papaya, mango, feijoa, passionfruit, casaha melon","6-8 months frozen","Freezer durations are quality guidance; freezing may soften fruit after thawing. Prepare and package fruit appropriately before freezing.","2026-08-27 00:00:00","2026-08-27 00:00:00"
"91","5","27","3","3","5","4","AVAILABLE","LOW","CATEGORY_GENERALIZATION","USDA FSIS FoodKeeper Data","https://catalog.data.gov/dataset/fsis-foodkeeper-data","FoodKeeper Data English distribution; prior public-mirror locator: ingredients.csv record: Papaya, mango, feijoa, passionfruit, casaha melon","3-5 days in pantry","Inspect for spoilage and follow package/manufacturer instructions when available.","2026-08-27 00:00:00","2026-08-27 00:00:00"
"92","5","27","1","7","7","7","AVAILABLE","LOW","CATEGORY_GENERALIZATION","USDA FSIS FoodKeeper Data","https://catalog.data.gov/dataset/fsis-foodkeeper-data","FoodKeeper Data English distribution; prior public-mirror locator: ingredients.csv record: Papaya, mango, feijoa, passionfruit, casaha melon","1 week refrigerated","Inspect for spoilage and follow package/manufacturer instructions when available.","2026-08-27 00:00:00","2026-08-27 00:00:00"
"93","5","27","2","180","240","210","AVAILABLE","LOW","CATEGORY_GENERALIZATION","USDA FSIS FoodKeeper Data","https://catalog.data.gov/dataset/fsis-foodkeeper-data","FoodKeeper Data English distribution; prior public-mirror locator: ingredients.csv record: Papaya, mango, feijoa, passionfruit, casaha melon","6-8 months frozen","Freezer durations are quality guidance; freezing may soften fruit after thawing. Prepare and package fruit appropriately before freezing.","2026-08-27 00:00:00","2026-08-27 00:00:00"
"94","5","28","3","3","5","4","AVAILABLE","LOW","CATEGORY_GENERALIZATION","USDA FSIS FoodKeeper Data","https://catalog.data.gov/dataset/fsis-foodkeeper-data","FoodKeeper Data English distribution; prior public-mirror locator: ingredients.csv record: Papaya, mango, feijoa, passionfruit, casaha melon","3-5 days in pantry","Inspect for spoilage and follow package/manufacturer instructions when available.","2026-08-27 00:00:00","2026-08-27 00:00:00"
"95","5","28","1","7","7","7","AVAILABLE","LOW","CATEGORY_GENERALIZATION","USDA FSIS FoodKeeper Data","https://catalog.data.gov/dataset/fsis-foodkeeper-data","FoodKeeper Data English distribution; prior public-mirror locator: ingredients.csv record: Papaya, mango, feijoa, passionfruit, casaha melon","1 week refrigerated","Inspect for spoilage and follow package/manufacturer instructions when available.","2026-08-27 00:00:00","2026-08-27 00:00:00"
"96","5","28","2","180","240","210","AVAILABLE","LOW","CATEGORY_GENERALIZATION","USDA FSIS FoodKeeper Data","https://catalog.data.gov/dataset/fsis-foodkeeper-data","FoodKeeper Data English distribution; prior public-mirror locator: ingredients.csv record: Papaya, mango, feijoa, passionfruit, casaha melon","6-8 months frozen","Freezer durations are quality guidance; freezing may soften fruit after thawing. Prepare and package fruit appropriately before freezing.","2026-08-27 00:00:00","2026-08-27 00:00:00"
"97","5","29","3","0","0","","QUALITATIVE_ONLY","LOW","CATEGORY_GENERALIZATION","USDA FSIS FoodKeeper Data","https://catalog.data.gov/dataset/fsis-foodkeeper-data","FoodKeeper Data English distribution; prior public-mirror locator: ingredients.csv record: Peaches, nectarines, plums, pears, sapote","Keep at room temperature until ripe","Inspect for spoilage and follow package/manufacturer instructions when available.","2026-08-27 00:00:00","2026-08-27 00:00:00"
"98","5","29","1","3","5","4","AVAILABLE","LOW","CATEGORY_GENERALIZATION","USDA FSIS FoodKeeper Data","https://catalog.data.gov/dataset/fsis-foodkeeper-data","FoodKeeper Data English distribution; prior public-mirror locator: ingredients.csv record: Peaches, nectarines, plums, pears, sapote","3-5 days refrigerated once ripe","Inspect for spoilage and follow package/manufacturer instructions when available.","2026-08-27 00:00:00","2026-08-27 00:00:00"
"99","5","29","2","60","60","60","AVAILABLE","LOW","CATEGORY_GENERALIZATION","USDA FSIS FoodKeeper Data","https://catalog.data.gov/dataset/fsis-foodkeeper-data","FoodKeeper Data English distribution; prior public-mirror locator: ingredients.csv record: Peaches, nectarines, plums, pears, sapote","2 months frozen","Freezer durations are quality guidance; freezing may soften fruit after thawing. Prepare and package fruit appropriately before freezing.","2026-08-27 00:00:00","2026-08-27 00:00:00"
"100","5","30","3","3","5","4","AVAILABLE","LOW","CATEGORY_GENERALIZATION","USDA FSIS FoodKeeper Data","https://catalog.data.gov/dataset/fsis-foodkeeper-data","FoodKeeper Data English distribution; prior public-mirror locator: ingredients.csv record: Papaya, mango, feijoa, passionfruit, casaha melon","3-5 days in pantry","Inspect for spoilage and follow package/manufacturer instructions when available.","2026-08-27 00:00:00","2026-08-27 00:00:00"
"101","5","30","1","7","7","7","AVAILABLE","LOW","CATEGORY_GENERALIZATION","USDA FSIS FoodKeeper Data","https://catalog.data.gov/dataset/fsis-foodkeeper-data","FoodKeeper Data English distribution; prior public-mirror locator: ingredients.csv record: Papaya, mango, feijoa, passionfruit, casaha melon","1 week refrigerated","Inspect for spoilage and follow package/manufacturer instructions when available.","2026-08-27 00:00:00","2026-08-27 00:00:00"
"102","5","30","2","180","240","210","AVAILABLE","LOW","CATEGORY_GENERALIZATION","USDA FSIS FoodKeeper Data","https://catalog.data.gov/dataset/fsis-foodkeeper-data","FoodKeeper Data English distribution; prior public-mirror locator: ingredients.csv record: Papaya, mango, feijoa, passionfruit, casaha melon","6-8 months frozen","Freezer durations are quality guidance; freezing may soften fruit after thawing. Prepare and package fruit appropriately before freezing.","2026-08-27 00:00:00","2026-08-27 00:00:00"
"103","5","31","3","0","0","","QUALITATIVE_ONLY","LOW","CATEGORY_GENERALIZATION","USDA FSIS FoodKeeper Data","https://catalog.data.gov/dataset/fsis-foodkeeper-data","FoodKeeper Data English distribution; prior public-mirror locator: ingredients.csv record: Peaches, nectarines, plums, pears, sapote","Keep at room temperature until ripe","Inspect for spoilage and follow package/manufacturer instructions when available.","2026-08-27 00:00:00","2026-08-27 00:00:00"
"104","5","31","1","3","5","4","AVAILABLE","LOW","CATEGORY_GENERALIZATION","USDA FSIS FoodKeeper Data","https://catalog.data.gov/dataset/fsis-foodkeeper-data","FoodKeeper Data English distribution; prior public-mirror locator: ingredients.csv record: Peaches, nectarines, plums, pears, sapote","3-5 days refrigerated once ripe","Inspect for spoilage and follow package/manufacturer instructions when available.","2026-08-27 00:00:00","2026-08-27 00:00:00"
"105","5","31","2","60","60","60","AVAILABLE","LOW","CATEGORY_GENERALIZATION","USDA FSIS FoodKeeper Data","https://catalog.data.gov/dataset/fsis-foodkeeper-data","FoodKeeper Data English distribution; prior public-mirror locator: ingredients.csv record: Peaches, nectarines, plums, pears, sapote","2 months frozen","Freezer durations are quality guidance; freezing may soften fruit after thawing. Prepare and package fruit appropriately before freezing.","2026-08-27 00:00:00","2026-08-27 00:00:00"
"106","5","32","3","0","0","","QUALITATIVE_ONLY","LOW","CATEGORY_GENERALIZATION","USDA FSIS FoodKeeper Data","https://catalog.data.gov/dataset/fsis-foodkeeper-data","FoodKeeper Data English distribution; prior public-mirror locator: ingredients.csv record: Cherimoya","Keep at room temperature until ripe","Inspect for spoilage and follow package/manufacturer instructions when available.","2026-08-27 00:00:00","2026-08-27 00:00:00"
"107","5","32","1","4","4","4","AVAILABLE","MEDIUM","CATEGORY_GENERALIZATION","USDA FSIS FoodKeeper Data","https://catalog.data.gov/dataset/fsis-foodkeeper-data","FoodKeeper Data English distribution; prior public-mirror locator: ingredients.csv record: Cherimoya","4 days refrigerated once ripe","Inspect for spoilage and follow package/manufacturer instructions when available.","2026-08-27 00:00:00","2026-08-27 00:00:00"
"108","5","32","2","300","360","330","AVAILABLE","MEDIUM","CATEGORY_GENERALIZATION","USDA FSIS FoodKeeper Data","https://catalog.data.gov/dataset/fsis-foodkeeper-data","FoodKeeper Data English distribution; prior public-mirror locator: ingredients.csv record: Cherimoya","10-12 months frozen","Freezer durations are quality guidance; freezing may soften fruit after thawing. Prepare and package fruit appropriately before freezing.","2026-08-27 00:00:00","2026-08-27 00:00:00"
"109","5","33","3","3","5","4","AVAILABLE","LOW","CATEGORY_GENERALIZATION","USDA FSIS FoodKeeper Data","https://catalog.data.gov/dataset/fsis-foodkeeper-data","FoodKeeper Data English distribution; prior public-mirror locator: ingredients.csv record: Papaya, mango, feijoa, passionfruit, casaha melon","3-5 days in pantry","Inspect for spoilage and follow package/manufacturer instructions when available.","2026-08-27 00:00:00","2026-08-27 00:00:00"
"110","5","33","1","7","7","7","AVAILABLE","LOW","CATEGORY_GENERALIZATION","USDA FSIS FoodKeeper Data","https://catalog.data.gov/dataset/fsis-foodkeeper-data","FoodKeeper Data English distribution; prior public-mirror locator: ingredients.csv record: Papaya, mango, feijoa, passionfruit, casaha melon","1 week refrigerated","Inspect for spoilage and follow package/manufacturer instructions when available.","2026-08-27 00:00:00","2026-08-27 00:00:00"
"111","5","33","2","180","240","210","AVAILABLE","LOW","CATEGORY_GENERALIZATION","USDA FSIS FoodKeeper Data","https://catalog.data.gov/dataset/fsis-foodkeeper-data","FoodKeeper Data English distribution; prior public-mirror locator: ingredients.csv record: Papaya, mango, feijoa, passionfruit, casaha melon","6-8 months frozen","Freezer durations are quality guidance; freezing may soften fruit after thawing. Prepare and package fruit appropriately before freezing.","2026-08-27 00:00:00","2026-08-27 00:00:00"
"112","5","34","3","3","5","4","AVAILABLE","LOW","CATEGORY_GENERALIZATION","USDA FSIS FoodKeeper Data","https://catalog.data.gov/dataset/fsis-foodkeeper-data","FoodKeeper Data English distribution; prior public-mirror locator: ingredients.csv record: Papaya, mango, feijoa, passionfruit, casaha melon","3-5 days in pantry","Inspect for spoilage and follow package/manufacturer instructions when available.","2026-08-27 00:00:00","2026-08-27 00:00:00"
"113","5","34","1","7","7","7","AVAILABLE","LOW","CATEGORY_GENERALIZATION","USDA FSIS FoodKeeper Data","https://catalog.data.gov/dataset/fsis-foodkeeper-data","FoodKeeper Data English distribution; prior public-mirror locator: ingredients.csv record: Papaya, mango, feijoa, passionfruit, casaha melon","1 week refrigerated","Inspect for spoilage and follow package/manufacturer instructions when available.","2026-08-27 00:00:00","2026-08-27 00:00:00"
"114","5","34","2","180","240","210","AVAILABLE","LOW","CATEGORY_GENERALIZATION","USDA FSIS FoodKeeper Data","https://catalog.data.gov/dataset/fsis-foodkeeper-data","FoodKeeper Data English distribution; prior public-mirror locator: ingredients.csv record: Papaya, mango, feijoa, passionfruit, casaha melon","6-8 months frozen","Freezer durations are quality guidance; freezing may soften fruit after thawing. Prepare and package fruit appropriately before freezing.","2026-08-27 00:00:00","2026-08-27 00:00:00"
"115","5","35","3","3","5","4","AVAILABLE","LOW","CATEGORY_GENERALIZATION","USDA FSIS FoodKeeper Data","https://catalog.data.gov/dataset/fsis-foodkeeper-data","FoodKeeper Data English distribution; prior public-mirror locator: ingredients.csv record: Papaya, mango, feijoa, passionfruit, casaha melon","3-5 days in pantry","Inspect for spoilage and follow package/manufacturer instructions when available.","2026-08-27 00:00:00","2026-08-27 00:00:00"
"116","5","35","1","7","7","7","AVAILABLE","LOW","CATEGORY_GENERALIZATION","USDA FSIS FoodKeeper Data","https://catalog.data.gov/dataset/fsis-foodkeeper-data","FoodKeeper Data English distribution; prior public-mirror locator: ingredients.csv record: Papaya, mango, feijoa, passionfruit, casaha melon","1 week refrigerated","Inspect for spoilage and follow package/manufacturer instructions when available.","2026-08-27 00:00:00","2026-08-27 00:00:00"
"117","5","35","2","180","240","210","AVAILABLE","LOW","CATEGORY_GENERALIZATION","USDA FSIS FoodKeeper Data","https://catalog.data.gov/dataset/fsis-foodkeeper-data","FoodKeeper Data English distribution; prior public-mirror locator: ingredients.csv record: Papaya, mango, feijoa, passionfruit, casaha melon","6-8 months frozen","Freezer durations are quality guidance; freezing may soften fruit after thawing. Prepare and package fruit appropriately before freezing.","2026-08-27 00:00:00","2026-08-27 00:00:00"
"118","5","36","3","3","5","4","AVAILABLE","LOW","CATEGORY_GENERALIZATION","USDA FSIS FoodKeeper Data","https://catalog.data.gov/dataset/fsis-foodkeeper-data","FoodKeeper Data English distribution; prior public-mirror locator: ingredients.csv record: Papaya, mango, feijoa, passionfruit, casaha melon","3-5 days in pantry","Inspect for spoilage and follow package/manufacturer instructions when available.","2026-08-27 00:00:00","2026-08-27 00:00:00"
"119","5","36","1","7","7","7","AVAILABLE","LOW","CATEGORY_GENERALIZATION","USDA FSIS FoodKeeper Data","https://catalog.data.gov/dataset/fsis-foodkeeper-data","FoodKeeper Data English distribution; prior public-mirror locator: ingredients.csv record: Papaya, mango, feijoa, passionfruit, casaha melon","1 week refrigerated","Inspect for spoilage and follow package/manufacturer instructions when available.","2026-08-27 00:00:00","2026-08-27 00:00:00"
"120","5","36","2","180","240","210","AVAILABLE","LOW","CATEGORY_GENERALIZATION","USDA FSIS FoodKeeper Data","https://catalog.data.gov/dataset/fsis-foodkeeper-data","FoodKeeper Data English distribution; prior public-mirror locator: ingredients.csv record: Papaya, mango, feijoa, passionfruit, casaha melon","6-8 months frozen","Freezer durations are quality guidance; freezing may soften fruit after thawing. Prepare and package fruit appropriately before freezing.","2026-08-27 00:00:00","2026-08-27 00:00:00"
"121","5","37","3","0","0","","QUALITATIVE_ONLY","LOW","CATEGORY_GENERALIZATION","USDA FSIS FoodKeeper Data","https://catalog.data.gov/dataset/fsis-foodkeeper-data","FoodKeeper Data English distribution; prior public-mirror locator: ingredients.csv record: Peaches, nectarines, plums, pears, sapote","Keep at room temperature until ripe","Inspect for spoilage and follow package/manufacturer instructions when available.","2026-08-27 00:00:00","2026-08-27 00:00:00"
"122","5","37","1","3","5","4","AVAILABLE","LOW","CATEGORY_GENERALIZATION","USDA FSIS FoodKeeper Data","https://catalog.data.gov/dataset/fsis-foodkeeper-data","FoodKeeper Data English distribution; prior public-mirror locator: ingredients.csv record: Peaches, nectarines, plums, pears, sapote","3-5 days refrigerated once ripe","Inspect for spoilage and follow package/manufacturer instructions when available.","2026-08-27 00:00:00","2026-08-27 00:00:00"
"123","5","37","2","60","60","60","AVAILABLE","LOW","CATEGORY_GENERALIZATION","USDA FSIS FoodKeeper Data","https://catalog.data.gov/dataset/fsis-foodkeeper-data","FoodKeeper Data English distribution; prior public-mirror locator: ingredients.csv record: Peaches, nectarines, plums, pears, sapote","2 months frozen","Freezer durations are quality guidance; freezing may soften fruit after thawing. Prepare and package fruit appropriately before freezing.","2026-08-27 00:00:00","2026-08-27 00:00:00"
"124","5","38","3","3","5","4","AVAILABLE","LOW","CATEGORY_GENERALIZATION","USDA FSIS FoodKeeper Data","https://catalog.data.gov/dataset/fsis-foodkeeper-data","FoodKeeper Data English distribution; prior public-mirror locator: ingredients.csv record: Papaya, mango, feijoa, passionfruit, casaha melon","3-5 days in pantry","Inspect for spoilage and follow package/manufacturer instructions when available.","2026-08-27 00:00:00","2026-08-27 00:00:00"
"125","5","38","1","7","7","7","AVAILABLE","LOW","CATEGORY_GENERALIZATION","USDA FSIS FoodKeeper Data","https://catalog.data.gov/dataset/fsis-foodkeeper-data","FoodKeeper Data English distribution; prior public-mirror locator: ingredients.csv record: Papaya, mango, feijoa, passionfruit, casaha melon","1 week refrigerated","Inspect for spoilage and follow package/manufacturer instructions when available.","2026-08-27 00:00:00","2026-08-27 00:00:00"
"126","5","38","2","180","240","210","AVAILABLE","LOW","CATEGORY_GENERALIZATION","USDA FSIS FoodKeeper Data","https://catalog.data.gov/dataset/fsis-foodkeeper-data","FoodKeeper Data English distribution; prior public-mirror locator: ingredients.csv record: Papaya, mango, feijoa, passionfruit, casaha melon","6-8 months frozen","Freezer durations are quality guidance; freezing may soften fruit after thawing. Prepare and package fruit appropriately before freezing.","2026-08-27 00:00:00","2026-08-27 00:00:00"
"127","5","39","3","0","0","","QUALITATIVE_ONLY","LOW","CATEGORY_GENERALIZATION","USDA FSIS FoodKeeper Data","https://catalog.data.gov/dataset/fsis-foodkeeper-data","FoodKeeper Data English distribution; prior public-mirror locator: ingredients.csv record: Peaches, nectarines, plums, pears, sapote","Keep at room temperature until ripe","Inspect for spoilage and follow package/manufacturer instructions when available.","2026-08-27 00:00:00","2026-08-27 00:00:00"
"128","5","39","1","3","5","4","AVAILABLE","LOW","CATEGORY_GENERALIZATION","USDA FSIS FoodKeeper Data","https://catalog.data.gov/dataset/fsis-foodkeeper-data","FoodKeeper Data English distribution; prior public-mirror locator: ingredients.csv record: Peaches, nectarines, plums, pears, sapote","3-5 days refrigerated once ripe","Inspect for spoilage and follow package/manufacturer instructions when available.","2026-08-27 00:00:00","2026-08-27 00:00:00"
"129","5","39","2","60","60","60","AVAILABLE","LOW","CATEGORY_GENERALIZATION","USDA FSIS FoodKeeper Data","https://catalog.data.gov/dataset/fsis-foodkeeper-data","FoodKeeper Data English distribution; prior public-mirror locator: ingredients.csv record: Peaches, nectarines, plums, pears, sapote","2 months frozen","Freezer durations are quality guidance; freezing may soften fruit after thawing. Prepare and package fruit appropriately before freezing.","2026-08-27 00:00:00","2026-08-27 00:00:00"
"130","5","40","3","10","10","10","AVAILABLE","HIGH","PRODUCT_SPECIFIC","USDA FSIS FoodKeeper Data","https://catalog.data.gov/dataset/fsis-foodkeeper-data","FoodKeeper Data English distribution; prior public-mirror locator: ingredients.csv record: Citrus fruit","10 days after purchase in pantry","Inspect for spoilage and follow package/manufacturer instructions when available.","2026-08-27 00:00:00","2026-08-27 00:00:00"
"131","5","40","1","10","21","15.5","AVAILABLE","HIGH","PRODUCT_SPECIFIC","USDA FSIS FoodKeeper Data","https://catalog.data.gov/dataset/fsis-foodkeeper-data","FoodKeeper Data English distribution; prior public-mirror locator: ingredients.csv record: Citrus fruit","10-21 days refrigerated","Inspect for spoilage and follow package/manufacturer instructions when available.","2026-08-27 00:00:00","2026-08-27 00:00:00"
"132","5","40","2","0","0","","NOT_RECOMMENDED","HIGH","PRODUCT_SPECIFIC","USDA FSIS FoodKeeper Data","https://catalog.data.gov/dataset/fsis-foodkeeper-data","FoodKeeper Data English distribution; prior public-mirror locator: ingredients.csv record: Citrus fruit","Not recommended for freezing in the fresh whole state","Inspect for spoilage and follow package/manufacturer instructions when available.","2026-08-27 00:00:00","2026-08-27 00:00:00"
"133","5","41","3","0","0","","NOT_RECOMMENDED","LOW","CATEGORY_GENERALIZATION","USDA FSIS FoodKeeper Data","https://catalog.data.gov/dataset/fsis-foodkeeper-data","FoodKeeper Data English distribution; prior public-mirror locator: ingredients.csv record: Berries - cherries, goose berries, lychee","No pantry duration supplied; refrigerate promptly for quality","Inspect for spoilage and follow package/manufacturer instructions when available.","2026-08-27 00:00:00","2026-08-27 00:00:00"
"134","5","41","1","7","7","7","AVAILABLE","MEDIUM","CATEGORY_GENERALIZATION","USDA FSIS FoodKeeper Data","https://catalog.data.gov/dataset/fsis-foodkeeper-data","FoodKeeper Data English distribution; prior public-mirror locator: ingredients.csv record: Berries - cherries, goose berries, lychee","7 days refrigerated","Inspect for spoilage and follow package/manufacturer instructions when available.","2026-08-27 00:00:00","2026-08-27 00:00:00"
"135","5","41","2","360","360","360","AVAILABLE","MEDIUM","CATEGORY_GENERALIZATION","USDA FSIS FoodKeeper Data","https://catalog.data.gov/dataset/fsis-foodkeeper-data","FoodKeeper Data English distribution; prior public-mirror locator: ingredients.csv record: Berries - cherries, goose berries, lychee","12 months frozen","Freezer durations are quality guidance; freezing may soften fruit after thawing. Prepare and package fruit appropriately before freezing.","2026-08-27 00:00:00","2026-08-27 00:00:00"
"136","5","42","3","3","5","4","AVAILABLE","HIGH","PRODUCT_SPECIFIC","USDA FSIS FoodKeeper Data","https://catalog.data.gov/dataset/fsis-foodkeeper-data","FoodKeeper Data English distribution; prior public-mirror locator: ingredients.csv record: Papaya, mango, feijoa, passionfruit, casaha melon","3-5 days in pantry","Inspect for spoilage and follow package/manufacturer instructions when available.","2026-08-27 00:00:00","2026-08-27 00:00:00"
"137","5","42","1","7","7","7","AVAILABLE","HIGH","PRODUCT_SPECIFIC","USDA FSIS FoodKeeper Data","https://catalog.data.gov/dataset/fsis-foodkeeper-data","FoodKeeper Data English distribution; prior public-mirror locator: ingredients.csv record: Papaya, mango, feijoa, passionfruit, casaha melon","1 week refrigerated","Inspect for spoilage and follow package/manufacturer instructions when available.","2026-08-27 00:00:00","2026-08-27 00:00:00"
"138","5","42","2","180","240","210","AVAILABLE","HIGH","PRODUCT_SPECIFIC","USDA FSIS FoodKeeper Data","https://catalog.data.gov/dataset/fsis-foodkeeper-data","FoodKeeper Data English distribution; prior public-mirror locator: ingredients.csv record: Papaya, mango, feijoa, passionfruit, casaha melon","6-8 months frozen","Freezer durations are quality guidance; freezing may soften fruit after thawing. Prepare and package fruit appropriately before freezing.","2026-08-27 00:00:00","2026-08-27 00:00:00"
"139","5","43","3","0","0","","NOT_RECOMMENDED","LOW","CATEGORY_GENERALIZATION","USDA FSIS FoodKeeper Data","https://catalog.data.gov/dataset/fsis-foodkeeper-data","FoodKeeper Data English distribution; prior public-mirror locator: ingredients.csv record: Berries - cherries, goose berries, lychee","No pantry duration supplied; refrigerate promptly for quality","Inspect for spoilage and follow package/manufacturer instructions when available.","2026-08-27 00:00:00","2026-08-27 00:00:00"
"140","5","43","1","7","7","7","AVAILABLE","MEDIUM","CATEGORY_GENERALIZATION","USDA FSIS FoodKeeper Data","https://catalog.data.gov/dataset/fsis-foodkeeper-data","FoodKeeper Data English distribution; prior public-mirror locator: ingredients.csv record: Berries - cherries, goose berries, lychee","7 days refrigerated","Inspect for spoilage and follow package/manufacturer instructions when available.","2026-08-27 00:00:00","2026-08-27 00:00:00"
"141","5","43","2","360","360","360","AVAILABLE","MEDIUM","CATEGORY_GENERALIZATION","USDA FSIS FoodKeeper Data","https://catalog.data.gov/dataset/fsis-foodkeeper-data","FoodKeeper Data English distribution; prior public-mirror locator: ingredients.csv record: Berries - cherries, goose berries, lychee","12 months frozen","Freezer durations are quality guidance; freezing may soften fruit after thawing. Prepare and package fruit appropriately before freezing.","2026-08-27 00:00:00","2026-08-27 00:00:00"
"142","5","44","3","0","0","","QUALITATIVE_ONLY","LOW","CATEGORY_GENERALIZATION","USDA FSIS FoodKeeper Data","https://catalog.data.gov/dataset/fsis-foodkeeper-data","FoodKeeper Data English distribution; prior public-mirror locator: ingredients.csv record: Peaches, nectarines, plums, pears, sapote","Keep at room temperature until ripe","Inspect for spoilage and follow package/manufacturer instructions when available.","2026-08-27 00:00:00","2026-08-27 00:00:00"
"143","5","44","1","3","5","4","AVAILABLE","LOW","CATEGORY_GENERALIZATION","USDA FSIS FoodKeeper Data","https://catalog.data.gov/dataset/fsis-foodkeeper-data","FoodKeeper Data English distribution; prior public-mirror locator: ingredients.csv record: Peaches, nectarines, plums, pears, sapote","3-5 days refrigerated once ripe","Inspect for spoilage and follow package/manufacturer instructions when available.","2026-08-27 00:00:00","2026-08-27 00:00:00"
"144","5","44","2","60","60","60","AVAILABLE","LOW","CATEGORY_GENERALIZATION","USDA FSIS FoodKeeper Data","https://catalog.data.gov/dataset/fsis-foodkeeper-data","FoodKeeper Data English distribution; prior public-mirror locator: ingredients.csv record: Peaches, nectarines, plums, pears, sapote","2 months frozen","Freezer durations are quality guidance; freezing may soften fruit after thawing. Prepare and package fruit appropriately before freezing.","2026-08-27 00:00:00","2026-08-27 00:00:00"
"145","5","45","3","0","0","","QUALITATIVE_ONLY","LOW","CATEGORY_GENERALIZATION","USDA FSIS FoodKeeper Data","https://catalog.data.gov/dataset/fsis-foodkeeper-data","FoodKeeper Data English distribution; prior public-mirror locator: ingredients.csv record: Cherimoya","Keep at room temperature until ripe","Inspect for spoilage and follow package/manufacturer instructions when available.","2026-08-27 00:00:00","2026-08-27 00:00:00"
"146","5","45","1","4","4","4","AVAILABLE","MEDIUM","CATEGORY_GENERALIZATION","USDA FSIS FoodKeeper Data","https://catalog.data.gov/dataset/fsis-foodkeeper-data","FoodKeeper Data English distribution; prior public-mirror locator: ingredients.csv record: Cherimoya","4 days refrigerated once ripe","Inspect for spoilage and follow package/manufacturer instructions when available.","2026-08-27 00:00:00","2026-08-27 00:00:00"
"147","5","45","2","300","360","330","AVAILABLE","MEDIUM","CATEGORY_GENERALIZATION","USDA FSIS FoodKeeper Data","https://catalog.data.gov/dataset/fsis-foodkeeper-data","FoodKeeper Data English distribution; prior public-mirror locator: ingredients.csv record: Cherimoya","10-12 months frozen","Freezer durations are quality guidance; freezing may soften fruit after thawing. Prepare and package fruit appropriately before freezing.","2026-08-27 00:00:00","2026-08-27 00:00:00"
"148","5","46","3","0","0","","QUALITATIVE_ONLY","LOW","CATEGORY_GENERALIZATION","USDA FSIS FoodKeeper Data","https://catalog.data.gov/dataset/fsis-foodkeeper-data","FoodKeeper Data English distribution; prior public-mirror locator: ingredients.csv record: Cherimoya","Keep at room temperature until ripe","Inspect for spoilage and follow package/manufacturer instructions when available.","2026-08-27 00:00:00","2026-08-27 00:00:00"
"149","5","46","1","4","4","4","AVAILABLE","MEDIUM","CATEGORY_GENERALIZATION","USDA FSIS FoodKeeper Data","https://catalog.data.gov/dataset/fsis-foodkeeper-data","FoodKeeper Data English distribution; prior public-mirror locator: ingredients.csv record: Cherimoya","4 days refrigerated once ripe","Inspect for spoilage and follow package/manufacturer instructions when available.","2026-08-27 00:00:00","2026-08-27 00:00:00"
"150","5","46","2","300","360","330","AVAILABLE","MEDIUM","CATEGORY_GENERALIZATION","USDA FSIS FoodKeeper Data","https://catalog.data.gov/dataset/fsis-foodkeeper-data","FoodKeeper Data English distribution; prior public-mirror locator: ingredients.csv record: Cherimoya","10-12 months frozen","Freezer durations are quality guidance; freezing may soften fruit after thawing. Prepare and package fruit appropriately before freezing.","2026-08-27 00:00:00","2026-08-27 00:00:00"
"151","5","47","3","0","0","","QUALITATIVE_ONLY","LOW","CATEGORY_GENERALIZATION","USDA FSIS FoodKeeper Data","https://catalog.data.gov/dataset/fsis-foodkeeper-data","FoodKeeper Data English distribution; prior public-mirror locator: ingredients.csv record: Peaches, nectarines, plums, pears, sapote","Keep at room temperature until ripe","Inspect for spoilage and follow package/manufacturer instructions when available.","2026-08-27 00:00:00","2026-08-27 00:00:00"
"152","5","47","1","3","5","4","AVAILABLE","LOW","CATEGORY_GENERALIZATION","USDA FSIS FoodKeeper Data","https://catalog.data.gov/dataset/fsis-foodkeeper-data","FoodKeeper Data English distribution; prior public-mirror locator: ingredients.csv record: Peaches, nectarines, plums, pears, sapote","3-5 days refrigerated once ripe","Inspect for spoilage and follow package/manufacturer instructions when available.","2026-08-27 00:00:00","2026-08-27 00:00:00"
"153","5","47","2","60","60","60","AVAILABLE","LOW","CATEGORY_GENERALIZATION","USDA FSIS FoodKeeper Data","https://catalog.data.gov/dataset/fsis-foodkeeper-data","FoodKeeper Data English distribution; prior public-mirror locator: ingredients.csv record: Peaches, nectarines, plums, pears, sapote","2 months frozen","Freezer durations are quality guidance; freezing may soften fruit after thawing. Prepare and package fruit appropriately before freezing.","2026-08-27 00:00:00","2026-08-27 00:00:00"
"154","5","48","3","3","5","4","AVAILABLE","LOW","CATEGORY_GENERALIZATION","USDA FSIS FoodKeeper Data","https://catalog.data.gov/dataset/fsis-foodkeeper-data","FoodKeeper Data English distribution; prior public-mirror locator: ingredients.csv record: Papaya, mango, feijoa, passionfruit, casaha melon","3-5 days in pantry","Inspect for spoilage and follow package/manufacturer instructions when available.","2026-08-27 00:00:00","2026-08-27 00:00:00"
"155","5","48","1","7","7","7","AVAILABLE","LOW","CATEGORY_GENERALIZATION","USDA FSIS FoodKeeper Data","https://catalog.data.gov/dataset/fsis-foodkeeper-data","FoodKeeper Data English distribution; prior public-mirror locator: ingredients.csv record: Papaya, mango, feijoa, passionfruit, casaha melon","1 week refrigerated","Inspect for spoilage and follow package/manufacturer instructions when available.","2026-08-27 00:00:00","2026-08-27 00:00:00"
"156","5","48","2","180","240","210","AVAILABLE","LOW","CATEGORY_GENERALIZATION","USDA FSIS FoodKeeper Data","https://catalog.data.gov/dataset/fsis-foodkeeper-data","FoodKeeper Data English distribution; prior public-mirror locator: ingredients.csv record: Papaya, mango, feijoa, passionfruit, casaha melon","6-8 months frozen","Freezer durations are quality guidance; freezing may soften fruit after thawing. Prepare and package fruit appropriately before freezing.","2026-08-27 00:00:00","2026-08-27 00:00:00"
"157","5","49","3","3","5","4","AVAILABLE","LOW","CATEGORY_GENERALIZATION","USDA FSIS FoodKeeper Data","https://catalog.data.gov/dataset/fsis-foodkeeper-data","FoodKeeper Data English distribution; prior public-mirror locator: ingredients.csv record: Papaya, mango, feijoa, passionfruit, casaha melon","3-5 days in pantry","Inspect for spoilage and follow package/manufacturer instructions when available.","2026-08-27 00:00:00","2026-08-27 00:00:00"
"158","5","49","1","7","7","7","AVAILABLE","LOW","CATEGORY_GENERALIZATION","USDA FSIS FoodKeeper Data","https://catalog.data.gov/dataset/fsis-foodkeeper-data","FoodKeeper Data English distribution; prior public-mirror locator: ingredients.csv record: Papaya, mango, feijoa, passionfruit, casaha melon","1 week refrigerated","Inspect for spoilage and follow package/manufacturer instructions when available.","2026-08-27 00:00:00","2026-08-27 00:00:00"
"159","5","49","2","180","240","210","AVAILABLE","LOW","CATEGORY_GENERALIZATION","USDA FSIS FoodKeeper Data","https://catalog.data.gov/dataset/fsis-foodkeeper-data","FoodKeeper Data English distribution; prior public-mirror locator: ingredients.csv record: Papaya, mango, feijoa, passionfruit, casaha melon","6-8 months frozen","Freezer durations are quality guidance; freezing may soften fruit after thawing. Prepare and package fruit appropriately before freezing.","2026-08-27 00:00:00","2026-08-27 00:00:00"
"160","5","50","3","2","7","4.5","AVAILABLE","HIGH","PRODUCT_SPECIFIC","USDA FSIS FoodKeeper Data","https://catalog.data.gov/dataset/fsis-foodkeeper-data","FoodKeeper Data English distribution; prior public-mirror locator: ingredients.csv record: Honeydew","2-7 days after purchase in pantry","Inspect for spoilage and follow package/manufacturer instructions when available.","2026-08-27 00:00:00","2026-08-27 00:00:00"
"161","5","50","1","3","4","3.5","AVAILABLE","HIGH","PRODUCT_SPECIFIC","USDA FSIS FoodKeeper Data","https://catalog.data.gov/dataset/fsis-foodkeeper-data","FoodKeeper Data English distribution; prior public-mirror locator: ingredients.csv record: Honeydew","3-4 days refrigerated","Inspect for spoilage and follow package/manufacturer instructions when available.","2026-08-27 00:00:00","2026-08-27 00:00:00"
"162","5","50","2","360","360","360","AVAILABLE","HIGH","PRODUCT_SPECIFIC","USDA FSIS FoodKeeper Data","https://catalog.data.gov/dataset/fsis-foodkeeper-data","FoodKeeper Data English distribution; prior public-mirror locator: ingredients.csv record: Honeydew","12 months frozen","Freezer durations are quality guidance; freezing may soften fruit after thawing. Prepare and package fruit appropriately before freezing.","2026-08-27 00:00:00","2026-08-27 00:00:00"
"163","3","51","3","0","0","","NOT_RECOMMENDED","HIGH","CATEGORY_GENERALIZATION","Selecting and Serving Fresh and Frozen Seafood Safely","https://www.fda.gov/food/buy-store-serve-safe-food/selecting-and-serving-fresh-and-frozen-seafood-safely","Serving: two-hour rule","Never leave seafood out more than 2 hours; 1 hour only above 32 C","Discard after the safety maximum; this is not an endorsed room-temperature storage method.","2026-08-27 00:00:00","2026-08-27 00:00:00"
"164","3","51","1","1","2","1.5","AVAILABLE","MEDIUM","CATEGORY_GENERALIZATION","USDA FSIS FoodKeeper Data","https://catalog.data.gov/dataset/fsis-foodkeeper-data","FoodKeeper Data English distribution; prior public-mirror locator: ingredients.csv record: Fatty fish; catfish, mackerel, mullet, salmon, tuna, etc.","1-2 days refrigerated; FoodKeeper category: Fatty fish; catfish, mackerel, mullet, salmon, tuna, etc.","Keep continuously chilled/frozen; use package instructions when more restrictive.","2026-08-27 00:00:00","2026-08-27 00:00:00"
"165","3","51","2","60","90","75","AVAILABLE","MEDIUM","CATEGORY_GENERALIZATION","USDA FSIS FoodKeeper Data","https://catalog.data.gov/dataset/fsis-foodkeeper-data","FoodKeeper Data English distribution; prior public-mirror locator: ingredients.csv record: Fatty fish; catfish, mackerel, mullet, salmon, tuna, etc.","2-3 months frozen; FoodKeeper category: Fatty fish; catfish, mackerel, mullet, salmon, tuna, etc.","Keep continuously chilled/frozen; use package instructions when more restrictive.","2026-08-27 00:00:00","2026-08-27 00:00:00"
"166","3","52","3","0","0","","NOT_RECOMMENDED","HIGH","CATEGORY_GENERALIZATION","Selecting and Serving Fresh and Frozen Seafood Safely","https://www.fda.gov/food/buy-store-serve-safe-food/selecting-and-serving-fresh-and-frozen-seafood-safely","Serving: two-hour rule","Never leave seafood out more than 2 hours; 1 hour only above 32 C","Discard after the safety maximum; this is not an endorsed room-temperature storage method.","2026-08-27 00:00:00","2026-08-27 00:00:00"
"167","3","52","1","1","2","1.5","AVAILABLE","MEDIUM","CATEGORY_GENERALIZATION","USDA FSIS FoodKeeper Data","https://catalog.data.gov/dataset/fsis-foodkeeper-data","FoodKeeper Data English distribution; prior public-mirror locator: ingredients.csv record: Fatty fish; catfish, mackerel, mullet, salmon, tuna, etc.","1-2 days refrigerated; FoodKeeper category: Fatty fish; catfish, mackerel, mullet, salmon, tuna, etc.","Keep continuously chilled/frozen; use package instructions when more restrictive.","2026-08-27 00:00:00","2026-08-27 00:00:00"
"168","3","52","2","60","90","75","AVAILABLE","MEDIUM","CATEGORY_GENERALIZATION","USDA FSIS FoodKeeper Data","https://catalog.data.gov/dataset/fsis-foodkeeper-data","FoodKeeper Data English distribution; prior public-mirror locator: ingredients.csv record: Fatty fish; catfish, mackerel, mullet, salmon, tuna, etc.","2-3 months frozen; FoodKeeper category: Fatty fish; catfish, mackerel, mullet, salmon, tuna, etc.","Keep continuously chilled/frozen; use package instructions when more restrictive.","2026-08-27 00:00:00","2026-08-27 00:00:00"
"169","3","53","3","0","0","","NOT_RECOMMENDED","HIGH","CATEGORY_GENERALIZATION","Selecting and Serving Fresh and Frozen Seafood Safely","https://www.fda.gov/food/buy-store-serve-safe-food/selecting-and-serving-fresh-and-frozen-seafood-safely","Serving: two-hour rule","Never leave seafood out more than 2 hours; 1 hour only above 32 C","Discard after the safety maximum; this is not an endorsed room-temperature storage method.","2026-08-27 00:00:00","2026-08-27 00:00:00"
"170","3","53","1","1","2","1.5","AVAILABLE","MEDIUM","CATEGORY_GENERALIZATION","USDA FSIS FoodKeeper Data","https://catalog.data.gov/dataset/fsis-foodkeeper-data","FoodKeeper Data English distribution; prior public-mirror locator: ingredients.csv record: Fatty fish; catfish, mackerel, mullet, salmon, tuna, etc.","1-2 days refrigerated; FoodKeeper category: Fatty fish; catfish, mackerel, mullet, salmon, tuna, etc.","Keep continuously chilled/frozen; use package instructions when more restrictive.","2026-08-27 00:00:00","2026-08-27 00:00:00"
"171","3","53","2","60","90","75","AVAILABLE","MEDIUM","CATEGORY_GENERALIZATION","USDA FSIS FoodKeeper Data","https://catalog.data.gov/dataset/fsis-foodkeeper-data","FoodKeeper Data English distribution; prior public-mirror locator: ingredients.csv record: Fatty fish; catfish, mackerel, mullet, salmon, tuna, etc.","2-3 months frozen; FoodKeeper category: Fatty fish; catfish, mackerel, mullet, salmon, tuna, etc.","Keep continuously chilled/frozen; use package instructions when more restrictive.","2026-08-27 00:00:00","2026-08-27 00:00:00"
"172","3","54","3","0","0","","NOT_RECOMMENDED","HIGH","CATEGORY_GENERALIZATION","Selecting and Serving Fresh and Frozen Seafood Safely","https://www.fda.gov/food/buy-store-serve-safe-food/selecting-and-serving-fresh-and-frozen-seafood-safely","Serving: two-hour rule","Never leave seafood out more than 2 hours; 1 hour only above 32 C","Discard after the safety maximum; this is not an endorsed room-temperature storage method.","2026-08-27 00:00:00","2026-08-27 00:00:00"
"173","3","54","1","1","2","1.5","AVAILABLE","MEDIUM","CATEGORY_GENERALIZATION","USDA FSIS FoodKeeper Data","https://catalog.data.gov/dataset/fsis-foodkeeper-data","FoodKeeper Data English distribution; prior public-mirror locator: ingredients.csv record: Fatty fish; catfish, mackerel, mullet, salmon, tuna, etc.","1-2 days refrigerated; FoodKeeper category: Fatty fish; catfish, mackerel, mullet, salmon, tuna, etc.","Keep continuously chilled/frozen; use package instructions when more restrictive.","2026-08-27 00:00:00","2026-08-27 00:00:00"
"174","3","54","2","60","90","75","AVAILABLE","MEDIUM","CATEGORY_GENERALIZATION","USDA FSIS FoodKeeper Data","https://catalog.data.gov/dataset/fsis-foodkeeper-data","FoodKeeper Data English distribution; prior public-mirror locator: ingredients.csv record: Fatty fish; catfish, mackerel, mullet, salmon, tuna, etc.","2-3 months frozen; FoodKeeper category: Fatty fish; catfish, mackerel, mullet, salmon, tuna, etc.","Keep continuously chilled/frozen; use package instructions when more restrictive.","2026-08-27 00:00:00","2026-08-27 00:00:00"
"175","3","55","3","0","0","","NOT_RECOMMENDED","HIGH","CATEGORY_GENERALIZATION","Selecting and Serving Fresh and Frozen Seafood Safely","https://www.fda.gov/food/buy-store-serve-safe-food/selecting-and-serving-fresh-and-frozen-seafood-safely","Serving: two-hour rule","Never leave seafood out more than 2 hours; 1 hour only above 32 C","Discard after the safety maximum; this is not an endorsed room-temperature storage method.","2026-08-27 00:00:00","2026-08-27 00:00:00"
"176","3","55","1","1","2","1.5","AVAILABLE","MEDIUM","CATEGORY_GENERALIZATION","USDA FSIS FoodKeeper Data","https://catalog.data.gov/dataset/fsis-foodkeeper-data","FoodKeeper Data English distribution; prior public-mirror locator: ingredients.csv record: Lean fish; cod, flounder, haddock, halibut, sole, etc.","1-2 days refrigerated; FoodKeeper category: Lean fish; cod, flounder, haddock, halibut, sole, etc.","Keep continuously chilled/frozen; use package instructions when more restrictive.","2026-08-27 00:00:00","2026-08-27 00:00:00"
"177","3","55","2","180","240","210","AVAILABLE","MEDIUM","CATEGORY_GENERALIZATION","USDA FSIS FoodKeeper Data","https://catalog.data.gov/dataset/fsis-foodkeeper-data","FoodKeeper Data English distribution; prior public-mirror locator: ingredients.csv record: Lean fish; cod, flounder, haddock, halibut, sole, etc.","6-8 months frozen; FoodKeeper category: Lean fish; cod, flounder, haddock, halibut, sole, etc.","Keep continuously chilled/frozen; use package instructions when more restrictive.","2026-08-27 00:00:00","2026-08-27 00:00:00"
"178","3","56","3","0","0","","NOT_RECOMMENDED","HIGH","CATEGORY_GENERALIZATION","Selecting and Serving Fresh and Frozen Seafood Safely","https://www.fda.gov/food/buy-store-serve-safe-food/selecting-and-serving-fresh-and-frozen-seafood-safely","Serving: two-hour rule","Never leave seafood out more than 2 hours; 1 hour only above 32 C","Discard after the safety maximum; this is not an endorsed room-temperature storage method.","2026-08-27 00:00:00","2026-08-27 00:00:00"
"179","3","56","1","1","2","1.5","AVAILABLE","MEDIUM","CATEGORY_GENERALIZATION","USDA FSIS FoodKeeper Data","https://catalog.data.gov/dataset/fsis-foodkeeper-data","FoodKeeper Data English distribution; prior public-mirror locator: ingredients.csv record: Lean fish; cod, flounder, haddock, halibut, sole, etc.","1-2 days refrigerated; FoodKeeper category: Lean fish; cod, flounder, haddock, halibut, sole, etc.","Keep continuously chilled/frozen; use package instructions when more restrictive.","2026-08-27 00:00:00","2026-08-27 00:00:00"
"180","3","56","2","180","240","210","AVAILABLE","MEDIUM","CATEGORY_GENERALIZATION","USDA FSIS FoodKeeper Data","https://catalog.data.gov/dataset/fsis-foodkeeper-data","FoodKeeper Data English distribution; prior public-mirror locator: ingredients.csv record: Lean fish; cod, flounder, haddock, halibut, sole, etc.","6-8 months frozen; FoodKeeper category: Lean fish; cod, flounder, haddock, halibut, sole, etc.","Keep continuously chilled/frozen; use package instructions when more restrictive.","2026-08-27 00:00:00","2026-08-27 00:00:00"
"181","3","57","3","0","0","","NOT_RECOMMENDED","HIGH","CATEGORY_GENERALIZATION","Selecting and Serving Fresh and Frozen Seafood Safely","https://www.fda.gov/food/buy-store-serve-safe-food/selecting-and-serving-fresh-and-frozen-seafood-safely","Serving: two-hour rule","Never leave seafood out more than 2 hours; 1 hour only above 32 C","Discard after the safety maximum; this is not an endorsed room-temperature storage method.","2026-08-27 00:00:00","2026-08-27 00:00:00"
"182","3","57","1","1","2","1.5","AVAILABLE","MEDIUM","CATEGORY_GENERALIZATION","USDA FSIS FoodKeeper Data","https://catalog.data.gov/dataset/fsis-foodkeeper-data","FoodKeeper Data English distribution; prior public-mirror locator: ingredients.csv record: Lean fish; cod, flounder, haddock, halibut, sole, etc.","1-2 days refrigerated; FoodKeeper category: Lean fish; cod, flounder, haddock, halibut, sole, etc.","Keep continuously chilled/frozen; use package instructions when more restrictive.","2026-08-27 00:00:00","2026-08-27 00:00:00"
"183","3","57","2","180","240","210","AVAILABLE","MEDIUM","CATEGORY_GENERALIZATION","USDA FSIS FoodKeeper Data","https://catalog.data.gov/dataset/fsis-foodkeeper-data","FoodKeeper Data English distribution; prior public-mirror locator: ingredients.csv record: Lean fish; cod, flounder, haddock, halibut, sole, etc.","6-8 months frozen; FoodKeeper category: Lean fish; cod, flounder, haddock, halibut, sole, etc.","Keep continuously chilled/frozen; use package instructions when more restrictive.","2026-08-27 00:00:00","2026-08-27 00:00:00"
"184","3","58","3","0","0","","NOT_RECOMMENDED","HIGH","CATEGORY_GENERALIZATION","Selecting and Serving Fresh and Frozen Seafood Safely","https://www.fda.gov/food/buy-store-serve-safe-food/selecting-and-serving-fresh-and-frozen-seafood-safely","Serving: two-hour rule","Never leave seafood out more than 2 hours; 1 hour only above 32 C","Discard after the safety maximum; this is not an endorsed room-temperature storage method.","2026-08-27 00:00:00","2026-08-27 00:00:00"
"185","3","58","1","1","2","1.5","AVAILABLE","MEDIUM","CATEGORY_GENERALIZATION","USDA FSIS FoodKeeper Data","https://catalog.data.gov/dataset/fsis-foodkeeper-data","FoodKeeper Data English distribution; prior public-mirror locator: ingredients.csv record: Lean fish; cod, flounder, haddock, halibut, sole, etc.","1-2 days refrigerated; FoodKeeper category: Lean fish; cod, flounder, haddock, halibut, sole, etc.","Keep continuously chilled/frozen; use package instructions when more restrictive.","2026-08-27 00:00:00","2026-08-27 00:00:00"
"186","3","58","2","180","240","210","AVAILABLE","MEDIUM","CATEGORY_GENERALIZATION","USDA FSIS FoodKeeper Data","https://catalog.data.gov/dataset/fsis-foodkeeper-data","FoodKeeper Data English distribution; prior public-mirror locator: ingredients.csv record: Lean fish; cod, flounder, haddock, halibut, sole, etc.","6-8 months frozen; FoodKeeper category: Lean fish; cod, flounder, haddock, halibut, sole, etc.","Keep continuously chilled/frozen; use package instructions when more restrictive.","2026-08-27 00:00:00","2026-08-27 00:00:00"
"187","3","59","3","0","0","","NOT_RECOMMENDED","HIGH","CATEGORY_GENERALIZATION","Selecting and Serving Fresh and Frozen Seafood Safely","https://www.fda.gov/food/buy-store-serve-safe-food/selecting-and-serving-fresh-and-frozen-seafood-safely","Serving: two-hour rule","Never leave seafood out more than 2 hours; 1 hour only above 32 C","Discard after the safety maximum; this is not an endorsed room-temperature storage method.","2026-08-27 00:00:00","2026-08-27 00:00:00"
"188","3","59","1","1","2","1.5","AVAILABLE","MEDIUM","CATEGORY_GENERALIZATION","USDA FSIS FoodKeeper Data","https://catalog.data.gov/dataset/fsis-foodkeeper-data","FoodKeeper Data English distribution; prior public-mirror locator: ingredients.csv record: Fatty fish; catfish, mackerel, mullet, salmon, tuna, etc.","1-2 days refrigerated; FoodKeeper category: Fatty fish; catfish, mackerel, mullet, salmon, tuna, etc.","Keep continuously chilled/frozen; use package instructions when more restrictive.","2026-08-27 00:00:00","2026-08-27 00:00:00"
"189","3","59","2","60","90","75","AVAILABLE","MEDIUM","CATEGORY_GENERALIZATION","USDA FSIS FoodKeeper Data","https://catalog.data.gov/dataset/fsis-foodkeeper-data","FoodKeeper Data English distribution; prior public-mirror locator: ingredients.csv record: Fatty fish; catfish, mackerel, mullet, salmon, tuna, etc.","2-3 months frozen; FoodKeeper category: Fatty fish; catfish, mackerel, mullet, salmon, tuna, etc.","Keep continuously chilled/frozen; use package instructions when more restrictive.","2026-08-27 00:00:00","2026-08-27 00:00:00"
"190","3","60","3","0","0","","NOT_RECOMMENDED","HIGH","CATEGORY_GENERALIZATION","Selecting and Serving Fresh and Frozen Seafood Safely","https://www.fda.gov/food/buy-store-serve-safe-food/selecting-and-serving-fresh-and-frozen-seafood-safely","Serving: two-hour rule","Never leave seafood out more than 2 hours; 1 hour only above 32 C","Discard after the safety maximum; this is not an endorsed room-temperature storage method.","2026-08-27 00:00:00","2026-08-27 00:00:00"
"191","3","60","1","1","2","1.5","AVAILABLE","MEDIUM","CATEGORY_GENERALIZATION","USDA FSIS FoodKeeper Data","https://catalog.data.gov/dataset/fsis-foodkeeper-data","FoodKeeper Data English distribution; prior public-mirror locator: ingredients.csv record: Fatty fish; catfish, mackerel, mullet, salmon, tuna, etc.","1-2 days refrigerated; FoodKeeper category: Fatty fish; catfish, mackerel, mullet, salmon, tuna, etc.","Keep continuously chilled/frozen; use package instructions when more restrictive.","2026-08-27 00:00:00","2026-08-27 00:00:00"
"192","3","60","2","60","90","75","AVAILABLE","MEDIUM","CATEGORY_GENERALIZATION","USDA FSIS FoodKeeper Data","https://catalog.data.gov/dataset/fsis-foodkeeper-data","FoodKeeper Data English distribution; prior public-mirror locator: ingredients.csv record: Fatty fish; catfish, mackerel, mullet, salmon, tuna, etc.","2-3 months frozen; FoodKeeper category: Fatty fish; catfish, mackerel, mullet, salmon, tuna, etc.","Keep continuously chilled/frozen; use package instructions when more restrictive.","2026-08-27 00:00:00","2026-08-27 00:00:00"
"193","3","61","3","0","0","","NOT_RECOMMENDED","HIGH","CATEGORY_GENERALIZATION","Selecting and Serving Fresh and Frozen Seafood Safely","https://www.fda.gov/food/buy-store-serve-safe-food/selecting-and-serving-fresh-and-frozen-seafood-safely","Serving: two-hour rule","Never leave seafood out more than 2 hours; 1 hour only above 32 C","Discard after the safety maximum; this is not an endorsed room-temperature storage method.","2026-08-27 00:00:00","2026-08-27 00:00:00"
"194","3","61","1","1","2","1.5","AVAILABLE","MEDIUM","CATEGORY_GENERALIZATION","USDA FSIS FoodKeeper Data","https://catalog.data.gov/dataset/fsis-foodkeeper-data","FoodKeeper Data English distribution; prior public-mirror locator: ingredients.csv record: Fatty fish; catfish, mackerel, mullet, salmon, tuna, etc.","1-2 days refrigerated; FoodKeeper category: Fatty fish; catfish, mackerel, mullet, salmon, tuna, etc.","Keep continuously chilled/frozen; use package instructions when more restrictive.","2026-08-27 00:00:00","2026-08-27 00:00:00"
"195","3","61","2","60","90","75","AVAILABLE","MEDIUM","CATEGORY_GENERALIZATION","USDA FSIS FoodKeeper Data","https://catalog.data.gov/dataset/fsis-foodkeeper-data","FoodKeeper Data English distribution; prior public-mirror locator: ingredients.csv record: Fatty fish; catfish, mackerel, mullet, salmon, tuna, etc.","2-3 months frozen; FoodKeeper category: Fatty fish; catfish, mackerel, mullet, salmon, tuna, etc.","Keep continuously chilled/frozen; use package instructions when more restrictive.","2026-08-27 00:00:00","2026-08-27 00:00:00"
"196","3","62","3","0","0","","NOT_RECOMMENDED","HIGH","CATEGORY_GENERALIZATION","Selecting and Serving Fresh and Frozen Seafood Safely","https://www.fda.gov/food/buy-store-serve-safe-food/selecting-and-serving-fresh-and-frozen-seafood-safely","Serving: two-hour rule","Never leave seafood out more than 2 hours; 1 hour only above 32 C","Discard after the safety maximum; this is not an endorsed room-temperature storage method.","2026-08-27 00:00:00","2026-08-27 00:00:00"
"197","3","62","1","1","2","1.5","AVAILABLE","MEDIUM","CATEGORY_GENERALIZATION","USDA FSIS FoodKeeper Data","https://catalog.data.gov/dataset/fsis-foodkeeper-data","FoodKeeper Data English distribution; prior public-mirror locator: ingredients.csv record: Fatty fish; catfish, mackerel, mullet, salmon, tuna, etc.","1-2 days refrigerated; FoodKeeper category: Fatty fish; catfish, mackerel, mullet, salmon, tuna, etc.","Keep continuously chilled/frozen; use package instructions when more restrictive.","2026-08-27 00:00:00","2026-08-27 00:00:00"
"198","3","62","2","60","90","75","AVAILABLE","MEDIUM","CATEGORY_GENERALIZATION","USDA FSIS FoodKeeper Data","https://catalog.data.gov/dataset/fsis-foodkeeper-data","FoodKeeper Data English distribution; prior public-mirror locator: ingredients.csv record: Fatty fish; catfish, mackerel, mullet, salmon, tuna, etc.","2-3 months frozen; FoodKeeper category: Fatty fish; catfish, mackerel, mullet, salmon, tuna, etc.","Keep continuously chilled/frozen; use package instructions when more restrictive.","2026-08-27 00:00:00","2026-08-27 00:00:00"
"199","3","63","3","0","0","","NOT_RECOMMENDED","HIGH","CATEGORY_GENERALIZATION","Selecting and Serving Fresh and Frozen Seafood Safely","https://www.fda.gov/food/buy-store-serve-safe-food/selecting-and-serving-fresh-and-frozen-seafood-safely","Serving: two-hour rule","Never leave seafood out more than 2 hours; 1 hour only above 32 C","Discard after the safety maximum; this is not an endorsed room-temperature storage method.","2026-08-27 00:00:00","2026-08-27 00:00:00"
"200","3","63","1","1","2","1.5","AVAILABLE","MEDIUM","CATEGORY_GENERALIZATION","USDA FSIS FoodKeeper Data","https://catalog.data.gov/dataset/fsis-foodkeeper-data","FoodKeeper Data English distribution; prior public-mirror locator: ingredients.csv record: Fatty fish; catfish, mackerel, mullet, salmon, tuna, etc.","1-2 days refrigerated; FoodKeeper category: Fatty fish; catfish, mackerel, mullet, salmon, tuna, etc.","Keep continuously chilled/frozen; use package instructions when more restrictive.","2026-08-27 00:00:00","2026-08-27 00:00:00"
"201","3","63","2","60","90","75","AVAILABLE","MEDIUM","CATEGORY_GENERALIZATION","USDA FSIS FoodKeeper Data","https://catalog.data.gov/dataset/fsis-foodkeeper-data","FoodKeeper Data English distribution; prior public-mirror locator: ingredients.csv record: Fatty fish; catfish, mackerel, mullet, salmon, tuna, etc.","2-3 months frozen; FoodKeeper category: Fatty fish; catfish, mackerel, mullet, salmon, tuna, etc.","Keep continuously chilled/frozen; use package instructions when more restrictive.","2026-08-27 00:00:00","2026-08-27 00:00:00"
"202","3","64","3","0","0","","NOT_RECOMMENDED","HIGH","CATEGORY_GENERALIZATION","Selecting and Serving Fresh and Frozen Seafood Safely","https://www.fda.gov/food/buy-store-serve-safe-food/selecting-and-serving-fresh-and-frozen-seafood-safely","Serving: two-hour rule","Never leave seafood out more than 2 hours; 1 hour only above 32 C","Discard after the safety maximum; this is not an endorsed room-temperature storage method.","2026-08-27 00:00:00","2026-08-27 00:00:00"
"203","3","64","1","1","2","1.5","AVAILABLE","MEDIUM","CATEGORY_GENERALIZATION","USDA FSIS FoodKeeper Data","https://catalog.data.gov/dataset/fsis-foodkeeper-data","FoodKeeper Data English distribution; prior public-mirror locator: ingredients.csv record: Lean fish; cod, flounder, haddock, halibut, sole, etc.","1-2 days refrigerated; FoodKeeper category: Lean fish; cod, flounder, haddock, halibut, sole, etc.","Keep continuously chilled/frozen; use package instructions when more restrictive.","2026-08-27 00:00:00","2026-08-27 00:00:00"
"204","3","64","2","180","240","210","AVAILABLE","MEDIUM","CATEGORY_GENERALIZATION","USDA FSIS FoodKeeper Data","https://catalog.data.gov/dataset/fsis-foodkeeper-data","FoodKeeper Data English distribution; prior public-mirror locator: ingredients.csv record: Lean fish; cod, flounder, haddock, halibut, sole, etc.","6-8 months frozen; FoodKeeper category: Lean fish; cod, flounder, haddock, halibut, sole, etc.","Keep continuously chilled/frozen; use package instructions when more restrictive.","2026-08-27 00:00:00","2026-08-27 00:00:00"
"205","3","65","3","0","0","","NOT_RECOMMENDED","HIGH","CATEGORY_GENERALIZATION","Selecting and Serving Fresh and Frozen Seafood Safely","https://www.fda.gov/food/buy-store-serve-safe-food/selecting-and-serving-fresh-and-frozen-seafood-safely","Serving: two-hour rule","Never leave seafood out more than 2 hours; 1 hour only above 32 C","Discard after the safety maximum; this is not an endorsed room-temperature storage method.","2026-08-27 00:00:00","2026-08-27 00:00:00"
"206","3","65","1","1","2","1.5","AVAILABLE","MEDIUM","CATEGORY_GENERALIZATION","USDA FSIS FoodKeeper Data","https://catalog.data.gov/dataset/fsis-foodkeeper-data","FoodKeeper Data English distribution; prior public-mirror locator: ingredients.csv record: Lean fish; cod, flounder, haddock, halibut, sole, etc.","1-2 days refrigerated; FoodKeeper category: Lean fish; cod, flounder, haddock, halibut, sole, etc.","Keep continuously chilled/frozen; use package instructions when more restrictive.","2026-08-27 00:00:00","2026-08-27 00:00:00"
"207","3","65","2","180","240","210","AVAILABLE","MEDIUM","CATEGORY_GENERALIZATION","USDA FSIS FoodKeeper Data","https://catalog.data.gov/dataset/fsis-foodkeeper-data","FoodKeeper Data English distribution; prior public-mirror locator: ingredients.csv record: Lean fish; cod, flounder, haddock, halibut, sole, etc.","6-8 months frozen; FoodKeeper category: Lean fish; cod, flounder, haddock, halibut, sole, etc.","Keep continuously chilled/frozen; use package instructions when more restrictive.","2026-08-27 00:00:00","2026-08-27 00:00:00"
"208","3","66","3","0","0","","NOT_RECOMMENDED","HIGH","CATEGORY_GENERALIZATION","Selecting and Serving Fresh and Frozen Seafood Safely","https://www.fda.gov/food/buy-store-serve-safe-food/selecting-and-serving-fresh-and-frozen-seafood-safely","Serving: two-hour rule","Never leave seafood out more than 2 hours; 1 hour only above 32 C","Discard after the safety maximum; this is not an endorsed room-temperature storage method.","2026-08-27 00:00:00","2026-08-27 00:00:00"
"209","3","66","1","1","2","1.5","AVAILABLE","MEDIUM","CATEGORY_GENERALIZATION","USDA FSIS FoodKeeper Data","https://catalog.data.gov/dataset/fsis-foodkeeper-data","FoodKeeper Data English distribution; prior public-mirror locator: ingredients.csv record: Lean fish; cod, flounder, haddock, halibut, sole, etc.","1-2 days refrigerated; FoodKeeper category: Lean fish; cod, flounder, haddock, halibut, sole, etc.","Keep continuously chilled/frozen; use package instructions when more restrictive.","2026-08-27 00:00:00","2026-08-27 00:00:00"
"210","3","66","2","180","240","210","AVAILABLE","MEDIUM","CATEGORY_GENERALIZATION","USDA FSIS FoodKeeper Data","https://catalog.data.gov/dataset/fsis-foodkeeper-data","FoodKeeper Data English distribution; prior public-mirror locator: ingredients.csv record: Lean fish; cod, flounder, haddock, halibut, sole, etc.","6-8 months frozen; FoodKeeper category: Lean fish; cod, flounder, haddock, halibut, sole, etc.","Keep continuously chilled/frozen; use package instructions when more restrictive.","2026-08-27 00:00:00","2026-08-27 00:00:00"
"211","3","67","3","0","0","","NOT_RECOMMENDED","HIGH","CATEGORY_GENERALIZATION","Selecting and Serving Fresh and Frozen Seafood Safely","https://www.fda.gov/food/buy-store-serve-safe-food/selecting-and-serving-fresh-and-frozen-seafood-safely","Serving: two-hour rule","Never leave seafood out more than 2 hours; 1 hour only above 32 C","Discard after the safety maximum; this is not an endorsed room-temperature storage method.","2026-08-27 00:00:00","2026-08-27 00:00:00"
"212","3","67","1","1","2","1.5","AVAILABLE","MEDIUM","CATEGORY_GENERALIZATION","USDA FSIS FoodKeeper Data","https://catalog.data.gov/dataset/fsis-foodkeeper-data","FoodKeeper Data English distribution; prior public-mirror locator: ingredients.csv record: Lean fish; cod, flounder, haddock, halibut, sole, etc.","1-2 days refrigerated; FoodKeeper category: Lean fish; cod, flounder, haddock, halibut, sole, etc.","Keep continuously chilled/frozen; use package instructions when more restrictive.","2026-08-27 00:00:00","2026-08-27 00:00:00"
"213","3","67","2","180","240","210","AVAILABLE","MEDIUM","CATEGORY_GENERALIZATION","USDA FSIS FoodKeeper Data","https://catalog.data.gov/dataset/fsis-foodkeeper-data","FoodKeeper Data English distribution; prior public-mirror locator: ingredients.csv record: Lean fish; cod, flounder, haddock, halibut, sole, etc.","6-8 months frozen; FoodKeeper category: Lean fish; cod, flounder, haddock, halibut, sole, etc.","Keep continuously chilled/frozen; use package instructions when more restrictive.","2026-08-27 00:00:00","2026-08-27 00:00:00"
"214","3","68","3","0","0","","NOT_RECOMMENDED","HIGH","CATEGORY_GENERALIZATION","Selecting and Serving Fresh and Frozen Seafood Safely","https://www.fda.gov/food/buy-store-serve-safe-food/selecting-and-serving-fresh-and-frozen-seafood-safely","Serving: two-hour rule","Never leave seafood out more than 2 hours; 1 hour only above 32 C","Discard after the safety maximum; this is not an endorsed room-temperature storage method.","2026-08-27 00:00:00","2026-08-27 00:00:00"
"215","3","68","1","1","2","1.5","AVAILABLE","MEDIUM","CATEGORY_GENERALIZATION","USDA FSIS FoodKeeper Data","https://catalog.data.gov/dataset/fsis-foodkeeper-data","FoodKeeper Data English distribution; prior public-mirror locator: ingredients.csv record: Lean fish; cod, flounder, haddock, halibut, sole, etc.","1-2 days refrigerated; FoodKeeper category: Lean fish; cod, flounder, haddock, halibut, sole, etc.","Keep continuously chilled/frozen; use package instructions when more restrictive.","2026-08-27 00:00:00","2026-08-27 00:00:00"
"216","3","68","2","180","240","210","AVAILABLE","MEDIUM","CATEGORY_GENERALIZATION","USDA FSIS FoodKeeper Data","https://catalog.data.gov/dataset/fsis-foodkeeper-data","FoodKeeper Data English distribution; prior public-mirror locator: ingredients.csv record: Lean fish; cod, flounder, haddock, halibut, sole, etc.","6-8 months frozen; FoodKeeper category: Lean fish; cod, flounder, haddock, halibut, sole, etc.","Keep continuously chilled/frozen; use package instructions when more restrictive.","2026-08-27 00:00:00","2026-08-27 00:00:00"
"217","3","69","3","0","0","","NOT_RECOMMENDED","HIGH","CATEGORY_GENERALIZATION","Selecting and Serving Fresh and Frozen Seafood Safely","https://www.fda.gov/food/buy-store-serve-safe-food/selecting-and-serving-fresh-and-frozen-seafood-safely","Serving: two-hour rule","Never leave seafood out more than 2 hours; 1 hour only above 32 C","Discard after the safety maximum; this is not an endorsed room-temperature storage method.","2026-08-27 00:00:00","2026-08-27 00:00:00"
"218","3","69","1","1","2","1.5","AVAILABLE","MEDIUM","CATEGORY_GENERALIZATION","USDA FSIS FoodKeeper Data","https://catalog.data.gov/dataset/fsis-foodkeeper-data","FoodKeeper Data English distribution; prior public-mirror locator: ingredients.csv record: Lean fish; cod, flounder, haddock, halibut, sole, etc.","1-2 days refrigerated; FoodKeeper category: Lean fish; cod, flounder, haddock, halibut, sole, etc.","Keep continuously chilled/frozen; use package instructions when more restrictive.","2026-08-27 00:00:00","2026-08-27 00:00:00"
"219","3","69","2","180","240","210","AVAILABLE","MEDIUM","CATEGORY_GENERALIZATION","USDA FSIS FoodKeeper Data","https://catalog.data.gov/dataset/fsis-foodkeeper-data","FoodKeeper Data English distribution; prior public-mirror locator: ingredients.csv record: Lean fish; cod, flounder, haddock, halibut, sole, etc.","6-8 months frozen; FoodKeeper category: Lean fish; cod, flounder, haddock, halibut, sole, etc.","Keep continuously chilled/frozen; use package instructions when more restrictive.","2026-08-27 00:00:00","2026-08-27 00:00:00"
"220","3","70","3","0","0","","NOT_RECOMMENDED","HIGH","CATEGORY_GENERALIZATION","Selecting and Serving Fresh and Frozen Seafood Safely","https://www.fda.gov/food/buy-store-serve-safe-food/selecting-and-serving-fresh-and-frozen-seafood-safely","Serving: two-hour rule","Never leave seafood out more than 2 hours; 1 hour only above 32 C","Discard after the safety maximum; this is not an endorsed room-temperature storage method.","2026-08-27 00:00:00","2026-08-27 00:00:00"
"221","3","70","1","1","2","1.5","AVAILABLE","MEDIUM","CATEGORY_GENERALIZATION","USDA FSIS FoodKeeper Data","https://catalog.data.gov/dataset/fsis-foodkeeper-data","FoodKeeper Data English distribution; prior public-mirror locator: ingredients.csv record: Lean fish; cod, flounder, haddock, halibut, sole, etc.","1-2 days refrigerated; FoodKeeper category: Lean fish; cod, flounder, haddock, halibut, sole, etc.","Keep continuously chilled/frozen; use package instructions when more restrictive.","2026-08-27 00:00:00","2026-08-27 00:00:00"
"222","3","70","2","180","240","210","AVAILABLE","MEDIUM","CATEGORY_GENERALIZATION","USDA FSIS FoodKeeper Data","https://catalog.data.gov/dataset/fsis-foodkeeper-data","FoodKeeper Data English distribution; prior public-mirror locator: ingredients.csv record: Lean fish; cod, flounder, haddock, halibut, sole, etc.","6-8 months frozen; FoodKeeper category: Lean fish; cod, flounder, haddock, halibut, sole, etc.","Keep continuously chilled/frozen; use package instructions when more restrictive.","2026-08-27 00:00:00","2026-08-27 00:00:00"
"223","3","71","3","0","0","","NOT_RECOMMENDED","HIGH","CATEGORY_GENERALIZATION","Selecting and Serving Fresh and Frozen Seafood Safely","https://www.fda.gov/food/buy-store-serve-safe-food/selecting-and-serving-fresh-and-frozen-seafood-safely","Serving: two-hour rule","Never leave seafood out more than 2 hours; 1 hour only above 32 C","Discard after the safety maximum; this is not an endorsed room-temperature storage method.","2026-08-27 00:00:00","2026-08-27 00:00:00"
"224","3","71","1","1","2","1.5","AVAILABLE","MEDIUM","CATEGORY_GENERALIZATION","USDA FSIS FoodKeeper Data","https://catalog.data.gov/dataset/fsis-foodkeeper-data","FoodKeeper Data English distribution; prior public-mirror locator: ingredients.csv record: Lean fish; cod, flounder, haddock, halibut, sole, etc.","1-2 days refrigerated; FoodKeeper category: Lean fish; cod, flounder, haddock, halibut, sole, etc.","Keep continuously chilled/frozen; use package instructions when more restrictive.","2026-08-27 00:00:00","2026-08-27 00:00:00"
"225","3","71","2","180","240","210","AVAILABLE","MEDIUM","CATEGORY_GENERALIZATION","USDA FSIS FoodKeeper Data","https://catalog.data.gov/dataset/fsis-foodkeeper-data","FoodKeeper Data English distribution; prior public-mirror locator: ingredients.csv record: Lean fish; cod, flounder, haddock, halibut, sole, etc.","6-8 months frozen; FoodKeeper category: Lean fish; cod, flounder, haddock, halibut, sole, etc.","Keep continuously chilled/frozen; use package instructions when more restrictive.","2026-08-27 00:00:00","2026-08-27 00:00:00"
"226","3","72","3","0","0","","NOT_RECOMMENDED","HIGH","CATEGORY_GENERALIZATION","Selecting and Serving Fresh and Frozen Seafood Safely","https://www.fda.gov/food/buy-store-serve-safe-food/selecting-and-serving-fresh-and-frozen-seafood-safely","Serving: two-hour rule","Never leave seafood out more than 2 hours; 1 hour only above 32 C","Discard after the safety maximum; this is not an endorsed room-temperature storage method.","2026-08-27 00:00:00","2026-08-27 00:00:00"
"227","3","72","1","1","2","1.5","AVAILABLE","MEDIUM","CATEGORY_GENERALIZATION","USDA FSIS FoodKeeper Data","https://catalog.data.gov/dataset/fsis-foodkeeper-data","FoodKeeper Data English distribution; prior public-mirror locator: ingredients.csv record: Lean fish; cod, flounder, haddock, halibut, sole, etc.","1-2 days refrigerated; FoodKeeper category: Lean fish; cod, flounder, haddock, halibut, sole, etc.","Keep continuously chilled/frozen; use package instructions when more restrictive.","2026-08-27 00:00:00","2026-08-27 00:00:00"
"228","3","72","2","180","240","210","AVAILABLE","MEDIUM","CATEGORY_GENERALIZATION","USDA FSIS FoodKeeper Data","https://catalog.data.gov/dataset/fsis-foodkeeper-data","FoodKeeper Data English distribution; prior public-mirror locator: ingredients.csv record: Lean fish; cod, flounder, haddock, halibut, sole, etc.","6-8 months frozen; FoodKeeper category: Lean fish; cod, flounder, haddock, halibut, sole, etc.","Keep continuously chilled/frozen; use package instructions when more restrictive.","2026-08-27 00:00:00","2026-08-27 00:00:00"
"229","3","73","3","0","0","","NOT_RECOMMENDED","HIGH","CATEGORY_GENERALIZATION","Selecting and Serving Fresh and Frozen Seafood Safely","https://www.fda.gov/food/buy-store-serve-safe-food/selecting-and-serving-fresh-and-frozen-seafood-safely","Serving: two-hour rule","Never leave seafood out more than 2 hours; 1 hour only above 32 C","Discard after the safety maximum; this is not an endorsed room-temperature storage method.","2026-08-27 00:00:00","2026-08-27 00:00:00"
"230","3","73","1","1","2","1.5","AVAILABLE","MEDIUM","CATEGORY_GENERALIZATION","USDA FSIS FoodKeeper Data","https://catalog.data.gov/dataset/fsis-foodkeeper-data","FoodKeeper Data English distribution; prior public-mirror locator: ingredients.csv record: Lean fish; cod, flounder, haddock, halibut, sole, etc.","1-2 days refrigerated; FoodKeeper category: Lean fish; cod, flounder, haddock, halibut, sole, etc.","Keep continuously chilled/frozen; use package instructions when more restrictive.","2026-08-27 00:00:00","2026-08-27 00:00:00"
"231","3","73","2","180","240","210","AVAILABLE","MEDIUM","CATEGORY_GENERALIZATION","USDA FSIS FoodKeeper Data","https://catalog.data.gov/dataset/fsis-foodkeeper-data","FoodKeeper Data English distribution; prior public-mirror locator: ingredients.csv record: Lean fish; cod, flounder, haddock, halibut, sole, etc.","6-8 months frozen; FoodKeeper category: Lean fish; cod, flounder, haddock, halibut, sole, etc.","Keep continuously chilled/frozen; use package instructions when more restrictive.","2026-08-27 00:00:00","2026-08-27 00:00:00"
"232","3","74","3","0","0","","NOT_RECOMMENDED","HIGH","CATEGORY_GENERALIZATION","Selecting and Serving Fresh and Frozen Seafood Safely","https://www.fda.gov/food/buy-store-serve-safe-food/selecting-and-serving-fresh-and-frozen-seafood-safely","Serving: two-hour rule","Never leave seafood out more than 2 hours; 1 hour only above 32 C","Discard after the safety maximum; this is not an endorsed room-temperature storage method.","2026-08-27 00:00:00","2026-08-27 00:00:00"
"233","3","74","1","1","2","1.5","AVAILABLE","MEDIUM","CATEGORY_GENERALIZATION","USDA FSIS FoodKeeper Data","https://catalog.data.gov/dataset/fsis-foodkeeper-data","FoodKeeper Data English distribution; prior public-mirror locator: ingredients.csv record: Fatty fish; catfish, mackerel, mullet, salmon, tuna, etc.","1-2 days refrigerated; FoodKeeper category: Fatty fish; catfish, mackerel, mullet, salmon, tuna, etc.","Keep continuously chilled/frozen; use package instructions when more restrictive.","2026-08-27 00:00:00","2026-08-27 00:00:00"
"234","3","74","2","60","90","75","AVAILABLE","MEDIUM","CATEGORY_GENERALIZATION","USDA FSIS FoodKeeper Data","https://catalog.data.gov/dataset/fsis-foodkeeper-data","FoodKeeper Data English distribution; prior public-mirror locator: ingredients.csv record: Fatty fish; catfish, mackerel, mullet, salmon, tuna, etc.","2-3 months frozen; FoodKeeper category: Fatty fish; catfish, mackerel, mullet, salmon, tuna, etc.","Keep continuously chilled/frozen; use package instructions when more restrictive.","2026-08-27 00:00:00","2026-08-27 00:00:00"
"235","3","75","3","0","0","","NOT_RECOMMENDED","HIGH","CATEGORY_GENERALIZATION","Selecting and Serving Fresh and Frozen Seafood Safely","https://www.fda.gov/food/buy-store-serve-safe-food/selecting-and-serving-fresh-and-frozen-seafood-safely","Serving: two-hour rule","Never leave seafood out more than 2 hours; 1 hour only above 32 C","Discard after the safety maximum; this is not an endorsed room-temperature storage method.","2026-08-27 00:00:00","2026-08-27 00:00:00"
"236","3","75","1","1","2","1.5","AVAILABLE","MEDIUM","CATEGORY_GENERALIZATION","USDA FSIS FoodKeeper Data","https://catalog.data.gov/dataset/fsis-foodkeeper-data","FoodKeeper Data English distribution; prior public-mirror locator: ingredients.csv record: Fatty fish; catfish, mackerel, mullet, salmon, tuna, etc.","1-2 days refrigerated; FoodKeeper category: Fatty fish; catfish, mackerel, mullet, salmon, tuna, etc.","Keep continuously chilled/frozen; use package instructions when more restrictive.","2026-08-27 00:00:00","2026-08-27 00:00:00"
"237","3","75","2","60","90","75","AVAILABLE","MEDIUM","CATEGORY_GENERALIZATION","USDA FSIS FoodKeeper Data","https://catalog.data.gov/dataset/fsis-foodkeeper-data","FoodKeeper Data English distribution; prior public-mirror locator: ingredients.csv record: Fatty fish; catfish, mackerel, mullet, salmon, tuna, etc.","2-3 months frozen; FoodKeeper category: Fatty fish; catfish, mackerel, mullet, salmon, tuna, etc.","Keep continuously chilled/frozen; use package instructions when more restrictive.","2026-08-27 00:00:00","2026-08-27 00:00:00"
"238","3","76","3","0","0","","NOT_RECOMMENDED","HIGH","CATEGORY_GENERALIZATION","Selecting and Serving Fresh and Frozen Seafood Safely","https://www.fda.gov/food/buy-store-serve-safe-food/selecting-and-serving-fresh-and-frozen-seafood-safely","Serving: two-hour rule","Never leave seafood out more than 2 hours; 1 hour only above 32 C","Discard after the safety maximum; this is not an endorsed room-temperature storage method.","2026-08-27 00:00:00","2026-08-27 00:00:00"
"239","3","76","1","1","2","1.5","AVAILABLE","MEDIUM","CATEGORY_GENERALIZATION","USDA FSIS FoodKeeper Data","https://catalog.data.gov/dataset/fsis-foodkeeper-data","FoodKeeper Data English distribution; prior public-mirror locator: ingredients.csv record: Lean fish; cod, flounder, haddock, halibut, sole, etc.","1-2 days refrigerated; FoodKeeper category: Lean fish; cod, flounder, haddock, halibut, sole, etc.","Keep continuously chilled/frozen; use package instructions when more restrictive.","2026-08-27 00:00:00","2026-08-27 00:00:00"
"240","3","76","2","180","240","210","AVAILABLE","MEDIUM","CATEGORY_GENERALIZATION","USDA FSIS FoodKeeper Data","https://catalog.data.gov/dataset/fsis-foodkeeper-data","FoodKeeper Data English distribution; prior public-mirror locator: ingredients.csv record: Lean fish; cod, flounder, haddock, halibut, sole, etc.","6-8 months frozen; FoodKeeper category: Lean fish; cod, flounder, haddock, halibut, sole, etc.","Keep continuously chilled/frozen; use package instructions when more restrictive.","2026-08-27 00:00:00","2026-08-27 00:00:00"
"241","3","77","3","0","0","","NOT_RECOMMENDED","HIGH","CATEGORY_GENERALIZATION","Selecting and Serving Fresh and Frozen Seafood Safely","https://www.fda.gov/food/buy-store-serve-safe-food/selecting-and-serving-fresh-and-frozen-seafood-safely","Serving: two-hour rule","Never leave seafood out more than 2 hours; 1 hour only above 32 C","Discard after the safety maximum; this is not an endorsed room-temperature storage method.","2026-08-27 00:00:00","2026-08-27 00:00:00"
"242","3","77","1","1","2","1.5","AVAILABLE","MEDIUM","CATEGORY_GENERALIZATION","USDA FSIS FoodKeeper Data","https://catalog.data.gov/dataset/fsis-foodkeeper-data","FoodKeeper Data English distribution; prior public-mirror locator: ingredients.csv record: Lean fish; cod, flounder, haddock, halibut, sole, etc.","1-2 days refrigerated; FoodKeeper category: Lean fish; cod, flounder, haddock, halibut, sole, etc.","Keep continuously chilled/frozen; use package instructions when more restrictive.","2026-08-27 00:00:00","2026-08-27 00:00:00"
"243","3","77","2","180","240","210","AVAILABLE","MEDIUM","CATEGORY_GENERALIZATION","USDA FSIS FoodKeeper Data","https://catalog.data.gov/dataset/fsis-foodkeeper-data","FoodKeeper Data English distribution; prior public-mirror locator: ingredients.csv record: Lean fish; cod, flounder, haddock, halibut, sole, etc.","6-8 months frozen; FoodKeeper category: Lean fish; cod, flounder, haddock, halibut, sole, etc.","Keep continuously chilled/frozen; use package instructions when more restrictive.","2026-08-27 00:00:00","2026-08-27 00:00:00"
"244","3","78","3","0","0","","NOT_RECOMMENDED","HIGH","CATEGORY_GENERALIZATION","Selecting and Serving Fresh and Frozen Seafood Safely","https://www.fda.gov/food/buy-store-serve-safe-food/selecting-and-serving-fresh-and-frozen-seafood-safely","Serving: two-hour rule","Never leave seafood out more than 2 hours; 1 hour only above 32 C","Discard after the safety maximum; this is not an endorsed room-temperature storage method.","2026-08-27 00:00:00","2026-08-27 00:00:00"
"245","3","78","1","1","2","1.5","AVAILABLE","MEDIUM","CATEGORY_GENERALIZATION","USDA FSIS FoodKeeper Data","https://catalog.data.gov/dataset/fsis-foodkeeper-data","FoodKeeper Data English distribution; prior public-mirror locator: ingredients.csv record: Lean fish; cod, flounder, haddock, halibut, sole, etc.","1-2 days refrigerated; FoodKeeper category: Lean fish; cod, flounder, haddock, halibut, sole, etc.","Keep continuously chilled/frozen; use package instructions when more restrictive.","2026-08-27 00:00:00","2026-08-27 00:00:00"
"246","3","78","2","180","240","210","AVAILABLE","MEDIUM","CATEGORY_GENERALIZATION","USDA FSIS FoodKeeper Data","https://catalog.data.gov/dataset/fsis-foodkeeper-data","FoodKeeper Data English distribution; prior public-mirror locator: ingredients.csv record: Lean fish; cod, flounder, haddock, halibut, sole, etc.","6-8 months frozen; FoodKeeper category: Lean fish; cod, flounder, haddock, halibut, sole, etc.","Keep continuously chilled/frozen; use package instructions when more restrictive.","2026-08-27 00:00:00","2026-08-27 00:00:00"
"247","3","79","3","0","0","","NOT_RECOMMENDED","HIGH","CATEGORY_GENERALIZATION","Selecting and Serving Fresh and Frozen Seafood Safely","https://www.fda.gov/food/buy-store-serve-safe-food/selecting-and-serving-fresh-and-frozen-seafood-safely","Serving: two-hour rule","Never leave seafood out more than 2 hours; 1 hour only above 32 C","Discard after the safety maximum; this is not an endorsed room-temperature storage method.","2026-08-27 00:00:00","2026-08-27 00:00:00"
"248","3","79","1","1","2","1.5","AVAILABLE","MEDIUM","CATEGORY_GENERALIZATION","USDA FSIS FoodKeeper Data","https://catalog.data.gov/dataset/fsis-foodkeeper-data","FoodKeeper Data English distribution; prior public-mirror locator: ingredients.csv record: Lean fish; cod, flounder, haddock, halibut, sole, etc.","1-2 days refrigerated; FoodKeeper category: Lean fish; cod, flounder, haddock, halibut, sole, etc.","Keep continuously chilled/frozen; use package instructions when more restrictive.","2026-08-27 00:00:00","2026-08-27 00:00:00"
"249","3","79","2","180","240","210","AVAILABLE","MEDIUM","CATEGORY_GENERALIZATION","USDA FSIS FoodKeeper Data","https://catalog.data.gov/dataset/fsis-foodkeeper-data","FoodKeeper Data English distribution; prior public-mirror locator: ingredients.csv record: Lean fish; cod, flounder, haddock, halibut, sole, etc.","6-8 months frozen; FoodKeeper category: Lean fish; cod, flounder, haddock, halibut, sole, etc.","Keep continuously chilled/frozen; use package instructions when more restrictive.","2026-08-27 00:00:00","2026-08-27 00:00:00"
"250","3","80","3","0","0","","NOT_RECOMMENDED","HIGH","CATEGORY_GENERALIZATION","Selecting and Serving Fresh and Frozen Seafood Safely","https://www.fda.gov/food/buy-store-serve-safe-food/selecting-and-serving-fresh-and-frozen-seafood-safely","Serving: two-hour rule","Never leave seafood out more than 2 hours; 1 hour only above 32 C","Discard after the safety maximum; this is not an endorsed room-temperature storage method.","2026-08-27 00:00:00","2026-08-27 00:00:00"
"251","3","80","1","1","2","1.5","AVAILABLE","MEDIUM","CATEGORY_GENERALIZATION","USDA FSIS FoodKeeper Data","https://catalog.data.gov/dataset/fsis-foodkeeper-data","FoodKeeper Data English distribution; prior public-mirror locator: ingredients.csv record: Lean fish; cod, flounder, haddock, halibut, sole, etc.","1-2 days refrigerated; FoodKeeper category: Lean fish; cod, flounder, haddock, halibut, sole, etc.","Keep continuously chilled/frozen; use package instructions when more restrictive.","2026-08-27 00:00:00","2026-08-27 00:00:00"
"252","3","80","2","180","240","210","AVAILABLE","MEDIUM","CATEGORY_GENERALIZATION","USDA FSIS FoodKeeper Data","https://catalog.data.gov/dataset/fsis-foodkeeper-data","FoodKeeper Data English distribution; prior public-mirror locator: ingredients.csv record: Lean fish; cod, flounder, haddock, halibut, sole, etc.","6-8 months frozen; FoodKeeper category: Lean fish; cod, flounder, haddock, halibut, sole, etc.","Keep continuously chilled/frozen; use package instructions when more restrictive.","2026-08-27 00:00:00","2026-08-27 00:00:00"
"253","3","81","3","0","0","","NOT_RECOMMENDED","HIGH","CATEGORY_GENERALIZATION","Selecting and Serving Fresh and Frozen Seafood Safely","https://www.fda.gov/food/buy-store-serve-safe-food/selecting-and-serving-fresh-and-frozen-seafood-safely","Serving: two-hour rule","Never leave seafood out more than 2 hours; 1 hour only above 32 C","Discard after the safety maximum; this is not an endorsed room-temperature storage method.","2026-08-27 00:00:00","2026-08-27 00:00:00"
"254","3","81","1","1","2","1.5","AVAILABLE","MEDIUM","CATEGORY_GENERALIZATION","USDA FSIS FoodKeeper Data","https://catalog.data.gov/dataset/fsis-foodkeeper-data","FoodKeeper Data English distribution; prior public-mirror locator: ingredients.csv record: Fatty fish; catfish, mackerel, mullet, salmon, tuna, etc.","1-2 days refrigerated; FoodKeeper category: Fatty fish; catfish, mackerel, mullet, salmon, tuna, etc.","Keep continuously chilled/frozen; use package instructions when more restrictive.","2026-08-27 00:00:00","2026-08-27 00:00:00"
"255","3","81","2","60","90","75","AVAILABLE","MEDIUM","CATEGORY_GENERALIZATION","USDA FSIS FoodKeeper Data","https://catalog.data.gov/dataset/fsis-foodkeeper-data","FoodKeeper Data English distribution; prior public-mirror locator: ingredients.csv record: Fatty fish; catfish, mackerel, mullet, salmon, tuna, etc.","2-3 months frozen; FoodKeeper category: Fatty fish; catfish, mackerel, mullet, salmon, tuna, etc.","Keep continuously chilled/frozen; use package instructions when more restrictive.","2026-08-27 00:00:00","2026-08-27 00:00:00"
"256","3","82","3","0","0","","NOT_RECOMMENDED","HIGH","CATEGORY_GENERALIZATION","Selecting and Serving Fresh and Frozen Seafood Safely","https://www.fda.gov/food/buy-store-serve-safe-food/selecting-and-serving-fresh-and-frozen-seafood-safely","Serving: two-hour rule","Never leave seafood out more than 2 hours; 1 hour only above 32 C","Discard after the safety maximum; this is not an endorsed room-temperature storage method.","2026-08-27 00:00:00","2026-08-27 00:00:00"
"257","3","82","1","1","2","1.5","AVAILABLE","MEDIUM","CATEGORY_GENERALIZATION","USDA FSIS FoodKeeper Data","https://catalog.data.gov/dataset/fsis-foodkeeper-data","FoodKeeper Data English distribution; prior public-mirror locator: ingredients.csv record: Fatty fish; catfish, mackerel, mullet, salmon, tuna, etc.","1-2 days refrigerated; FoodKeeper category: Fatty fish; catfish, mackerel, mullet, salmon, tuna, etc.","Keep continuously chilled/frozen; use package instructions when more restrictive.","2026-08-27 00:00:00","2026-08-27 00:00:00"
"258","3","82","2","60","90","75","AVAILABLE","MEDIUM","CATEGORY_GENERALIZATION","USDA FSIS FoodKeeper Data","https://catalog.data.gov/dataset/fsis-foodkeeper-data","FoodKeeper Data English distribution; prior public-mirror locator: ingredients.csv record: Fatty fish; catfish, mackerel, mullet, salmon, tuna, etc.","2-3 months frozen; FoodKeeper category: Fatty fish; catfish, mackerel, mullet, salmon, tuna, etc.","Keep continuously chilled/frozen; use package instructions when more restrictive.","2026-08-27 00:00:00","2026-08-27 00:00:00"
"259","3","83","3","0","0","","NOT_RECOMMENDED","HIGH","CATEGORY_GENERALIZATION","Selecting and Serving Fresh and Frozen Seafood Safely","https://www.fda.gov/food/buy-store-serve-safe-food/selecting-and-serving-fresh-and-frozen-seafood-safely","Serving: two-hour rule","Never leave seafood out more than 2 hours; 1 hour only above 32 C","Discard after the safety maximum; this is not an endorsed room-temperature storage method.","2026-08-27 00:00:00","2026-08-27 00:00:00"
"260","3","83","1","1","2","1.5","AVAILABLE","MEDIUM","CATEGORY_GENERALIZATION","USDA FSIS FoodKeeper Data","https://catalog.data.gov/dataset/fsis-foodkeeper-data","FoodKeeper Data English distribution; prior public-mirror locator: ingredients.csv record: Lean fish; cod, flounder, haddock, halibut, sole, etc.","1-2 days refrigerated; FoodKeeper category: Lean fish; cod, flounder, haddock, halibut, sole, etc.","Keep continuously chilled/frozen; use package instructions when more restrictive.","2026-08-27 00:00:00","2026-08-27 00:00:00"
"261","3","83","2","180","240","210","AVAILABLE","MEDIUM","CATEGORY_GENERALIZATION","USDA FSIS FoodKeeper Data","https://catalog.data.gov/dataset/fsis-foodkeeper-data","FoodKeeper Data English distribution; prior public-mirror locator: ingredients.csv record: Lean fish; cod, flounder, haddock, halibut, sole, etc.","6-8 months frozen; FoodKeeper category: Lean fish; cod, flounder, haddock, halibut, sole, etc.","Keep continuously chilled/frozen; use package instructions when more restrictive.","2026-08-27 00:00:00","2026-08-27 00:00:00"
"262","3","84","3","0","0","","NOT_RECOMMENDED","HIGH","CATEGORY_GENERALIZATION","Selecting and Serving Fresh and Frozen Seafood Safely","https://www.fda.gov/food/buy-store-serve-safe-food/selecting-and-serving-fresh-and-frozen-seafood-safely","Serving: two-hour rule","Never leave seafood out more than 2 hours; 1 hour only above 32 C","Discard after the safety maximum; this is not an endorsed room-temperature storage method.","2026-08-27 00:00:00","2026-08-27 00:00:00"
"263","3","84","1","1","2","1.5","AVAILABLE","MEDIUM","CATEGORY_GENERALIZATION","USDA FSIS FoodKeeper Data","https://catalog.data.gov/dataset/fsis-foodkeeper-data","FoodKeeper Data English distribution; prior public-mirror locator: ingredients.csv record: Lean fish; cod, flounder, haddock, halibut, sole, etc.","1-2 days refrigerated; FoodKeeper category: Lean fish; cod, flounder, haddock, halibut, sole, etc.","Keep continuously chilled/frozen; use package instructions when more restrictive.","2026-08-27 00:00:00","2026-08-27 00:00:00"
"264","3","84","2","180","240","210","AVAILABLE","MEDIUM","CATEGORY_GENERALIZATION","USDA FSIS FoodKeeper Data","https://catalog.data.gov/dataset/fsis-foodkeeper-data","FoodKeeper Data English distribution; prior public-mirror locator: ingredients.csv record: Lean fish; cod, flounder, haddock, halibut, sole, etc.","6-8 months frozen; FoodKeeper category: Lean fish; cod, flounder, haddock, halibut, sole, etc.","Keep continuously chilled/frozen; use package instructions when more restrictive.","2026-08-27 00:00:00","2026-08-27 00:00:00"
"265","3","85","3","0","0","","NOT_RECOMMENDED","HIGH","CATEGORY_GENERALIZATION","Selecting and Serving Fresh and Frozen Seafood Safely","https://www.fda.gov/food/buy-store-serve-safe-food/selecting-and-serving-fresh-and-frozen-seafood-safely","Serving: two-hour rule","Never leave seafood out more than 2 hours; 1 hour only above 32 C","Discard after the safety maximum; this is not an endorsed room-temperature storage method.","2026-08-27 00:00:00","2026-08-27 00:00:00"
"266","3","85","1","1","2","1.5","AVAILABLE","MEDIUM","CATEGORY_GENERALIZATION","USDA FSIS FoodKeeper Data","https://catalog.data.gov/dataset/fsis-foodkeeper-data","FoodKeeper Data English distribution; prior public-mirror locator: ingredients.csv record: Lean fish; cod, flounder, haddock, halibut, sole, etc.","1-2 days refrigerated; FoodKeeper category: Lean fish; cod, flounder, haddock, halibut, sole, etc.","Keep continuously chilled/frozen; use package instructions when more restrictive.","2026-08-27 00:00:00","2026-08-27 00:00:00"
"267","3","85","2","180","240","210","AVAILABLE","MEDIUM","CATEGORY_GENERALIZATION","USDA FSIS FoodKeeper Data","https://catalog.data.gov/dataset/fsis-foodkeeper-data","FoodKeeper Data English distribution; prior public-mirror locator: ingredients.csv record: Lean fish; cod, flounder, haddock, halibut, sole, etc.","6-8 months frozen; FoodKeeper category: Lean fish; cod, flounder, haddock, halibut, sole, etc.","Keep continuously chilled/frozen; use package instructions when more restrictive.","2026-08-27 00:00:00","2026-08-27 00:00:00"
"268","3","86","3","0","0","","NOT_RECOMMENDED","HIGH","CATEGORY_GENERALIZATION","Selecting and Serving Fresh and Frozen Seafood Safely","https://www.fda.gov/food/buy-store-serve-safe-food/selecting-and-serving-fresh-and-frozen-seafood-safely","Serving: two-hour rule","Never leave seafood out more than 2 hours; 1 hour only above 32 C","Discard after the safety maximum; this is not an endorsed room-temperature storage method.","2026-08-27 00:00:00","2026-08-27 00:00:00"
"269","3","86","1","1","2","1.5","AVAILABLE","MEDIUM","CATEGORY_GENERALIZATION","USDA FSIS FoodKeeper Data","https://catalog.data.gov/dataset/fsis-foodkeeper-data","FoodKeeper Data English distribution; prior public-mirror locator: ingredients.csv record: Fatty fish; catfish, mackerel, mullet, salmon, tuna, etc.","1-2 days refrigerated; FoodKeeper category: Fatty fish; catfish, mackerel, mullet, salmon, tuna, etc.","Keep continuously chilled/frozen; use package instructions when more restrictive.","2026-08-27 00:00:00","2026-08-27 00:00:00"
"270","3","86","2","60","90","75","AVAILABLE","MEDIUM","CATEGORY_GENERALIZATION","USDA FSIS FoodKeeper Data","https://catalog.data.gov/dataset/fsis-foodkeeper-data","FoodKeeper Data English distribution; prior public-mirror locator: ingredients.csv record: Fatty fish; catfish, mackerel, mullet, salmon, tuna, etc.","2-3 months frozen; FoodKeeper category: Fatty fish; catfish, mackerel, mullet, salmon, tuna, etc.","Keep continuously chilled/frozen; use package instructions when more restrictive.","2026-08-27 00:00:00","2026-08-27 00:00:00"
"271","3","87","3","0","0","","NOT_RECOMMENDED","HIGH","CATEGORY_GENERALIZATION","Selecting and Serving Fresh and Frozen Seafood Safely","https://www.fda.gov/food/buy-store-serve-safe-food/selecting-and-serving-fresh-and-frozen-seafood-safely","Serving: two-hour rule","Never leave seafood out more than 2 hours; 1 hour only above 32 C","Discard after the safety maximum; this is not an endorsed room-temperature storage method.","2026-08-27 00:00:00","2026-08-27 00:00:00"
"272","3","87","1","1","3","2","AVAILABLE","MEDIUM","CATEGORY_GENERALIZATION","USDA FSIS FoodKeeper Data","https://catalog.data.gov/dataset/fsis-foodkeeper-data","FoodKeeper Data English distribution; prior public-mirror locator: ingredients.csv record: Shrimp, crayfish","1-3 days refrigerated; FoodKeeper category: Shrimp, crayfish","Keep continuously chilled/frozen; use package instructions when more restrictive.","2026-08-27 00:00:00","2026-08-27 00:00:00"
"273","3","87","2","180","540","360","AVAILABLE","MEDIUM","CATEGORY_GENERALIZATION","USDA FSIS FoodKeeper Data","https://catalog.data.gov/dataset/fsis-foodkeeper-data","FoodKeeper Data English distribution; prior public-mirror locator: ingredients.csv record: Shrimp, crayfish","6-18 months frozen; FoodKeeper category: Shrimp, crayfish","Keep continuously chilled/frozen; use package instructions when more restrictive.","2026-08-27 00:00:00","2026-08-27 00:00:00"
"274","3","88","3","0","0","","NOT_RECOMMENDED","HIGH","CATEGORY_GENERALIZATION","Selecting and Serving Fresh and Frozen Seafood Safely","https://www.fda.gov/food/buy-store-serve-safe-food/selecting-and-serving-fresh-and-frozen-seafood-safely","Serving: two-hour rule","Never leave seafood out more than 2 hours; 1 hour only above 32 C","Discard after the safety maximum; this is not an endorsed room-temperature storage method.","2026-08-27 00:00:00","2026-08-27 00:00:00"
"275","3","88","1","1","3","2","AVAILABLE","MEDIUM","CATEGORY_GENERALIZATION","USDA FSIS FoodKeeper Data","https://catalog.data.gov/dataset/fsis-foodkeeper-data","FoodKeeper Data English distribution; prior public-mirror locator: ingredients.csv record: Shrimp, crayfish","1-3 days refrigerated; FoodKeeper category: Shrimp, crayfish","Keep continuously chilled/frozen; use package instructions when more restrictive.","2026-08-27 00:00:00","2026-08-27 00:00:00"
"276","3","88","2","180","540","360","AVAILABLE","MEDIUM","CATEGORY_GENERALIZATION","USDA FSIS FoodKeeper Data","https://catalog.data.gov/dataset/fsis-foodkeeper-data","FoodKeeper Data English distribution; prior public-mirror locator: ingredients.csv record: Shrimp, crayfish","6-18 months frozen; FoodKeeper category: Shrimp, crayfish","Keep continuously chilled/frozen; use package instructions when more restrictive.","2026-08-27 00:00:00","2026-08-27 00:00:00"
"277","3","89","3","0","0","","NOT_RECOMMENDED","HIGH","CATEGORY_GENERALIZATION","Selecting and Serving Fresh and Frozen Seafood Safely","https://www.fda.gov/food/buy-store-serve-safe-food/selecting-and-serving-fresh-and-frozen-seafood-safely","Serving: two-hour rule","Never leave seafood out more than 2 hours; 1 hour only above 32 C","Discard after the safety maximum; this is not an endorsed room-temperature storage method.","2026-08-27 00:00:00","2026-08-27 00:00:00"
"278","3","89","1","1","3","2","AVAILABLE","MEDIUM","CATEGORY_GENERALIZATION","USDA FSIS FoodKeeper Data","https://catalog.data.gov/dataset/fsis-foodkeeper-data","FoodKeeper Data English distribution; prior public-mirror locator: ingredients.csv record: Shrimp, crayfish","1-3 days refrigerated; FoodKeeper category: Shrimp, crayfish","Keep continuously chilled/frozen; use package instructions when more restrictive.","2026-08-27 00:00:00","2026-08-27 00:00:00"
"279","3","89","2","180","540","360","AVAILABLE","MEDIUM","CATEGORY_GENERALIZATION","USDA FSIS FoodKeeper Data","https://catalog.data.gov/dataset/fsis-foodkeeper-data","FoodKeeper Data English distribution; prior public-mirror locator: ingredients.csv record: Shrimp, crayfish","6-18 months frozen; FoodKeeper category: Shrimp, crayfish","Keep continuously chilled/frozen; use package instructions when more restrictive.","2026-08-27 00:00:00","2026-08-27 00:00:00"
"280","3","90","3","0","0","","NOT_RECOMMENDED","HIGH","CATEGORY_GENERALIZATION","Selecting and Serving Fresh and Frozen Seafood Safely","https://www.fda.gov/food/buy-store-serve-safe-food/selecting-and-serving-fresh-and-frozen-seafood-safely","Serving: two-hour rule","Never leave seafood out more than 2 hours; 1 hour only above 32 C","Discard after the safety maximum; this is not an endorsed room-temperature storage method.","2026-08-27 00:00:00","2026-08-27 00:00:00"
"281","3","90","1","1","3","2","AVAILABLE","MEDIUM","CATEGORY_GENERALIZATION","USDA FSIS FoodKeeper Data","https://catalog.data.gov/dataset/fsis-foodkeeper-data","FoodKeeper Data English distribution; prior public-mirror locator: ingredients.csv record: Fresh crab meat","1-3 days refrigerated; FoodKeeper category: Fresh crab meat","Keep continuously chilled/frozen; use package instructions when more restrictive.","2026-08-27 00:00:00","2026-08-27 00:00:00"
"282","3","90","2","60","120","90","AVAILABLE","MEDIUM","CATEGORY_GENERALIZATION","USDA FSIS FoodKeeper Data","https://catalog.data.gov/dataset/fsis-foodkeeper-data","FoodKeeper Data English distribution; prior public-mirror locator: ingredients.csv record: Fresh crab meat","2-4 months frozen; FoodKeeper category: Fresh crab meat","Keep continuously chilled/frozen; use package instructions when more restrictive.","2026-08-27 00:00:00","2026-08-27 00:00:00"
"283","3","91","3","0","0","","NOT_RECOMMENDED","HIGH","CATEGORY_GENERALIZATION","Selecting and Serving Fresh and Frozen Seafood Safely","https://www.fda.gov/food/buy-store-serve-safe-food/selecting-and-serving-fresh-and-frozen-seafood-safely","Serving: two-hour rule","Never leave seafood out more than 2 hours; 1 hour only above 32 C","Discard after the safety maximum; this is not an endorsed room-temperature storage method.","2026-08-27 00:00:00","2026-08-27 00:00:00"
"284","3","91","1","1","3","2","AVAILABLE","MEDIUM","CATEGORY_GENERALIZATION","USDA FSIS FoodKeeper Data","https://catalog.data.gov/dataset/fsis-foodkeeper-data","FoodKeeper Data English distribution; prior public-mirror locator: ingredients.csv record: Fresh crab meat","1-3 days refrigerated; FoodKeeper category: Fresh crab meat","Keep continuously chilled/frozen; use package instructions when more restrictive.","2026-08-27 00:00:00","2026-08-27 00:00:00"
"285","3","91","2","60","120","90","AVAILABLE","MEDIUM","CATEGORY_GENERALIZATION","USDA FSIS FoodKeeper Data","https://catalog.data.gov/dataset/fsis-foodkeeper-data","FoodKeeper Data English distribution; prior public-mirror locator: ingredients.csv record: Fresh crab meat","2-4 months frozen; FoodKeeper category: Fresh crab meat","Keep continuously chilled/frozen; use package instructions when more restrictive.","2026-08-27 00:00:00","2026-08-27 00:00:00"
"286","3","92","3","0","0","","NOT_RECOMMENDED","HIGH","CATEGORY_GENERALIZATION","Selecting and Serving Fresh and Frozen Seafood Safely","https://www.fda.gov/food/buy-store-serve-safe-food/selecting-and-serving-fresh-and-frozen-seafood-safely","Serving: two-hour rule","Never leave seafood out more than 2 hours; 1 hour only above 32 C","Discard after the safety maximum; this is not an endorsed room-temperature storage method.","2026-08-27 00:00:00","2026-08-27 00:00:00"
"287","3","92","1","1","1","1","AVAILABLE","MEDIUM","CATEGORY_GENERALIZATION","USDA FSIS FoodKeeper Data","https://catalog.data.gov/dataset/fsis-foodkeeper-data","FoodKeeper Data English distribution; prior public-mirror locator: ingredients.csv record: Fresh whole lobster, live; freezing not recommended","1-1 days refrigerated; FoodKeeper category: Fresh whole lobster, live; freezing not recommended","Keep continuously chilled/frozen; use package instructions when more restrictive.","2026-08-27 00:00:00","2026-08-27 00:00:00"
"288","3","92","2","0","0","","NOT_RECOMMENDED","MEDIUM","CATEGORY_GENERALIZATION","USDA FSIS FoodKeeper Data","https://catalog.data.gov/dataset/fsis-foodkeeper-data","FoodKeeper Data English distribution; prior public-mirror locator: ingredients.csv record: Fresh whole lobster, live; freezing not recommended","Freezing not recommended for the specified fresh/live state","Keep continuously chilled/frozen; use package instructions when more restrictive.","2026-08-27 00:00:00","2026-08-27 00:00:00"
"289","3","93","3","0","0","","NOT_RECOMMENDED","HIGH","CATEGORY_GENERALIZATION","Selecting and Serving Fresh and Frozen Seafood Safely","https://www.fda.gov/food/buy-store-serve-safe-food/selecting-and-serving-fresh-and-frozen-seafood-safely","Serving: two-hour rule","Never leave seafood out more than 2 hours; 1 hour only above 32 C","Discard after the safety maximum; this is not an endorsed room-temperature storage method.","2026-08-27 00:00:00","2026-08-27 00:00:00"
"290","3","93","1","1","3","2","AVAILABLE","MEDIUM","CATEGORY_GENERALIZATION","USDA FSIS FoodKeeper Data","https://catalog.data.gov/dataset/fsis-foodkeeper-data","FoodKeeper Data English distribution; prior public-mirror locator: ingredients.csv record: Squid","1-3 days refrigerated; FoodKeeper category: Squid","Keep continuously chilled/frozen; use package instructions when more restrictive.","2026-08-27 00:00:00","2026-08-27 00:00:00"
"291","3","93","2","180","540","360","AVAILABLE","MEDIUM","CATEGORY_GENERALIZATION","USDA FSIS FoodKeeper Data","https://catalog.data.gov/dataset/fsis-foodkeeper-data","FoodKeeper Data English distribution; prior public-mirror locator: ingredients.csv record: Squid","6-18 months frozen; FoodKeeper category: Squid","Keep continuously chilled/frozen; use package instructions when more restrictive.","2026-08-27 00:00:00","2026-08-27 00:00:00"
"292","3","94","3","0","0","","NOT_RECOMMENDED","HIGH","CATEGORY_GENERALIZATION","Selecting and Serving Fresh and Frozen Seafood Safely","https://www.fda.gov/food/buy-store-serve-safe-food/selecting-and-serving-fresh-and-frozen-seafood-safely","Serving: two-hour rule","Never leave seafood out more than 2 hours; 1 hour only above 32 C","Discard after the safety maximum; this is not an endorsed room-temperature storage method.","2026-08-27 00:00:00","2026-08-27 00:00:00"
"293","3","94","1","1","3","2","AVAILABLE","MEDIUM","CATEGORY_GENERALIZATION","USDA FSIS FoodKeeper Data","https://catalog.data.gov/dataset/fsis-foodkeeper-data","FoodKeeper Data English distribution; prior public-mirror locator: ingredients.csv record: Squid","1-3 days refrigerated; FoodKeeper category: Squid","Keep continuously chilled/frozen; use package instructions when more restrictive.","2026-08-27 00:00:00","2026-08-27 00:00:00"
"294","3","94","2","180","540","360","AVAILABLE","MEDIUM","CATEGORY_GENERALIZATION","USDA FSIS FoodKeeper Data","https://catalog.data.gov/dataset/fsis-foodkeeper-data","FoodKeeper Data English distribution; prior public-mirror locator: ingredients.csv record: Squid","6-18 months frozen; FoodKeeper category: Squid","Keep continuously chilled/frozen; use package instructions when more restrictive.","2026-08-27 00:00:00","2026-08-27 00:00:00"
"295","3","95","3","0","0","","NOT_RECOMMENDED","HIGH","CATEGORY_GENERALIZATION","Selecting and Serving Fresh and Frozen Seafood Safely","https://www.fda.gov/food/buy-store-serve-safe-food/selecting-and-serving-fresh-and-frozen-seafood-safely","Serving: two-hour rule","Never leave seafood out more than 2 hours; 1 hour only above 32 C","Discard after the safety maximum; this is not an endorsed room-temperature storage method.","2026-08-27 00:00:00","2026-08-27 00:00:00"
"296","3","95","1","1","3","2","AVAILABLE","MEDIUM","CATEGORY_GENERALIZATION","USDA FSIS FoodKeeper Data","https://catalog.data.gov/dataset/fsis-foodkeeper-data","FoodKeeper Data English distribution; prior public-mirror locator: ingredients.csv record: Squid","1-3 days refrigerated; FoodKeeper category: Squid","Keep continuously chilled/frozen; use package instructions when more restrictive.","2026-08-27 00:00:00","2026-08-27 00:00:00"
"297","3","95","2","180","540","360","AVAILABLE","MEDIUM","CATEGORY_GENERALIZATION","USDA FSIS FoodKeeper Data","https://catalog.data.gov/dataset/fsis-foodkeeper-data","FoodKeeper Data English distribution; prior public-mirror locator: ingredients.csv record: Squid","6-18 months frozen; FoodKeeper category: Squid","Keep continuously chilled/frozen; use package instructions when more restrictive.","2026-08-27 00:00:00","2026-08-27 00:00:00"
"298","3","96","3","0","0","","NOT_RECOMMENDED","HIGH","CATEGORY_GENERALIZATION","Selecting and Serving Fresh and Frozen Seafood Safely","https://www.fda.gov/food/buy-store-serve-safe-food/selecting-and-serving-fresh-and-frozen-seafood-safely","Serving: two-hour rule","Never leave seafood out more than 2 hours; 1 hour only above 32 C","Discard after the safety maximum; this is not an endorsed room-temperature storage method.","2026-08-27 00:00:00","2026-08-27 00:00:00"
"299","3","96","1","5","10","7.5","AVAILABLE","MEDIUM","CATEGORY_GENERALIZATION","USDA FSIS FoodKeeper Data","https://catalog.data.gov/dataset/fsis-foodkeeper-data","FoodKeeper Data English distribution; prior public-mirror locator: ingredients.csv record: Fresh clams, mussels, oysters; freezing not recommended","5-10 days refrigerated; FoodKeeper category: Fresh clams, mussels, oysters; freezing not recommended","Keep continuously chilled/frozen; use package instructions when more restrictive.","2026-08-27 00:00:00","2026-08-27 00:00:00"
"300","3","96","2","0","0","","NOT_RECOMMENDED","MEDIUM","CATEGORY_GENERALIZATION","USDA FSIS FoodKeeper Data","https://catalog.data.gov/dataset/fsis-foodkeeper-data","FoodKeeper Data English distribution; prior public-mirror locator: ingredients.csv record: Fresh clams, mussels, oysters; freezing not recommended","Freezing not recommended for the specified fresh/live state","Keep continuously chilled/frozen; use package instructions when more restrictive.","2026-08-27 00:00:00","2026-08-27 00:00:00"
"301","3","97","3","0","0","","NOT_RECOMMENDED","HIGH","CATEGORY_GENERALIZATION","Selecting and Serving Fresh and Frozen Seafood Safely","https://www.fda.gov/food/buy-store-serve-safe-food/selecting-and-serving-fresh-and-frozen-seafood-safely","Serving: two-hour rule","Never leave seafood out more than 2 hours; 1 hour only above 32 C","Discard after the safety maximum; this is not an endorsed room-temperature storage method.","2026-08-27 00:00:00","2026-08-27 00:00:00"
"302","3","97","1","5","10","7.5","AVAILABLE","MEDIUM","CATEGORY_GENERALIZATION","USDA FSIS FoodKeeper Data","https://catalog.data.gov/dataset/fsis-foodkeeper-data","FoodKeeper Data English distribution; prior public-mirror locator: ingredients.csv record: Fresh clams, mussels, oysters; freezing not recommended","5-10 days refrigerated; FoodKeeper category: Fresh clams, mussels, oysters; freezing not recommended","Keep continuously chilled/frozen; use package instructions when more restrictive.","2026-08-27 00:00:00","2026-08-27 00:00:00"
"303","3","97","2","0","0","","NOT_RECOMMENDED","MEDIUM","CATEGORY_GENERALIZATION","USDA FSIS FoodKeeper Data","https://catalog.data.gov/dataset/fsis-foodkeeper-data","FoodKeeper Data English distribution; prior public-mirror locator: ingredients.csv record: Fresh clams, mussels, oysters; freezing not recommended","Freezing not recommended for the specified fresh/live state","Keep continuously chilled/frozen; use package instructions when more restrictive.","2026-08-27 00:00:00","2026-08-27 00:00:00"
"304","3","98","3","0","0","","NOT_RECOMMENDED","HIGH","CATEGORY_GENERALIZATION","Selecting and Serving Fresh and Frozen Seafood Safely","https://www.fda.gov/food/buy-store-serve-safe-food/selecting-and-serving-fresh-and-frozen-seafood-safely","Serving: two-hour rule","Never leave seafood out more than 2 hours; 1 hour only above 32 C","Discard after the safety maximum; this is not an endorsed room-temperature storage method.","2026-08-27 00:00:00","2026-08-27 00:00:00"
"305","3","98","1","5","10","7.5","AVAILABLE","MEDIUM","CATEGORY_GENERALIZATION","USDA FSIS FoodKeeper Data","https://catalog.data.gov/dataset/fsis-foodkeeper-data","FoodKeeper Data English distribution; prior public-mirror locator: ingredients.csv record: Fresh clams, mussels, oysters; freezing not recommended","5-10 days refrigerated; FoodKeeper category: Fresh clams, mussels, oysters; freezing not recommended","Keep continuously chilled/frozen; use package instructions when more restrictive.","2026-08-27 00:00:00","2026-08-27 00:00:00"
"306","3","98","2","0","0","","NOT_RECOMMENDED","MEDIUM","CATEGORY_GENERALIZATION","USDA FSIS FoodKeeper Data","https://catalog.data.gov/dataset/fsis-foodkeeper-data","FoodKeeper Data English distribution; prior public-mirror locator: ingredients.csv record: Fresh clams, mussels, oysters; freezing not recommended","Freezing not recommended for the specified fresh/live state","Keep continuously chilled/frozen; use package instructions when more restrictive.","2026-08-27 00:00:00","2026-08-27 00:00:00"
"307","3","99","3","0","0","","NOT_RECOMMENDED","HIGH","CATEGORY_GENERALIZATION","Selecting and Serving Fresh and Frozen Seafood Safely","https://www.fda.gov/food/buy-store-serve-safe-food/selecting-and-serving-fresh-and-frozen-seafood-safely","Serving: two-hour rule","Never leave seafood out more than 2 hours; 1 hour only above 32 C","Discard after the safety maximum; this is not an endorsed room-temperature storage method.","2026-08-27 00:00:00","2026-08-27 00:00:00"
"308","3","99","1","5","10","7.5","AVAILABLE","MEDIUM","CATEGORY_GENERALIZATION","USDA FSIS FoodKeeper Data","https://catalog.data.gov/dataset/fsis-foodkeeper-data","FoodKeeper Data English distribution; prior public-mirror locator: ingredients.csv record: Fresh clams, mussels, oysters; freezing not recommended","5-10 days refrigerated; FoodKeeper category: Fresh clams, mussels, oysters; freezing not recommended","Keep continuously chilled/frozen; use package instructions when more restrictive.","2026-08-27 00:00:00","2026-08-27 00:00:00"
"309","3","99","2","0","0","","NOT_RECOMMENDED","MEDIUM","CATEGORY_GENERALIZATION","USDA FSIS FoodKeeper Data","https://catalog.data.gov/dataset/fsis-foodkeeper-data","FoodKeeper Data English distribution; prior public-mirror locator: ingredients.csv record: Fresh clams, mussels, oysters; freezing not recommended","Freezing not recommended for the specified fresh/live state","Keep continuously chilled/frozen; use package instructions when more restrictive.","2026-08-27 00:00:00","2026-08-27 00:00:00"
"310","3","100","3","0","0","","NOT_RECOMMENDED","HIGH","CATEGORY_GENERALIZATION","Selecting and Serving Fresh and Frozen Seafood Safely","https://www.fda.gov/food/buy-store-serve-safe-food/selecting-and-serving-fresh-and-frozen-seafood-safely","Serving: two-hour rule","Never leave seafood out more than 2 hours; 1 hour only above 32 C","Discard after the safety maximum; this is not an endorsed room-temperature storage method.","2026-08-27 00:00:00","2026-08-27 00:00:00"
"311","3","100","1","3","10","6.5","AVAILABLE","MEDIUM","CATEGORY_GENERALIZATION","USDA FSIS FoodKeeper Data","https://catalog.data.gov/dataset/fsis-foodkeeper-data","FoodKeeper Data English distribution; prior public-mirror locator: ingredients.csv record: Shucked clams, mussels, and oysters","3-10 days refrigerated; FoodKeeper category: Shucked clams, mussels, and oysters","Keep continuously chilled/frozen; use package instructions when more restrictive.","2026-08-27 00:00:00","2026-08-27 00:00:00"
"312","3","100","2","90","120","105","AVAILABLE","MEDIUM","CATEGORY_GENERALIZATION","USDA FSIS FoodKeeper Data","https://catalog.data.gov/dataset/fsis-foodkeeper-data","FoodKeeper Data English distribution; prior public-mirror locator: ingredients.csv record: Shucked clams, mussels, and oysters","3-4 months frozen; FoodKeeper category: Shucked clams, mussels, and oysters","Keep continuously chilled/frozen; use package instructions when more restrictive.","2026-08-27 00:00:00","2026-08-27 00:00:00"
"313","4","101","1","3","5","4","AVAILABLE","MEDIUM","PRODUCT_SPECIFIC_TEMPERATURE_LIMITED","UC Davis Produce Fact Sheet: Water Spinach","https://postharvest.ucdavis.edu/produce-facts-sheets/spinach","Postharvest Handling and Storage section for Water Spinach. Published storage temperature can differ from the schema's 0-4 C fridge profile; see handling note. Supplied source label: MARDI Postharvest Quality Manual / Department of Agriculture Malaysia (D","3-5 days","Published optimum temperature may differ from the schema FRIDGE profile (0-4 C); retain this limitation and inspect product quality.","2026-08-27 00:00:00","2026-08-27 00:00:00"
"314","4","101","2","240","300","270","AVAILABLE","LOW","CATEGORY_GENERALIZATION","National Center for Home Food Preservation, frozen-food storage guidance","https://nchfp.uga.edu/how/freeze/freeze-general-information/how-long-can-i-store-frozen-foods/","General frozen fruits and vegetables guidance: 8-12 months at 0 F (-18 C); freezing duration is quality guidance and typically assumes appropriate preparation/blanching. Supplied source label: Singapore Food Agency (SFA) / USDA FoodKeeper","240-300 days","","2026-08-27 00:00:00","2026-08-27 00:00:00"
"315","4","101","3","1","2","1.5","AVAILABLE","MEDIUM","PRODUCT_SPECIFIC_TEMPERATURE_LIMITED","UC Davis Produce Fact Sheet: Water Spinach","https://postharvest.ucdavis.edu/produce-facts-sheets/spinach","Postharvest Handling and Storage section for Water Spinach. Published storage temperature can differ from the schema's 0-4 C fridge profile; see handling note. Supplied source label: MARDI Postharvest Quality Manual / DOA Malaysia","1-2 days","Published optimum temperature may differ from the schema FRIDGE profile (0-4 C); retain this limitation and inspect product quality.","2026-08-27 00:00:00","2026-08-27 00:00:00"
"316","4","102","1","5","7","6","AVAILABLE","MEDIUM","PRODUCT_SPECIFIC_TEMPERATURE_LIMITED","UC Davis Produce Fact Sheet: Bok Choy","https://postharvest.ucdavis.edu/produce-facts-sheets/bok-choy-pak-choi-pok-choi","Postharvest Handling and Storage section for Bok Choy. Published storage temperature can differ from the schema's 0-4 C fridge profile; see handling note. Supplied source label: Singapore Food Agency (SFA) Food Storage Guidelines","5-7 days","Published optimum temperature may differ from the schema FRIDGE profile (0-4 C); retain this limitation and inspect product quality.","2026-08-27 00:00:00","2026-08-27 00:00:00"
"317","4","102","2","300","365","332.5","AVAILABLE","LOW","CATEGORY_GENERALIZATION","National Center for Home Food Preservation, frozen-food storage guidance","https://nchfp.uga.edu/how/freeze/freeze-general-information/how-long-can-i-store-frozen-foods/","General frozen fruits and vegetables guidance: 8-12 months at 0 F (-18 C); freezing duration is quality guidance and typically assumes appropriate preparation/blanching. Supplied source label: USDA FoodKeeper / UC Davis Postharvest Technology Center","300-365 days","","2026-08-27 00:00:00","2026-08-27 00:00:00"
"318","4","102","3","1","2","1.5","AVAILABLE","MEDIUM","PRODUCT_SPECIFIC_TEMPERATURE_LIMITED","UC Davis Produce Fact Sheet: Bok Choy","https://postharvest.ucdavis.edu/produce-facts-sheets/bok-choy-pak-choi-pok-choi","Postharvest Handling and Storage section for Bok Choy. Published storage temperature can differ from the schema's 0-4 C fridge profile; see handling note. Supplied source label: Singapore Food Agency (SFA) / DOA Malaysia","1-2 days","Published optimum temperature may differ from the schema FRIDGE profile (0-4 C); retain this limitation and inspect product quality.","2026-08-27 00:00:00","2026-08-27 00:00:00"
"319","4","103","1","4","6","5","AVAILABLE","LOW","INSTITUTIONAL_GUIDANCE_LIMITED","Department of Agriculture Malaysia, Food Processing Technology","https://epengembangan.doa.gov.my/en/industri-asas-tani-iat/teknologi-pemprosesan-makanan/","Department of Agriculture Malaysia food processing/cold storage guidance. Exact numeric table row was not supplied with the source label. Supplied source label: Singapore Food Agency (SFA) / Department of Agriculture Malaysia (DOA)","4-6 days","","2026-08-27 00:00:00","2026-08-27 00:00:00"
"320","4","103","2","240","300","270","AVAILABLE","LOW","CATEGORY_GENERALIZATION","National Center for Home Food Preservation, frozen-food storage guidance","https://nchfp.uga.edu/how/freeze/freeze-general-information/how-long-can-i-store-frozen-foods/","General frozen fruits and vegetables guidance: 8-12 months at 0 F (-18 C); freezing duration is quality guidance and typically assumes appropriate preparation/blanching. Supplied source label: USDA FoodKeeper / UC Davis Postharvest Technology Center","240-300 days","","2026-08-27 00:00:00","2026-08-27 00:00:00"
"321","4","103","3","1","2","1.5","AVAILABLE","LOW","INSTITUTIONAL_GUIDANCE_LIMITED","Department of Agriculture Malaysia, Food Processing Technology","https://epengembangan.doa.gov.my/en/industri-asas-tani-iat/teknologi-pemprosesan-makanan/","Department of Agriculture Malaysia food processing/cold storage guidance. Exact numeric table row was not supplied with the source label. Supplied source label: Department of Agriculture Malaysia (DOA) Lepas Tuai Sayur","1-2 days","","2026-08-27 00:00:00","2026-08-27 00:00:00"
"322","4","104","1","5","7","6","AVAILABLE","LOW","INSTITUTIONAL_GUIDANCE_LIMITED","Department of Agriculture Malaysia, Food Processing Technology","https://epengembangan.doa.gov.my/en/industri-asas-tani-iat/teknologi-pemprosesan-makanan/","Department of Agriculture Malaysia food processing/cold storage guidance. Exact numeric table row was not supplied with the source label. Supplied source label: Singapore Food Agency (SFA) / DOA Malaysia","5-7 days","","2026-08-27 00:00:00","2026-08-27 00:00:00"
"323","4","104","2","300","365","332.5","AVAILABLE","LOW","CATEGORY_GENERALIZATION","National Center for Home Food Preservation, frozen-food storage guidance","https://nchfp.uga.edu/how/freeze/freeze-general-information/how-long-can-i-store-frozen-foods/","General frozen fruits and vegetables guidance: 8-12 months at 0 F (-18 C); freezing duration is quality guidance and typically assumes appropriate preparation/blanching. Supplied source label: USDA FoodKeeper / UC Davis Postharvest Technology Center","300-365 days","","2026-08-27 00:00:00","2026-08-27 00:00:00"
"324","4","104","3","1","2","1.5","AVAILABLE","LOW","INSTITUTIONAL_GUIDANCE_LIMITED","Department of Agriculture Malaysia, Food Processing Technology","https://epengembangan.doa.gov.my/en/industri-asas-tani-iat/teknologi-pemprosesan-makanan/","Department of Agriculture Malaysia food processing/cold storage guidance. Exact numeric table row was not supplied with the source label. Supplied source label: Department of Agriculture Malaysia (DOA)","1-2 days","","2026-08-27 00:00:00","2026-08-27 00:00:00"
"325","4","105","1","3","5","4","AVAILABLE","LOW","INSTITUTIONAL_GUIDANCE_LIMITED","Malaysian Agricultural Research and Development Institute (MARDI), Technology and Horticulture","https://fms.mardi.gov.my/en/penyelidikan/horticulture.html","MARDI post-harvest handling, storage and cold-chain technology page. Exact numeric table row was not supplied with the source label. Supplied source label: MARDI Research Bulletin / DOA Malaysia","3-5 days","","2026-08-27 00:00:00","2026-08-27 00:00:00"
"326","4","105","2","240","300","270","AVAILABLE","LOW","CATEGORY_GENERALIZATION","National Center for Home Food Preservation, frozen-food storage guidance","https://nchfp.uga.edu/how/freeze/freeze-general-information/how-long-can-i-store-frozen-foods/","General frozen fruits and vegetables guidance: 8-12 months at 0 F (-18 C); freezing duration is quality guidance and typically assumes appropriate preparation/blanching. Supplied source label: USDA FoodKeeper / FAO Post-harvest Compendium","240-300 days","","2026-08-27 00:00:00","2026-08-27 00:00:00"
"327","4","105","3","1","2","1.5","AVAILABLE","LOW","INSTITUTIONAL_GUIDANCE_LIMITED","Malaysian Agricultural Research and Development Institute (MARDI), Technology and Horticulture","https://fms.mardi.gov.my/en/penyelidikan/horticulture.html","MARDI post-harvest handling, storage and cold-chain technology page. Exact numeric table row was not supplied with the source label. Supplied source label: MARDI Research Bulletin / DOA Malaysia","1-2 days","","2026-08-27 00:00:00","2026-08-27 00:00:00"
"328","4","106","1","2","4","3","AVAILABLE","LOW","INSTITUTIONAL_GUIDANCE_LIMITED","Malaysian Agricultural Research and Development Institute (MARDI), Technology and Horticulture","https://fms.mardi.gov.my/en/penyelidikan/horticulture.html","MARDI post-harvest handling, storage and cold-chain technology page. Exact numeric table row was not supplied with the source label. Supplied source label: MARDI Postharvest Handling Guidelines / DOA Malaysia","2-4 days","","2026-08-27 00:00:00","2026-08-27 00:00:00"
"329","4","106","2","180","240","210","AVAILABLE","LOW","CATEGORY_GENERALIZATION","National Center for Home Food Preservation, frozen-food storage guidance","https://nchfp.uga.edu/how/freeze/freeze-general-information/how-long-can-i-store-frozen-foods/","General frozen fruits and vegetables guidance: 8-12 months at 0 F (-18 C); freezing duration is quality guidance and typically assumes appropriate preparation/blanching. Supplied source label: MARDI Food Technology Center / UMaine Extension","180-240 days","","2026-08-27 00:00:00","2026-08-27 00:00:00"
"330","4","106","3","1","1","1","AVAILABLE","LOW","INSTITUTIONAL_GUIDANCE_LIMITED","Malaysian Agricultural Research and Development Institute (MARDI), Technology and Horticulture","https://fms.mardi.gov.my/en/penyelidikan/horticulture.html","MARDI post-harvest handling, storage and cold-chain technology page. Exact numeric table row was not supplied with the source label. Supplied source label: MARDI Postharvest Handling Guidelines","1-1 days","","2026-08-27 00:00:00","2026-08-27 00:00:00"
"331","4","107","1","4","6","5","AVAILABLE","LOW","INSTITUTIONAL_GUIDANCE_LIMITED","Malaysian Agricultural Research and Development Institute (MARDI), Technology and Horticulture","https://fms.mardi.gov.my/en/penyelidikan/horticulture.html","MARDI post-harvest handling, storage and cold-chain technology page. Exact numeric table row was not supplied with the source label. Supplied source label: MARDI Postharvest Quality Manual / DOA Malaysia","4-6 days","","2026-08-27 00:00:00","2026-08-27 00:00:00"
"332","4","107","2","180","240","210","AVAILABLE","LOW","CATEGORY_GENERALIZATION","National Center for Home Food Preservation, frozen-food storage guidance","https://nchfp.uga.edu/how/freeze/freeze-general-information/how-long-can-i-store-frozen-foods/","General frozen fruits and vegetables guidance: 8-12 months at 0 F (-18 C); freezing duration is quality guidance and typically assumes appropriate preparation/blanching. Supplied source label: MARDI Food Processing Division / FAO","180-240 days","","2026-08-27 00:00:00","2026-08-27 00:00:00"
"333","4","107","3","1","2","1.5","AVAILABLE","LOW","INSTITUTIONAL_GUIDANCE_LIMITED","Malaysian Agricultural Research and Development Institute (MARDI), Technology and Horticulture","https://fms.mardi.gov.my/en/penyelidikan/horticulture.html","MARDI post-harvest handling, storage and cold-chain technology page. Exact numeric table row was not supplied with the source label. Supplied source label: MARDI Postharvest Quality Manual","1-2 days","","2026-08-27 00:00:00","2026-08-27 00:00:00"
"334","4","108","1","30","60","45","AVAILABLE","MEDIUM","PRODUCT_SPECIFIC_TEMPERATURE_LIMITED","UC Davis Produce Fact Sheet: Round Cabbage","https://postharvest.ucdavis.edu/produce-facts-sheets/cabbage","Postharvest Handling and Storage section for Round Cabbage. Published storage temperature can differ from the schema's 0-4 C fridge profile; see handling note. Supplied source label: Singapore Food Agency (SFA) / USDA FoodKeeper","30-60 days","Published optimum temperature may differ from the schema FRIDGE profile (0-4 C); retain this limitation and inspect product quality.","2026-08-27 00:00:00","2026-08-27 00:00:00"
"335","4","108","2","300","365","332.5","AVAILABLE","LOW","CATEGORY_GENERALIZATION","National Center for Home Food Preservation, frozen-food storage guidance","https://nchfp.uga.edu/how/freeze/freeze-general-information/how-long-can-i-store-frozen-foods/","General frozen fruits and vegetables guidance: 8-12 months at 0 F (-18 C); freezing duration is quality guidance and typically assumes appropriate preparation/blanching. Supplied source label: USDA FoodKeeper","300-365 days","","2026-08-27 00:00:00","2026-08-27 00:00:00"
"336","4","108","3","7","14","10.5","AVAILABLE","MEDIUM","PRODUCT_SPECIFIC_TEMPERATURE_LIMITED","UC Davis Produce Fact Sheet: Round Cabbage","https://postharvest.ucdavis.edu/produce-facts-sheets/cabbage","Postharvest Handling and Storage section for Round Cabbage. Published storage temperature can differ from the schema's 0-4 C fridge profile; see handling note. Supplied source label: DOA Malaysia / SFA Food Storage Guidelines","7-14 days","Published optimum temperature may differ from the schema FRIDGE profile (0-4 C); retain this limitation and inspect product quality.","2026-08-27 00:00:00","2026-08-27 00:00:00"
"337","4","109","1","14","21","17.5","AVAILABLE","MEDIUM","PRODUCT_SPECIFIC_TEMPERATURE_LIMITED","UC Davis Produce Fact Sheet: Napa Cabbage","https://postharvest.ucdavis.edu/produce-facts-sheets/napa-cabbage-wombok","Postharvest Handling and Storage section for Napa Cabbage. Published storage temperature can differ from the schema's 0-4 C fridge profile; see handling note. Supplied source label: Singapore Food Agency (SFA) / USDA FoodKeeper","14-21 days","Published optimum temperature may differ from the schema FRIDGE profile (0-4 C); retain this limitation and inspect product quality.","2026-08-27 00:00:00","2026-08-27 00:00:00"
"338","4","109","2","300","365","332.5","AVAILABLE","LOW","CATEGORY_GENERALIZATION","National Center for Home Food Preservation, frozen-food storage guidance","https://nchfp.uga.edu/how/freeze/freeze-general-information/how-long-can-i-store-frozen-foods/","General frozen fruits and vegetables guidance: 8-12 months at 0 F (-18 C); freezing duration is quality guidance and typically assumes appropriate preparation/blanching. Supplied source label: USDA FoodKeeper","300-365 days","","2026-08-27 00:00:00","2026-08-27 00:00:00"
"339","4","109","3","3","5","4","AVAILABLE","MEDIUM","PRODUCT_SPECIFIC_TEMPERATURE_LIMITED","UC Davis Produce Fact Sheet: Napa Cabbage","https://postharvest.ucdavis.edu/produce-facts-sheets/napa-cabbage-wombok","Postharvest Handling and Storage section for Napa Cabbage. Published storage temperature can differ from the schema's 0-4 C fridge profile; see handling note. Supplied source label: SFA Food Storage Guidelines / UC Davis Postharvest","3-5 days","Published optimum temperature may differ from the schema FRIDGE profile (0-4 C); retain this limitation and inspect product quality.","2026-08-27 00:00:00","2026-08-27 00:00:00"
"340","4","110","1","3","5","4","AVAILABLE","LOW","INSTITUTIONAL_GUIDANCE_LIMITED","Singapore Food Agency Food Safety Tips","https://www.sfa.gov.sg/food-safety-tips/safe-food-practices/food-safety-tips","Storing food at safe temperatures and raw food handling. Exact numeric table row was not supplied with the source label. Supplied source label: Singapore Food Agency (SFA) / UC Davis Postharvest","3-5 days","","2026-08-27 00:00:00","2026-08-27 00:00:00"
"341","4","110","2","180","240","210","AVAILABLE","LOW","CATEGORY_GENERALIZATION","National Center for Home Food Preservation, frozen-food storage guidance","https://nchfp.uga.edu/how/freeze/freeze-general-information/how-long-can-i-store-frozen-foods/","General frozen fruits and vegetables guidance: 8-12 months at 0 F (-18 C); freezing duration is quality guidance and typically assumes appropriate preparation/blanching. Supplied source label: USDA FoodKeeper","180-240 days","","2026-08-27 00:00:00","2026-08-27 00:00:00"
"342","4","110","3","1","2","1.5","AVAILABLE","LOW","INSTITUTIONAL_GUIDANCE_LIMITED","Singapore Food Agency Food Safety Tips","https://www.sfa.gov.sg/food-safety-tips/safe-food-practices/food-safety-tips","Storing food at safe temperatures and raw food handling. Exact numeric table row was not supplied with the source label. Supplied source label: SFA Food Storage Guidelines","1-2 days","","2026-08-27 00:00:00","2026-08-27 00:00:00"
"343","4","111","1","3","5","4","AVAILABLE","LOW","INSTITUTIONAL_GUIDANCE_LIMITED","Malaysian Agricultural Research and Development Institute (MARDI), Technology and Horticulture","https://fms.mardi.gov.my/en/penyelidikan/horticulture.html","MARDI post-harvest handling, storage and cold-chain technology page. Exact numeric table row was not supplied with the source label. Supplied source label: MARDI Postharvest Division / DOA Malaysia","3-5 days","","2026-08-27 00:00:00","2026-08-27 00:00:00"
"344","4","111","2","240","300","270","AVAILABLE","LOW","CATEGORY_GENERALIZATION","National Center for Home Food Preservation, frozen-food storage guidance","https://nchfp.uga.edu/how/freeze/freeze-general-information/how-long-can-i-store-frozen-foods/","General frozen fruits and vegetables guidance: 8-12 months at 0 F (-18 C); freezing duration is quality guidance and typically assumes appropriate preparation/blanching. Supplied source label: AVRDC - World Vegetable Center / USDA FoodKeeper","240-300 days","","2026-08-27 00:00:00","2026-08-27 00:00:00"
"345","4","111","3","1","2","1.5","AVAILABLE","LOW","INSTITUTIONAL_GUIDANCE_LIMITED","Department of Agriculture Malaysia, Food Processing Technology","https://epengembangan.doa.gov.my/en/industri-asas-tani-iat/teknologi-pemprosesan-makanan/","Department of Agriculture Malaysia food processing/cold storage guidance. Exact numeric table row was not supplied with the source label. Supplied source label: DOA Malaysia Panduan Lepas Tuai","1-2 days","","2026-08-27 00:00:00","2026-08-27 00:00:00"
"346","4","112","1","3","5","4","AVAILABLE","LOW","INSTITUTIONAL_GUIDANCE_LIMITED","Malaysian Agricultural Research and Development Institute (MARDI), Technology and Horticulture","https://fms.mardi.gov.my/en/penyelidikan/horticulture.html","MARDI post-harvest handling, storage and cold-chain technology page. Exact numeric table row was not supplied with the source label. Supplied source label: MARDI Postharvest Research / DOA Malaysia","3-5 days","","2026-08-27 00:00:00","2026-08-27 00:00:00"
"347","4","112","2","240","300","270","AVAILABLE","LOW","CATEGORY_GENERALIZATION","National Center for Home Food Preservation, frozen-food storage guidance","https://nchfp.uga.edu/how/freeze/freeze-general-information/how-long-can-i-store-frozen-foods/","General frozen fruits and vegetables guidance: 8-12 months at 0 F (-18 C); freezing duration is quality guidance and typically assumes appropriate preparation/blanching. Supplied source label: AVRDC - World Vegetable Center","240-300 days","","2026-08-27 00:00:00","2026-08-27 00:00:00"
"348","4","112","3","1","2","1.5","AVAILABLE","LOW","INSTITUTIONAL_GUIDANCE_LIMITED","Department of Agriculture Malaysia, Food Processing Technology","https://epengembangan.doa.gov.my/en/industri-asas-tani-iat/teknologi-pemprosesan-makanan/","Department of Agriculture Malaysia food processing/cold storage guidance. Exact numeric table row was not supplied with the source label. Supplied source label: DOA Malaysia Panduan Lepas Tuai","1-2 days","","2026-08-27 00:00:00","2026-08-27 00:00:00"
"349","4","113","1","7","10","8.5","AVAILABLE","MEDIUM","PRODUCT_SPECIFIC_TEMPERATURE_LIMITED","UC Davis Produce Fact Sheet: Iceberg Lettuce","https://postharvest.ucdavis.edu/produce-facts-sheets/lettuce-crisphead-iceberg","Postharvest Handling and Storage section for Iceberg Lettuce. Published storage temperature can differ from the schema's 0-4 C fridge profile; see handling note. Supplied source label: Singapore Food Agency (SFA) / USDA FoodKeeper","7-10 days","Published optimum temperature may differ from the schema FRIDGE profile (0-4 C); retain this limitation and inspect product quality.","2026-08-27 00:00:00","2026-08-27 00:00:00"
"350","4","113","2","0","0","","NOT_RECOMMENDED","MEDIUM","PRODUCT_GROUP_TABLE","USDA FSIS FoodKeeper Data","https://catalog.data.gov/dataset/fsis-foodkeeper-data","FoodKeeper Data English distribution; product/freezer entry (where supplied data says freezing is not recommended). Supplied source label: Singapore Food Agency (SFA) - Freezing Not Recommended","0 days; supplied source labels this storage condition Not Recommended.","Display a warning; do not calculate an endorsed expiry date for this storage condition.","2026-08-27 00:00:00","2026-08-27 00:00:00"
"351","4","113","3","1","2","1.5","AVAILABLE","MEDIUM","PRODUCT_SPECIFIC_TEMPERATURE_LIMITED","UC Davis Produce Fact Sheet: Iceberg Lettuce","https://postharvest.ucdavis.edu/produce-facts-sheets/lettuce-crisphead-iceberg","Postharvest Handling and Storage section for Iceberg Lettuce. Published storage temperature can differ from the schema's 0-4 C fridge profile; see handling note. Supplied source label: SFA Food Storage Guidelines","1-2 days","Published optimum temperature may differ from the schema FRIDGE profile (0-4 C); retain this limitation and inspect product quality.","2026-08-27 00:00:00","2026-08-27 00:00:00"
"352","4","114","1","7","14","10.5","AVAILABLE","LOW","INSTITUTIONAL_GUIDANCE_LIMITED","Malaysian Agricultural Research and Development Institute (MARDI), Technology and Horticulture","https://fms.mardi.gov.my/en/penyelidikan/horticulture.html","MARDI post-harvest handling, storage and cold-chain technology page. Exact numeric table row was not supplied with the source label. Supplied source label: MARDI Postharvest Handling / DOA Malaysia","7-14 days","","2026-08-27 00:00:00","2026-08-27 00:00:00"
"353","4","114","2","240","300","270","AVAILABLE","LOW","CATEGORY_GENERALIZATION","National Center for Home Food Preservation, frozen-food storage guidance","https://nchfp.uga.edu/how/freeze/freeze-general-information/how-long-can-i-store-frozen-foods/","General frozen fruits and vegetables guidance: 8-12 months at 0 F (-18 C); freezing duration is quality guidance and typically assumes appropriate preparation/blanching. Supplied source label: USDA FoodKeeper / UC Davis Postharvest Technology Center","240-300 days","","2026-08-27 00:00:00","2026-08-27 00:00:00"
"354","4","114","3","3","5","4","AVAILABLE","LOW","INSTITUTIONAL_GUIDANCE_LIMITED","Malaysian Agricultural Research and Development Institute (MARDI), Technology and Horticulture","https://fms.mardi.gov.my/en/penyelidikan/horticulture.html","MARDI post-harvest handling, storage and cold-chain technology page. Exact numeric table row was not supplied with the source label. Supplied source label: MARDI Postharvest Handling / DOA Malaysia","3-5 days","","2026-08-27 00:00:00","2026-08-27 00:00:00"
"355","4","115","1","5","7","6","AVAILABLE","LOW","INSTITUTIONAL_GUIDANCE_LIMITED","Malaysian Agricultural Research and Development Institute (MARDI), Technology and Horticulture","https://fms.mardi.gov.my/en/penyelidikan/horticulture.html","MARDI post-harvest handling, storage and cold-chain technology page. Exact numeric table row was not supplied with the source label. Supplied source label: MARDI Postharvest Guidelines / DOA Malaysia","5-7 days","","2026-08-27 00:00:00","2026-08-27 00:00:00"
"356","4","115","2","180","240","210","AVAILABLE","LOW","CATEGORY_GENERALIZATION","National Center for Home Food Preservation, frozen-food storage guidance","https://nchfp.uga.edu/how/freeze/freeze-general-information/how-long-can-i-store-frozen-foods/","General frozen fruits and vegetables guidance: 8-12 months at 0 F (-18 C); freezing duration is quality guidance and typically assumes appropriate preparation/blanching. Supplied source label: FAO Post-harvest Operations / MARDI","180-240 days","","2026-08-27 00:00:00","2026-08-27 00:00:00"
"357","4","115","3","2","4","3","AVAILABLE","LOW","INSTITUTIONAL_GUIDANCE_LIMITED","Department of Agriculture Malaysia, Food Processing Technology","https://epengembangan.doa.gov.my/en/industri-asas-tani-iat/teknologi-pemprosesan-makanan/","Department of Agriculture Malaysia food processing/cold storage guidance. Exact numeric table row was not supplied with the source label. Supplied source label: DOA Malaysia / SFA Food Storage","2-4 days","","2026-08-27 00:00:00","2026-08-27 00:00:00"
"358","4","116","1","7","14","10.5","AVAILABLE","LOW","INSTITUTIONAL_GUIDANCE_LIMITED","Department of Agriculture Malaysia, Food Processing Technology","https://epengembangan.doa.gov.my/en/industri-asas-tani-iat/teknologi-pemprosesan-makanan/","Department of Agriculture Malaysia food processing/cold storage guidance. Exact numeric table row was not supplied with the source label. Supplied source label: Singapore Food Agency (SFA) / DOA Malaysia","7-14 days","","2026-08-27 00:00:00","2026-08-27 00:00:00"
"359","4","116","2","240","300","270","AVAILABLE","LOW","CATEGORY_GENERALIZATION","National Center for Home Food Preservation, frozen-food storage guidance","https://nchfp.uga.edu/how/freeze/freeze-general-information/how-long-can-i-store-frozen-foods/","General frozen fruits and vegetables guidance: 8-12 months at 0 F (-18 C); freezing duration is quality guidance and typically assumes appropriate preparation/blanching. Supplied source label: UC Davis Postharvest Technology Center","240-300 days","","2026-08-27 00:00:00","2026-08-27 00:00:00"
"360","4","116","3","30","90","60","AVAILABLE","LOW","INSTITUTIONAL_GUIDANCE_LIMITED","Department of Agriculture Malaysia, Food Processing Technology","https://epengembangan.doa.gov.my/en/industri-asas-tani-iat/teknologi-pemprosesan-makanan/","Department of Agriculture Malaysia food processing/cold storage guidance. Exact numeric table row was not supplied with the source label. Supplied source label: DOA Malaysia / UC Davis Postharvest Technology Center","30-90 days","","2026-08-27 00:00:00","2026-08-27 00:00:00"
"361","4","117","1","7","10","8.5","AVAILABLE","LOW","INSTITUTIONAL_GUIDANCE_LIMITED","Malaysian Agricultural Research and Development Institute (MARDI), Technology and Horticulture","https://fms.mardi.gov.my/en/penyelidikan/horticulture.html","MARDI post-harvest handling, storage and cold-chain technology page. Exact numeric table row was not supplied with the source label. Supplied source label: MARDI Postharvest Division / DOA Malaysia","7-10 days","","2026-08-27 00:00:00","2026-08-27 00:00:00"
"362","4","117","2","180","240","210","AVAILABLE","LOW","CATEGORY_GENERALIZATION","National Center for Home Food Preservation, frozen-food storage guidance","https://nchfp.uga.edu/how/freeze/freeze-general-information/how-long-can-i-store-frozen-foods/","General frozen fruits and vegetables guidance: 8-12 months at 0 F (-18 C); freezing duration is quality guidance and typically assumes appropriate preparation/blanching. Supplied source label: FAO Postharvest Operations","180-240 days","","2026-08-27 00:00:00","2026-08-27 00:00:00"
"363","4","117","3","3","5","4","AVAILABLE","LOW","INSTITUTIONAL_GUIDANCE_LIMITED","Department of Agriculture Malaysia, Food Processing Technology","https://epengembangan.doa.gov.my/en/industri-asas-tani-iat/teknologi-pemprosesan-makanan/","Department of Agriculture Malaysia food processing/cold storage guidance. Exact numeric table row was not supplied with the source label. Supplied source label: DOA Malaysia / FAO","3-5 days","","2026-08-27 00:00:00","2026-08-27 00:00:00"
"364","4","118","1","5","7","6","AVAILABLE","LOW","INSTITUTIONAL_GUIDANCE_LIMITED","Malaysian Agricultural Research and Development Institute (MARDI), Technology and Horticulture","https://fms.mardi.gov.my/en/penyelidikan/horticulture.html","MARDI post-harvest handling, storage and cold-chain technology page. Exact numeric table row was not supplied with the source label. Supplied source label: MARDI Postharvest Handling / DOA Malaysia","5-7 days","","2026-08-27 00:00:00","2026-08-27 00:00:00"
"365","4","118","2","180","240","210","AVAILABLE","LOW","CATEGORY_GENERALIZATION","National Center for Home Food Preservation, frozen-food storage guidance","https://nchfp.uga.edu/how/freeze/freeze-general-information/how-long-can-i-store-frozen-foods/","General frozen fruits and vegetables guidance: 8-12 months at 0 F (-18 C); freezing duration is quality guidance and typically assumes appropriate preparation/blanching. Supplied source label: AVRDC - World Vegetable Center / FAO","180-240 days","","2026-08-27 00:00:00","2026-08-27 00:00:00"
"366","4","118","3","2","4","3","AVAILABLE","LOW","INSTITUTIONAL_GUIDANCE_LIMITED","Department of Agriculture Malaysia, Food Processing Technology","https://epengembangan.doa.gov.my/en/industri-asas-tani-iat/teknologi-pemprosesan-makanan/","Department of Agriculture Malaysia food processing/cold storage guidance. Exact numeric table row was not supplied with the source label. Supplied source label: DOA Malaysia Lepas Tuai Sayuran","2-4 days","","2026-08-27 00:00:00","2026-08-27 00:00:00"
"367","4","119","1","21","28","24.5","AVAILABLE","LOW","INSTITUTIONAL_GUIDANCE_LIMITED","Singapore Food Agency Food Safety Tips","https://www.sfa.gov.sg/food-safety-tips/safe-food-practices/food-safety-tips","Storing food at safe temperatures and raw food handling. Exact numeric table row was not supplied with the source label. Supplied source label: UC Davis Postharvest Technology Center / SFA","21-28 days","","2026-08-27 00:00:00","2026-08-27 00:00:00"
"368","4","119","2","240","300","270","AVAILABLE","LOW","CATEGORY_GENERALIZATION","National Center for Home Food Preservation, frozen-food storage guidance","https://nchfp.uga.edu/how/freeze/freeze-general-information/how-long-can-i-store-frozen-foods/","General frozen fruits and vegetables guidance: 8-12 months at 0 F (-18 C); freezing duration is quality guidance and typically assumes appropriate preparation/blanching. Supplied source label: USDA FoodKeeper","240-300 days","","2026-08-27 00:00:00","2026-08-27 00:00:00"
"369","4","119","3","7","14","10.5","AVAILABLE","LOW","INSTITUTIONAL_GUIDANCE_LIMITED","Singapore Food Agency Food Safety Tips","https://www.sfa.gov.sg/food-safety-tips/safe-food-practices/food-safety-tips","Storing food at safe temperatures and raw food handling. Exact numeric table row was not supplied with the source label. Supplied source label: Singapore Food Agency (SFA) / UC Davis Postharvest","7-14 days","","2026-08-27 00:00:00","2026-08-27 00:00:00"
"370","4","120","1","7","10","8.5","AVAILABLE","MEDIUM","PRODUCT_SPECIFIC_TEMPERATURE_LIMITED","UC Davis Produce Fact Sheet: Cucumber","https://postharvest.ucdavis.edu/produce-facts-sheets/cucumber","Postharvest Handling and Storage section for Cucumber. Published storage temperature can differ from the schema's 0-4 C fridge profile; see handling note. Supplied source label: Singapore Food Agency (SFA) / UC Davis Postharvest","7-10 days","Published optimum temperature may differ from the schema FRIDGE profile (0-4 C); retain this limitation and inspect product quality.","2026-08-27 00:00:00","2026-08-27 00:00:00"
"371","4","120","2","0","0","","NOT_RECOMMENDED","MEDIUM","PRODUCT_GROUP_TABLE","USDA FSIS FoodKeeper Data","https://catalog.data.gov/dataset/fsis-foodkeeper-data","FoodKeeper Data English distribution; product/freezer entry (where supplied data says freezing is not recommended). Supplied source label: Singapore Food Agency (SFA) - Freezing Not Recommended","0 days; supplied source labels this storage condition Not Recommended.","Display a warning; do not calculate an endorsed expiry date for this storage condition.","2026-08-27 00:00:00","2026-08-27 00:00:00"
"372","4","120","3","2","4","3","AVAILABLE","MEDIUM","PRODUCT_SPECIFIC_TEMPERATURE_LIMITED","UC Davis Produce Fact Sheet: Cucumber","https://postharvest.ucdavis.edu/produce-facts-sheets/cucumber","Postharvest Handling and Storage section for Cucumber. Published storage temperature can differ from the schema's 0-4 C fridge profile; see handling note. Supplied source label: SFA Food Storage Guidelines / DOA Malaysia","2-4 days","Published optimum temperature may differ from the schema FRIDGE profile (0-4 C); retain this limitation and inspect product quality.","2026-08-27 00:00:00","2026-08-27 00:00:00"
"373","4","121","1","14","28","21","AVAILABLE","MEDIUM","PRODUCT_SPECIFIC_TEMPERATURE_LIMITED","UC Davis Produce Fact Sheet: Pumpkin","https://postharvest.ucdavis.edu/produce-facts-sheets/pumpkin-winter-squash","Postharvest Handling and Storage section for Pumpkin. Published storage temperature can differ from the schema's 0-4 C fridge profile; see handling note. Supplied source label: Singapore Food Agency (SFA) / USDA FoodKeeper","14-28 days","Published optimum temperature may differ from the schema FRIDGE profile (0-4 C); retain this limitation and inspect product quality.","2026-08-27 00:00:00","2026-08-27 00:00:00"
"374","4","121","2","300","365","332.5","AVAILABLE","LOW","CATEGORY_GENERALIZATION","National Center for Home Food Preservation, frozen-food storage guidance","https://nchfp.uga.edu/how/freeze/freeze-general-information/how-long-can-i-store-frozen-foods/","General frozen fruits and vegetables guidance: 8-12 months at 0 F (-18 C); freezing duration is quality guidance and typically assumes appropriate preparation/blanching. Supplied source label: USDA FoodKeeper","300-365 days","","2026-08-27 00:00:00","2026-08-27 00:00:00"
"375","4","121","3","30","90","60","AVAILABLE","MEDIUM","PRODUCT_SPECIFIC_TEMPERATURE_LIMITED","UC Davis Produce Fact Sheet: Pumpkin","https://postharvest.ucdavis.edu/produce-facts-sheets/pumpkin-winter-squash","Postharvest Handling and Storage section for Pumpkin. Published storage temperature can differ from the schema's 0-4 C fridge profile; see handling note. Supplied source label: MARDI Postharvest Handling / SFA","30-90 days","Published optimum temperature may differ from the schema FRIDGE profile (0-4 C); retain this limitation and inspect product quality.","2026-08-27 00:00:00","2026-08-27 00:00:00"
"376","4","122","1","5","7","6","AVAILABLE","LOW","INSTITUTIONAL_GUIDANCE_LIMITED","Malaysian Agricultural Research and Development Institute (MARDI), Technology and Horticulture","https://fms.mardi.gov.my/en/penyelidikan/horticulture.html","MARDI post-harvest handling, storage and cold-chain technology page. Exact numeric table row was not supplied with the source label. Supplied source label: MARDI Postharvest Quality Manual / DOA Malaysia","5-7 days","","2026-08-27 00:00:00","2026-08-27 00:00:00"
"377","4","122","2","240","300","270","AVAILABLE","LOW","CATEGORY_GENERALIZATION","National Center for Home Food Preservation, frozen-food storage guidance","https://nchfp.uga.edu/how/freeze/freeze-general-information/how-long-can-i-store-frozen-foods/","General frozen fruits and vegetables guidance: 8-12 months at 0 F (-18 C); freezing duration is quality guidance and typically assumes appropriate preparation/blanching. Supplied source label: USDA FoodKeeper / AVRDC","240-300 days","","2026-08-27 00:00:00","2026-08-27 00:00:00"
"378","4","122","3","2","3","2.5","AVAILABLE","LOW","INSTITUTIONAL_GUIDANCE_LIMITED","Malaysian Agricultural Research and Development Institute (MARDI), Technology and Horticulture","https://fms.mardi.gov.my/en/penyelidikan/horticulture.html","MARDI post-harvest handling, storage and cold-chain technology page. Exact numeric table row was not supplied with the source label. Supplied source label: MARDI Postharvest Quality Manual / DOA Malaysia","2-3 days","","2026-08-27 00:00:00","2026-08-27 00:00:00"
"379","4","123","1","5","7","6","AVAILABLE","MEDIUM","PRODUCT_SPECIFIC_TEMPERATURE_LIMITED","UC Davis Produce Fact Sheet: French Beans","https://postharvest.ucdavis.edu/produce-facts-sheets/green-beans","Postharvest Handling and Storage section for French Beans. Published storage temperature can differ from the schema's 0-4 C fridge profile; see handling note. Supplied source label: Singapore Food Agency (SFA) / USDA FoodKeeper","5-7 days","Published optimum temperature may differ from the schema FRIDGE profile (0-4 C); retain this limitation and inspect product quality.","2026-08-27 00:00:00","2026-08-27 00:00:00"
"380","4","123","2","300","365","332.5","AVAILABLE","LOW","CATEGORY_GENERALIZATION","National Center for Home Food Preservation, frozen-food storage guidance","https://nchfp.uga.edu/how/freeze/freeze-general-information/how-long-can-i-store-frozen-foods/","General frozen fruits and vegetables guidance: 8-12 months at 0 F (-18 C); freezing duration is quality guidance and typically assumes appropriate preparation/blanching. Supplied source label: USDA FoodKeeper","300-365 days","","2026-08-27 00:00:00","2026-08-27 00:00:00"
"381","4","123","3","2","3","2.5","AVAILABLE","MEDIUM","PRODUCT_SPECIFIC_TEMPERATURE_LIMITED","UC Davis Produce Fact Sheet: French Beans","https://postharvest.ucdavis.edu/produce-facts-sheets/green-beans","Postharvest Handling and Storage section for French Beans. Published storage temperature can differ from the schema's 0-4 C fridge profile; see handling note. Supplied source label: Singapore Food Agency (SFA)","2-3 days","Published optimum temperature may differ from the schema FRIDGE profile (0-4 C); retain this limitation and inspect product quality.","2026-08-27 00:00:00","2026-08-27 00:00:00"
"382","4","124","1","4","6","5","AVAILABLE","LOW","INSTITUTIONAL_GUIDANCE_LIMITED","Malaysian Agricultural Research and Development Institute (MARDI), Technology and Horticulture","https://fms.mardi.gov.my/en/penyelidikan/horticulture.html","MARDI post-harvest handling, storage and cold-chain technology page. Exact numeric table row was not supplied with the source label. Supplied source label: MARDI Post-harvest Handling Guidelines / DOA Malaysia","4-6 days","","2026-08-27 00:00:00","2026-08-27 00:00:00"
"383","4","124","2","240","300","270","AVAILABLE","LOW","CATEGORY_GENERALIZATION","National Center for Home Food Preservation, frozen-food storage guidance","https://nchfp.uga.edu/how/freeze/freeze-general-information/how-long-can-i-store-frozen-foods/","General frozen fruits and vegetables guidance: 8-12 months at 0 F (-18 C); freezing duration is quality guidance and typically assumes appropriate preparation/blanching. Supplied source label: MARDI Research Bulletin / AVRDC","240-300 days","","2026-08-27 00:00:00","2026-08-27 00:00:00"
"384","4","124","3","2","3","2.5","AVAILABLE","LOW","INSTITUTIONAL_GUIDANCE_LIMITED","Malaysian Agricultural Research and Development Institute (MARDI), Technology and Horticulture","https://fms.mardi.gov.my/en/penyelidikan/horticulture.html","MARDI post-harvest handling, storage and cold-chain technology page. Exact numeric table row was not supplied with the source label. Supplied source label: MARDI Post-harvest Handling Guidelines","2-3 days","","2026-08-27 00:00:00","2026-08-27 00:00:00"
"385","4","125","1","5","7","6","AVAILABLE","MEDIUM","PRODUCT_SPECIFIC_TEMPERATURE_LIMITED","UC Davis Produce Fact Sheet: Okra","https://postharvest.ucdavis.edu/produce-facts-sheets/okra","Postharvest Handling and Storage section for Okra. Published storage temperature can differ from the schema's 0-4 C fridge profile; see handling note. Supplied source label: MARDI Postharvest Handling / DOA Malaysia","5-7 days","Published optimum temperature may differ from the schema FRIDGE profile (0-4 C); retain this limitation and inspect product quality.","2026-08-27 00:00:00","2026-08-27 00:00:00"
"386","4","125","2","300","365","332.5","AVAILABLE","LOW","CATEGORY_GENERALIZATION","National Center for Home Food Preservation, frozen-food storage guidance","https://nchfp.uga.edu/how/freeze/freeze-general-information/how-long-can-i-store-frozen-foods/","General frozen fruits and vegetables guidance: 8-12 months at 0 F (-18 C); freezing duration is quality guidance and typically assumes appropriate preparation/blanching. Supplied source label: USDA FoodKeeper / UC Davis Postharvest","300-365 days","","2026-08-27 00:00:00","2026-08-27 00:00:00"
"387","4","125","3","2","3","2.5","AVAILABLE","MEDIUM","PRODUCT_SPECIFIC_TEMPERATURE_LIMITED","UC Davis Produce Fact Sheet: Okra","https://postharvest.ucdavis.edu/produce-facts-sheets/okra","Postharvest Handling and Storage section for Okra. Published storage temperature can differ from the schema's 0-4 C fridge profile; see handling note. Supplied source label: MARDI Postharvest Handling / DOA Malaysia","2-3 days","Published optimum temperature may differ from the schema FRIDGE profile (0-4 C); retain this limitation and inspect product quality.","2026-08-27 00:00:00","2026-08-27 00:00:00"
"388","4","126","1","7","14","10.5","AVAILABLE","LOW","INSTITUTIONAL_GUIDANCE_LIMITED","Malaysian Agricultural Research and Development Institute (MARDI), Technology and Horticulture","https://fms.mardi.gov.my/en/penyelidikan/horticulture.html","MARDI post-harvest handling, storage and cold-chain technology page. Exact numeric table row was not supplied with the source label. Supplied source label: MARDI Food Technology Research Centre","7-14 days","","2026-08-27 00:00:00","2026-08-27 00:00:00"
"389","4","126","2","300","365","332.5","AVAILABLE","LOW","CATEGORY_GENERALIZATION","National Center for Home Food Preservation, frozen-food storage guidance","https://nchfp.uga.edu/how/freeze/freeze-general-information/how-long-can-i-store-frozen-foods/","General frozen fruits and vegetables guidance: 8-12 months at 0 F (-18 C); freezing duration is quality guidance and typically assumes appropriate preparation/blanching. Supplied source label: MARDI Food Technology Research Centre","300-365 days","","2026-08-27 00:00:00","2026-08-27 00:00:00"
"390","4","126","3","3","5","4","AVAILABLE","LOW","INSTITUTIONAL_GUIDANCE_LIMITED","Malaysian Agricultural Research and Development Institute (MARDI), Technology and Horticulture","https://fms.mardi.gov.my/en/penyelidikan/horticulture.html","MARDI post-harvest handling, storage and cold-chain technology page. Exact numeric table row was not supplied with the source label. Supplied source label: MARDI Research Bulletin / DOA Malaysia","3-5 days","","2026-08-27 00:00:00","2026-08-27 00:00:00"
"391","4","127","1","3","5","4","AVAILABLE","MEDIUM","PRODUCT_SPECIFIC_TEMPERATURE_LIMITED","UC Davis Produce Fact Sheet: Mung Bean Sprouts","https://postharvest.ucdavis.edu/produce-facts-sheets/sprouts","Postharvest Handling and Storage section for Mung Bean Sprouts. Published storage temperature can differ from the schema's 0-4 C fridge profile; see handling note. Supplied source label: Singapore Food Agency (SFA) / US FDA Guidelines","3-5 days","Published optimum temperature may differ from the schema FRIDGE profile (0-4 C); retain this limitation and inspect product quality.","2026-08-27 00:00:00","2026-08-27 00:00:00"
"392","4","127","2","0","0","","NOT_RECOMMENDED","MEDIUM","PRODUCT_GROUP_TABLE","USDA FSIS FoodKeeper Data","https://catalog.data.gov/dataset/fsis-foodkeeper-data","FoodKeeper Data English distribution; product/freezer entry (where supplied data says freezing is not recommended). Supplied source label: Singapore Food Agency (SFA) - Freezing Not Recommended","0 days; supplied source labels this storage condition Not Recommended.","Display a warning; do not calculate an endorsed expiry date for this storage condition.","2026-08-27 00:00:00","2026-08-27 00:00:00"
"393","4","127","3","1","1","1","AVAILABLE","MEDIUM","PRODUCT_SPECIFIC_TEMPERATURE_LIMITED","UC Davis Produce Fact Sheet: Mung Bean Sprouts","https://postharvest.ucdavis.edu/produce-facts-sheets/sprouts","Postharvest Handling and Storage section for Mung Bean Sprouts. Published storage temperature can differ from the schema's 0-4 C fridge profile; see handling note. Supplied source label: Singapore Food Agency (SFA) Food Safety Guidelines","1-1 days","Published optimum temperature may differ from the schema FRIDGE profile (0-4 C); retain this limitation and inspect product quality.","2026-08-27 00:00:00","2026-08-27 00:00:00"
"394","4","128","1","3","5","4","AVAILABLE","MEDIUM","PRODUCT_SPECIFIC_TEMPERATURE_LIMITED","UC Davis Produce Fact Sheet: Soybean Sprouts","https://postharvest.ucdavis.edu/produce-facts-sheets/sprouts","Postharvest Handling and Storage section for Soybean Sprouts. Published storage temperature can differ from the schema's 0-4 C fridge profile; see handling note. Supplied source label: Singapore Food Agency (SFA) / US FDA Guidelines","3-5 days","Published optimum temperature may differ from the schema FRIDGE profile (0-4 C); retain this limitation and inspect product quality.","2026-08-27 00:00:00","2026-08-27 00:00:00"
"395","4","128","2","0","0","","NOT_RECOMMENDED","MEDIUM","PRODUCT_GROUP_TABLE","USDA FSIS FoodKeeper Data","https://catalog.data.gov/dataset/fsis-foodkeeper-data","FoodKeeper Data English distribution; product/freezer entry (where supplied data says freezing is not recommended). Supplied source label: Singapore Food Agency (SFA) - Freezing Not Recommended","0 days; supplied source labels this storage condition Not Recommended.","Display a warning; do not calculate an endorsed expiry date for this storage condition.","2026-08-27 00:00:00","2026-08-27 00:00:00"
"396","4","128","3","1","1","1","AVAILABLE","MEDIUM","PRODUCT_SPECIFIC_TEMPERATURE_LIMITED","UC Davis Produce Fact Sheet: Soybean Sprouts","https://postharvest.ucdavis.edu/produce-facts-sheets/sprouts","Postharvest Handling and Storage section for Soybean Sprouts. Published storage temperature can differ from the schema's 0-4 C fridge profile; see handling note. Supplied source label: Singapore Food Agency (SFA) Food Safety Guidelines","1-1 days","Published optimum temperature may differ from the schema FRIDGE profile (0-4 C); retain this limitation and inspect product quality.","2026-08-27 00:00:00","2026-08-27 00:00:00"
"397","4","129","1","5","7","6","AVAILABLE","MEDIUM","PRODUCT_SPECIFIC_TEMPERATURE_LIMITED","UC Davis Produce Fact Sheet: Baby Corn","https://postharvest.ucdavis.edu/produce-facts-sheets/corn-sweet","Postharvest Handling and Storage section for Baby Corn. Published storage temperature can differ from the schema's 0-4 C fridge profile; see handling note. Supplied source label: Singapore Food Agency (SFA) / USDA FoodKeeper","5-7 days","Published optimum temperature may differ from the schema FRIDGE profile (0-4 C); retain this limitation and inspect product quality.","2026-08-27 00:00:00","2026-08-27 00:00:00"
"398","4","129","2","300","365","332.5","AVAILABLE","LOW","CATEGORY_GENERALIZATION","National Center for Home Food Preservation, frozen-food storage guidance","https://nchfp.uga.edu/how/freeze/freeze-general-information/how-long-can-i-store-frozen-foods/","General frozen fruits and vegetables guidance: 8-12 months at 0 F (-18 C); freezing duration is quality guidance and typically assumes appropriate preparation/blanching. Supplied source label: USDA FoodKeeper / FAO Post-harvest","300-365 days","","2026-08-27 00:00:00","2026-08-27 00:00:00"
"399","4","129","3","2","3","2.5","AVAILABLE","MEDIUM","PRODUCT_SPECIFIC_TEMPERATURE_LIMITED","UC Davis Produce Fact Sheet: Baby Corn","https://postharvest.ucdavis.edu/produce-facts-sheets/corn-sweet","Postharvest Handling and Storage section for Baby Corn. Published storage temperature can differ from the schema's 0-4 C fridge profile; see handling note. Supplied source label: Singapore Food Agency (SFA)","2-3 days","Published optimum temperature may differ from the schema FRIDGE profile (0-4 C); retain this limitation and inspect product quality.","2026-08-27 00:00:00","2026-08-27 00:00:00"
"400","4","130","1","14","21","17.5","AVAILABLE","MEDIUM","PRODUCT_SPECIFIC_TEMPERATURE_LIMITED","UC Davis Produce Fact Sheet: Bird's Eye Chili","https://postharvest.ucdavis.edu/produce-facts-sheets/chile-pepper","Postharvest Handling and Storage section for Bird's Eye Chili. Published storage temperature can differ from the schema's 0-4 C fridge profile; see handling note. Supplied source label: MARDI Postharvest Handling / DOA Malaysia","14-21 days","Published optimum temperature may differ from the schema FRIDGE profile (0-4 C); retain this limitation and inspect product quality.","2026-08-27 00:00:00","2026-08-27 00:00:00"
"401","4","130","2","300","365","332.5","AVAILABLE","LOW","CATEGORY_GENERALIZATION","National Center for Home Food Preservation, frozen-food storage guidance","https://nchfp.uga.edu/how/freeze/freeze-general-information/how-long-can-i-store-frozen-foods/","General frozen fruits and vegetables guidance: 8-12 months at 0 F (-18 C); freezing duration is quality guidance and typically assumes appropriate preparation/blanching. Supplied source label: USDA FoodKeeper / MARDI Food Processing","300-365 days","","2026-08-27 00:00:00","2026-08-27 00:00:00"
"402","4","130","3","5","7","6","AVAILABLE","MEDIUM","PRODUCT_SPECIFIC_TEMPERATURE_LIMITED","UC Davis Produce Fact Sheet: Bird's Eye Chili","https://postharvest.ucdavis.edu/produce-facts-sheets/chile-pepper","Postharvest Handling and Storage section for Bird's Eye Chili. Published storage temperature can differ from the schema's 0-4 C fridge profile; see handling note. Supplied source label: MARDI Postharvest Handling / DOA Malaysia","5-7 days","Published optimum temperature may differ from the schema FRIDGE profile (0-4 C); retain this limitation and inspect product quality.","2026-08-27 00:00:00","2026-08-27 00:00:00"
"403","4","131","1","7","14","10.5","AVAILABLE","MEDIUM","PRODUCT_SPECIFIC_TEMPERATURE_LIMITED","UC Davis Produce Fact Sheet: Red Chili","https://postharvest.ucdavis.edu/produce-facts-sheets/chile-pepper","Postharvest Handling and Storage section for Red Chili. Published storage temperature can differ from the schema's 0-4 C fridge profile; see handling note. Supplied source label: MARDI Postharvest Guidelines / DOA Malaysia","7-14 days","Published optimum temperature may differ from the schema FRIDGE profile (0-4 C); retain this limitation and inspect product quality.","2026-08-27 00:00:00","2026-08-27 00:00:00"
"404","4","131","2","300","365","332.5","AVAILABLE","LOW","CATEGORY_GENERALIZATION","National Center for Home Food Preservation, frozen-food storage guidance","https://nchfp.uga.edu/how/freeze/freeze-general-information/how-long-can-i-store-frozen-foods/","General frozen fruits and vegetables guidance: 8-12 months at 0 F (-18 C); freezing duration is quality guidance and typically assumes appropriate preparation/blanching. Supplied source label: USDA FoodKeeper / MARDI","300-365 days","","2026-08-27 00:00:00","2026-08-27 00:00:00"
"405","4","131","3","4","6","5","AVAILABLE","MEDIUM","PRODUCT_SPECIFIC_TEMPERATURE_LIMITED","UC Davis Produce Fact Sheet: Red Chili","https://postharvest.ucdavis.edu/produce-facts-sheets/chile-pepper","Postharvest Handling and Storage section for Red Chili. Published storage temperature can differ from the schema's 0-4 C fridge profile; see handling note. Supplied source label: MARDI Postharvest Guidelines / DOA Malaysia","4-6 days","Published optimum temperature may differ from the schema FRIDGE profile (0-4 C); retain this limitation and inspect product quality.","2026-08-27 00:00:00","2026-08-27 00:00:00"
"406","4","132","1","7","14","10.5","AVAILABLE","MEDIUM","PRODUCT_SPECIFIC_TEMPERATURE_LIMITED","UC Davis Produce Fact Sheet: Green Chili","https://postharvest.ucdavis.edu/produce-facts-sheets/chile-pepper","Postharvest Handling and Storage section for Green Chili. Published storage temperature can differ from the schema's 0-4 C fridge profile; see handling note. Supplied source label: MARDI Postharvest Guidelines / DOA Malaysia","7-14 days","Published optimum temperature may differ from the schema FRIDGE profile (0-4 C); retain this limitation and inspect product quality.","2026-08-27 00:00:00","2026-08-27 00:00:00"
"407","4","132","2","300","365","332.5","AVAILABLE","LOW","CATEGORY_GENERALIZATION","National Center for Home Food Preservation, frozen-food storage guidance","https://nchfp.uga.edu/how/freeze/freeze-general-information/how-long-can-i-store-frozen-foods/","General frozen fruits and vegetables guidance: 8-12 months at 0 F (-18 C); freezing duration is quality guidance and typically assumes appropriate preparation/blanching. Supplied source label: USDA FoodKeeper / MARDI","300-365 days","","2026-08-27 00:00:00","2026-08-27 00:00:00"
"408","4","132","3","4","6","5","AVAILABLE","MEDIUM","PRODUCT_SPECIFIC_TEMPERATURE_LIMITED","UC Davis Produce Fact Sheet: Green Chili","https://postharvest.ucdavis.edu/produce-facts-sheets/chile-pepper","Postharvest Handling and Storage section for Green Chili. Published storage temperature can differ from the schema's 0-4 C fridge profile; see handling note. Supplied source label: MARDI Postharvest Guidelines / DOA Malaysia","4-6 days","Published optimum temperature may differ from the schema FRIDGE profile (0-4 C); retain this limitation and inspect product quality.","2026-08-27 00:00:00","2026-08-27 00:00:00"
"409","4","133","1","5","7","6","AVAILABLE","MEDIUM","PRODUCT_SPECIFIC_TEMPERATURE_LIMITED","UC Davis Produce Fact Sheet: Eggplant","https://postharvest.ucdavis.edu/produce-facts-sheets/eggplant","Postharvest Handling and Storage section for Eggplant. Published storage temperature can differ from the schema's 0-4 C fridge profile; see handling note. Supplied source label: Singapore Food Agency (SFA) / DOA Malaysia","5-7 days","Published optimum temperature may differ from the schema FRIDGE profile (0-4 C); retain this limitation and inspect product quality.","2026-08-27 00:00:00","2026-08-27 00:00:00"
"410","4","133","2","240","300","270","AVAILABLE","LOW","CATEGORY_GENERALIZATION","National Center for Home Food Preservation, frozen-food storage guidance","https://nchfp.uga.edu/how/freeze/freeze-general-information/how-long-can-i-store-frozen-foods/","General frozen fruits and vegetables guidance: 8-12 months at 0 F (-18 C); freezing duration is quality guidance and typically assumes appropriate preparation/blanching. Supplied source label: USDA FoodKeeper / UC Davis Postharvest","240-300 days","","2026-08-27 00:00:00","2026-08-27 00:00:00"
"411","4","133","3","3","4","3.5","AVAILABLE","MEDIUM","PRODUCT_SPECIFIC_TEMPERATURE_LIMITED","UC Davis Produce Fact Sheet: Eggplant","https://postharvest.ucdavis.edu/produce-facts-sheets/eggplant","Postharvest Handling and Storage section for Eggplant. Published storage temperature can differ from the schema's 0-4 C fridge profile; see handling note. Supplied source label: SFA Food Storage Guidelines / DOA Malaysia","3-4 days","Published optimum temperature may differ from the schema FRIDGE profile (0-4 C); retain this limitation and inspect product quality.","2026-08-27 00:00:00","2026-08-27 00:00:00"
"412","4","134","1","7","14","10.5","AVAILABLE","MEDIUM","PRODUCT_SPECIFIC_TEMPERATURE_LIMITED","UC Davis Produce Fact Sheet: Tomato","https://postharvest.ucdavis.edu/produce-facts-sheets/tomato","Postharvest Handling and Storage section for Tomato. Published storage temperature can differ from the schema's 0-4 C fridge profile; see handling note. Supplied source label: Singapore Food Agency (SFA) / USDA FoodKeeper","7-14 days","Published optimum temperature may differ from the schema FRIDGE profile (0-4 C); retain this limitation and inspect product quality.","2026-08-27 00:00:00","2026-08-27 00:00:00"
"413","4","134","2","240","300","270","AVAILABLE","LOW","CATEGORY_GENERALIZATION","National Center for Home Food Preservation, frozen-food storage guidance","https://nchfp.uga.edu/how/freeze/freeze-general-information/how-long-can-i-store-frozen-foods/","General frozen fruits and vegetables guidance: 8-12 months at 0 F (-18 C); freezing duration is quality guidance and typically assumes appropriate preparation/blanching. Supplied source label: USDA FoodKeeper / UC Davis Postharvest","240-300 days","","2026-08-27 00:00:00","2026-08-27 00:00:00"
"414","4","134","3","5","7","6","AVAILABLE","MEDIUM","PRODUCT_SPECIFIC_TEMPERATURE_LIMITED","UC Davis Produce Fact Sheet: Tomato","https://postharvest.ucdavis.edu/produce-facts-sheets/tomato","Postharvest Handling and Storage section for Tomato. Published storage temperature can differ from the schema's 0-4 C fridge profile; see handling note. Supplied source label: SFA Food Storage Guidelines / UC Davis Postharvest","5-7 days","Published optimum temperature may differ from the schema FRIDGE profile (0-4 C); retain this limitation and inspect product quality.","2026-08-27 00:00:00","2026-08-27 00:00:00"
"415","4","135","1","14","21","17.5","AVAILABLE","LOW","INSTITUTIONAL_GUIDANCE_LIMITED","Malaysian Agricultural Research and Development Institute (MARDI), Technology and Horticulture","https://fms.mardi.gov.my/en/penyelidikan/horticulture.html","MARDI post-harvest handling, storage and cold-chain technology page. Exact numeric table row was not supplied with the source label. Supplied source label: MARDI Herbal Produce Guide / DOA Malaysia","14-21 days","","2026-08-27 00:00:00","2026-08-27 00:00:00"
"416","4","135","2","180","365","272.5","AVAILABLE","LOW","CATEGORY_GENERALIZATION","National Center for Home Food Preservation, frozen-food storage guidance","https://nchfp.uga.edu/how/freeze/freeze-general-information/how-long-can-i-store-frozen-foods/","General frozen fruits and vegetables guidance: 8-12 months at 0 F (-18 C); freezing duration is quality guidance and typically assumes appropriate preparation/blanching. Supplied source label: USDA FoodKeeper / MARDI","180-365 days","","2026-08-27 00:00:00","2026-08-27 00:00:00"
"417","4","135","3","7","14","10.5","AVAILABLE","LOW","INSTITUTIONAL_GUIDANCE_LIMITED","Malaysian Agricultural Research and Development Institute (MARDI), Technology and Horticulture","https://fms.mardi.gov.my/en/penyelidikan/horticulture.html","MARDI post-harvest handling, storage and cold-chain technology page. Exact numeric table row was not supplied with the source label. Supplied source label: MARDI Herbal Produce Guide / DOA Malaysia","7-14 days","","2026-08-27 00:00:00","2026-08-27 00:00:00"
"418","4","136","1","30","60","45","AVAILABLE","MEDIUM","PRODUCT_SPECIFIC_TEMPERATURE_LIMITED","UC Davis Produce Fact Sheet: Ginger","https://postharvest.ucdavis.edu/produce-facts-sheets/ginger-root","Postharvest Handling and Storage section for Ginger. Published storage temperature can differ from the schema's 0-4 C fridge profile; see handling note. Supplied source label: Singapore Food Agency (SFA) / MARDI","30-60 days","Published optimum temperature may differ from the schema FRIDGE profile (0-4 C); retain this limitation and inspect product quality.","2026-08-27 00:00:00","2026-08-27 00:00:00"
"419","4","136","2","180","365","272.5","AVAILABLE","LOW","CATEGORY_GENERALIZATION","National Center for Home Food Preservation, frozen-food storage guidance","https://nchfp.uga.edu/how/freeze/freeze-general-information/how-long-can-i-store-frozen-foods/","General frozen fruits and vegetables guidance: 8-12 months at 0 F (-18 C); freezing duration is quality guidance and typically assumes appropriate preparation/blanching. Supplied source label: USDA FoodKeeper / MARDI","180-365 days","","2026-08-27 00:00:00","2026-08-27 00:00:00"
"420","4","136","3","14","21","17.5","AVAILABLE","MEDIUM","PRODUCT_SPECIFIC_TEMPERATURE_LIMITED","UC Davis Produce Fact Sheet: Ginger","https://postharvest.ucdavis.edu/produce-facts-sheets/ginger-root","Postharvest Handling and Storage section for Ginger. Published storage temperature can differ from the schema's 0-4 C fridge profile; see handling note. Supplied source label: SFA Food Storage / DOA Malaysia","14-21 days","Published optimum temperature may differ from the schema FRIDGE profile (0-4 C); retain this limitation and inspect product quality.","2026-08-27 00:00:00","2026-08-27 00:00:00"
"421","4","137","1","21","28","24.5","AVAILABLE","LOW","INSTITUTIONAL_GUIDANCE_LIMITED","Malaysian Agricultural Research and Development Institute (MARDI), Technology and Horticulture","https://fms.mardi.gov.my/en/penyelidikan/horticulture.html","MARDI post-harvest handling, storage and cold-chain technology page. Exact numeric table row was not supplied with the source label. Supplied source label: MARDI Postharvest Handling / DOA Malaysia","21-28 days","","2026-08-27 00:00:00","2026-08-27 00:00:00"
"422","4","137","2","180","365","272.5","AVAILABLE","LOW","CATEGORY_GENERALIZATION","National Center for Home Food Preservation, frozen-food storage guidance","https://nchfp.uga.edu/how/freeze/freeze-general-information/how-long-can-i-store-frozen-foods/","General frozen fruits and vegetables guidance: 8-12 months at 0 F (-18 C); freezing duration is quality guidance and typically assumes appropriate preparation/blanching. Supplied source label: FAO Postharvest Compendium / MARDI","180-365 days","","2026-08-27 00:00:00","2026-08-27 00:00:00"
"423","4","137","3","7","14","10.5","AVAILABLE","LOW","INSTITUTIONAL_GUIDANCE_LIMITED","Malaysian Agricultural Research and Development Institute (MARDI), Technology and Horticulture","https://fms.mardi.gov.my/en/penyelidikan/horticulture.html","MARDI post-harvest handling, storage and cold-chain technology page. Exact numeric table row was not supplied with the source label. Supplied source label: MARDI Postharvest Handling / DOA Malaysia","7-14 days","","2026-08-27 00:00:00","2026-08-27 00:00:00"
"424","4","138","1","30","60","45","AVAILABLE","LOW","INSTITUTIONAL_GUIDANCE_LIMITED","Malaysian Agricultural Research and Development Institute (MARDI), Technology and Horticulture","https://fms.mardi.gov.my/en/penyelidikan/horticulture.html","MARDI post-harvest handling, storage and cold-chain technology page. Exact numeric table row was not supplied with the source label. Supplied source label: MARDI Herbal Processing Division / DOA Malaysia","30-60 days","","2026-08-27 00:00:00","2026-08-27 00:00:00"
"425","4","138","2","180","365","272.5","AVAILABLE","LOW","CATEGORY_GENERALIZATION","National Center for Home Food Preservation, frozen-food storage guidance","https://nchfp.uga.edu/how/freeze/freeze-general-information/how-long-can-i-store-frozen-foods/","General frozen fruits and vegetables guidance: 8-12 months at 0 F (-18 C); freezing duration is quality guidance and typically assumes appropriate preparation/blanching. Supplied source label: USDA FoodKeeper / MARDI","180-365 days","","2026-08-27 00:00:00","2026-08-27 00:00:00"
"426","4","138","3","14","21","17.5","AVAILABLE","LOW","INSTITUTIONAL_GUIDANCE_LIMITED","Malaysian Agricultural Research and Development Institute (MARDI), Technology and Horticulture","https://fms.mardi.gov.my/en/penyelidikan/horticulture.html","MARDI post-harvest handling, storage and cold-chain technology page. Exact numeric table row was not supplied with the source label. Supplied source label: MARDI Herbal Processing Division / DOA Malaysia","14-21 days","","2026-08-27 00:00:00","2026-08-27 00:00:00"
"427","4","139","1","5","7","6","AVAILABLE","LOW","INSTITUTIONAL_GUIDANCE_LIMITED","Malaysian Agricultural Research and Development Institute (MARDI), Technology and Horticulture","https://fms.mardi.gov.my/en/penyelidikan/horticulture.html","MARDI post-harvest handling, storage and cold-chain technology page. Exact numeric table row was not supplied with the source label. Supplied source label: MARDI Postharvest Technology Bulletin","5-7 days","","2026-08-27 00:00:00","2026-08-27 00:00:00"
"428","4","139","2","180","240","210","AVAILABLE","LOW","CATEGORY_GENERALIZATION","National Center for Home Food Preservation, frozen-food storage guidance","https://nchfp.uga.edu/how/freeze/freeze-general-information/how-long-can-i-store-frozen-foods/","General frozen fruits and vegetables guidance: 8-12 months at 0 F (-18 C); freezing duration is quality guidance and typically assumes appropriate preparation/blanching. Supplied source label: MARDI Food Processing Manual","180-240 days","","2026-08-27 00:00:00","2026-08-27 00:00:00"
"429","4","139","3","1","2","1.5","AVAILABLE","LOW","INSTITUTIONAL_GUIDANCE_LIMITED","Malaysian Agricultural Research and Development Institute (MARDI), Technology and Horticulture","https://fms.mardi.gov.my/en/penyelidikan/horticulture.html","MARDI post-harvest handling, storage and cold-chain technology page. Exact numeric table row was not supplied with the source label. Supplied source label: MARDI Postharvest Technology Bulletin","1-2 days","","2026-08-27 00:00:00","2026-08-27 00:00:00"
"430","4","140","1","14","21","17.5","AVAILABLE","LOW","INSTITUTIONAL_GUIDANCE_LIMITED","Malaysian Agricultural Research and Development Institute (MARDI), Technology and Horticulture","https://fms.mardi.gov.my/en/penyelidikan/horticulture.html","MARDI post-harvest handling, storage and cold-chain technology page. Exact numeric table row was not supplied with the source label. Supplied source label: MARDI Herbs & Spices Guidelines / DOA Malaysia","14-21 days","","2026-08-27 00:00:00","2026-08-27 00:00:00"
"431","4","140","2","180","365","272.5","AVAILABLE","LOW","CATEGORY_GENERALIZATION","National Center for Home Food Preservation, frozen-food storage guidance","https://nchfp.uga.edu/how/freeze/freeze-general-information/how-long-can-i-store-frozen-foods/","General frozen fruits and vegetables guidance: 8-12 months at 0 F (-18 C); freezing duration is quality guidance and typically assumes appropriate preparation/blanching. Supplied source label: USDA FoodKeeper / MARDI","180-365 days","","2026-08-27 00:00:00","2026-08-27 00:00:00"
"432","4","140","3","2","3","2.5","AVAILABLE","LOW","INSTITUTIONAL_GUIDANCE_LIMITED","Malaysian Agricultural Research and Development Institute (MARDI), Technology and Horticulture","https://fms.mardi.gov.my/en/penyelidikan/horticulture.html","MARDI post-harvest handling, storage and cold-chain technology page. Exact numeric table row was not supplied with the source label. Supplied source label: MARDI Herbs & Spices Guidelines / DOA Malaysia","2-3 days","","2026-08-27 00:00:00","2026-08-27 00:00:00"
"433","4","141","1","7","14","10.5","AVAILABLE","LOW","INSTITUTIONAL_GUIDANCE_LIMITED","Malaysian Agricultural Research and Development Institute (MARDI), Technology and Horticulture","https://fms.mardi.gov.my/en/penyelidikan/horticulture.html","MARDI post-harvest handling, storage and cold-chain technology page. Exact numeric table row was not supplied with the source label. Supplied source label: MARDI Food Technology Manual / DOA Malaysia","7-14 days","","2026-08-27 00:00:00","2026-08-27 00:00:00"
"434","4","141","2","180","365","272.5","AVAILABLE","LOW","CATEGORY_GENERALIZATION","National Center for Home Food Preservation, frozen-food storage guidance","https://nchfp.uga.edu/how/freeze/freeze-general-information/how-long-can-i-store-frozen-foods/","General frozen fruits and vegetables guidance: 8-12 months at 0 F (-18 C); freezing duration is quality guidance and typically assumes appropriate preparation/blanching. Supplied source label: MARDI Food Technology Manual","180-365 days","","2026-08-27 00:00:00","2026-08-27 00:00:00"
"435","4","141","3","2","3","2.5","AVAILABLE","LOW","INSTITUTIONAL_GUIDANCE_LIMITED","Malaysian Agricultural Research and Development Institute (MARDI), Technology and Horticulture","https://fms.mardi.gov.my/en/penyelidikan/horticulture.html","MARDI post-harvest handling, storage and cold-chain technology page. Exact numeric table row was not supplied with the source label. Supplied source label: MARDI Food Technology Manual / DOA Malaysia","2-3 days","","2026-08-27 00:00:00","2026-08-27 00:00:00"
"436","4","142","1","14","21","17.5","AVAILABLE","LOW","INSTITUTIONAL_GUIDANCE_LIMITED","Malaysian Agricultural Research and Development Institute (MARDI), Technology and Horticulture","https://fms.mardi.gov.my/en/penyelidikan/horticulture.html","MARDI post-harvest handling, storage and cold-chain technology page. Exact numeric table row was not supplied with the source label. Supplied source label: MARDI Herbs Guidelines / DOA Malaysia","14-21 days","","2026-08-27 00:00:00","2026-08-27 00:00:00"
"437","4","142","2","180","365","272.5","AVAILABLE","LOW","CATEGORY_GENERALIZATION","National Center for Home Food Preservation, frozen-food storage guidance","https://nchfp.uga.edu/how/freeze/freeze-general-information/how-long-can-i-store-frozen-foods/","General frozen fruits and vegetables guidance: 8-12 months at 0 F (-18 C); freezing duration is quality guidance and typically assumes appropriate preparation/blanching. Supplied source label: USDA FoodKeeper / MARDI","180-365 days","","2026-08-27 00:00:00","2026-08-27 00:00:00"
"438","4","142","3","2","4","3","AVAILABLE","LOW","INSTITUTIONAL_GUIDANCE_LIMITED","Malaysian Agricultural Research and Development Institute (MARDI), Technology and Horticulture","https://fms.mardi.gov.my/en/penyelidikan/horticulture.html","MARDI post-harvest handling, storage and cold-chain technology page. Exact numeric table row was not supplied with the source label. Supplied source label: MARDI Herbs Guidelines / DOA Malaysia","2-4 days","","2026-08-27 00:00:00","2026-08-27 00:00:00"
"439","4","143","1","7","10","8.5","AVAILABLE","MEDIUM","PRODUCT_SPECIFIC_TEMPERATURE_LIMITED","UC Davis Produce Fact Sheet: Spring Onion","https://postharvest.ucdavis.edu/produce-facts-sheets/onions-green-bunch","Postharvest Handling and Storage section for Spring Onion. Published storage temperature can differ from the schema's 0-4 C fridge profile; see handling note. Supplied source label: Singapore Food Agency (SFA) / DOA Malaysia","7-10 days","Published optimum temperature may differ from the schema FRIDGE profile (0-4 C); retain this limitation and inspect product quality.","2026-08-27 00:00:00","2026-08-27 00:00:00"
"440","4","143","2","120","180","150","AVAILABLE","LOW","CATEGORY_GENERALIZATION","National Center for Home Food Preservation, frozen-food storage guidance","https://nchfp.uga.edu/how/freeze/freeze-general-information/how-long-can-i-store-frozen-foods/","General frozen fruits and vegetables guidance: 8-12 months at 0 F (-18 C); freezing duration is quality guidance and typically assumes appropriate preparation/blanching. Supplied source label: USDA FoodKeeper","120-180 days","","2026-08-27 00:00:00","2026-08-27 00:00:00"
"441","4","143","3","1","2","1.5","AVAILABLE","MEDIUM","PRODUCT_SPECIFIC_TEMPERATURE_LIMITED","UC Davis Produce Fact Sheet: Spring Onion","https://postharvest.ucdavis.edu/produce-facts-sheets/onions-green-bunch","Postharvest Handling and Storage section for Spring Onion. Published storage temperature can differ from the schema's 0-4 C fridge profile; see handling note. Supplied source label: Singapore Food Agency (SFA)","1-2 days","Published optimum temperature may differ from the schema FRIDGE profile (0-4 C); retain this limitation and inspect product quality.","2026-08-27 00:00:00","2026-08-27 00:00:00"
"442","4","144","1","4","6","5","AVAILABLE","LOW","INSTITUTIONAL_GUIDANCE_LIMITED","Department of Agriculture Malaysia, Food Processing Technology","https://epengembangan.doa.gov.my/en/industri-asas-tani-iat/teknologi-pemprosesan-makanan/","Department of Agriculture Malaysia food processing/cold storage guidance. Exact numeric table row was not supplied with the source label. Supplied source label: Singapore Food Agency (SFA) / DOA Malaysia","4-6 days","","2026-08-27 00:00:00","2026-08-27 00:00:00"
"443","4","144","2","120","180","150","AVAILABLE","LOW","CATEGORY_GENERALIZATION","National Center for Home Food Preservation, frozen-food storage guidance","https://nchfp.uga.edu/how/freeze/freeze-general-information/how-long-can-i-store-frozen-foods/","General frozen fruits and vegetables guidance: 8-12 months at 0 F (-18 C); freezing duration is quality guidance and typically assumes appropriate preparation/blanching. Supplied source label: USDA FoodKeeper","120-180 days","","2026-08-27 00:00:00","2026-08-27 00:00:00"
"444","4","144","3","1","2","1.5","AVAILABLE","LOW","INSTITUTIONAL_GUIDANCE_LIMITED","Singapore Food Agency Food Safety Tips","https://www.sfa.gov.sg/food-safety-tips/safe-food-practices/food-safety-tips","Storing food at safe temperatures and raw food handling. Exact numeric table row was not supplied with the source label. Supplied source label: Singapore Food Agency (SFA)","1-2 days","","2026-08-27 00:00:00","2026-08-27 00:00:00"
"445","4","145","1","5","7","6","AVAILABLE","MEDIUM","PRODUCT_SPECIFIC_TEMPERATURE_LIMITED","UC Davis Produce Fact Sheet: Chinese Celery","https://postharvest.ucdavis.edu/produce-facts-sheets/celery","Postharvest Handling and Storage section for Chinese Celery. Published storage temperature can differ from the schema's 0-4 C fridge profile; see handling note. Supplied source label: Singapore Food Agency (SFA) / DOA Malaysia","5-7 days","Published optimum temperature may differ from the schema FRIDGE profile (0-4 C); retain this limitation and inspect product quality.","2026-08-27 00:00:00","2026-08-27 00:00:00"
"446","4","145","2","120","180","150","AVAILABLE","LOW","CATEGORY_GENERALIZATION","National Center for Home Food Preservation, frozen-food storage guidance","https://nchfp.uga.edu/how/freeze/freeze-general-information/how-long-can-i-store-frozen-foods/","General frozen fruits and vegetables guidance: 8-12 months at 0 F (-18 C); freezing duration is quality guidance and typically assumes appropriate preparation/blanching. Supplied source label: USDA FoodKeeper","120-180 days","","2026-08-27 00:00:00","2026-08-27 00:00:00"
"447","4","145","3","1","2","1.5","AVAILABLE","MEDIUM","PRODUCT_SPECIFIC_TEMPERATURE_LIMITED","UC Davis Produce Fact Sheet: Chinese Celery","https://postharvest.ucdavis.edu/produce-facts-sheets/celery","Postharvest Handling and Storage section for Chinese Celery. Published storage temperature can differ from the schema's 0-4 C fridge profile; see handling note. Supplied source label: Singapore Food Agency (SFA)","1-2 days","Published optimum temperature may differ from the schema FRIDGE profile (0-4 C); retain this limitation and inspect product quality.","2026-08-27 00:00:00","2026-08-27 00:00:00"
"448","4","146","1","5","7","6","AVAILABLE","MEDIUM","PRODUCT_SPECIFIC_TEMPERATURE_LIMITED","UC Davis Produce Fact Sheet: Coriander","https://postharvest.ucdavis.edu/produce-facts-sheets/herbs-fresh-culinary","Postharvest Handling and Storage section for Coriander. Published storage temperature can differ from the schema's 0-4 C fridge profile; see handling note. Supplied source label: Singapore Food Agency (SFA) / USDA FoodKeeper","5-7 days","Published optimum temperature may differ from the schema FRIDGE profile (0-4 C); retain this limitation and inspect product quality.","2026-08-27 00:00:00","2026-08-27 00:00:00"
"449","4","146","2","120","180","150","AVAILABLE","LOW","CATEGORY_GENERALIZATION","National Center for Home Food Preservation, frozen-food storage guidance","https://nchfp.uga.edu/how/freeze/freeze-general-information/how-long-can-i-store-frozen-foods/","General frozen fruits and vegetables guidance: 8-12 months at 0 F (-18 C); freezing duration is quality guidance and typically assumes appropriate preparation/blanching. Supplied source label: USDA FoodKeeper","120-180 days","","2026-08-27 00:00:00","2026-08-27 00:00:00"
"450","4","146","3","1","2","1.5","AVAILABLE","MEDIUM","PRODUCT_SPECIFIC_TEMPERATURE_LIMITED","UC Davis Produce Fact Sheet: Coriander","https://postharvest.ucdavis.edu/produce-facts-sheets/herbs-fresh-culinary","Postharvest Handling and Storage section for Coriander. Published storage temperature can differ from the schema's 0-4 C fridge profile; see handling note. Supplied source label: Singapore Food Agency (SFA)","1-2 days","Published optimum temperature may differ from the schema FRIDGE profile (0-4 C); retain this limitation and inspect product quality.","2026-08-27 00:00:00","2026-08-27 00:00:00"
"451","4","147","1","14","21","17.5","AVAILABLE","MEDIUM","PRODUCT_SPECIFIC_TEMPERATURE_LIMITED","UC Davis Produce Fact Sheet: Daikon Radish","https://postharvest.ucdavis.edu/produce-facts-sheets/radish","Postharvest Handling and Storage section for Daikon Radish. Published storage temperature can differ from the schema's 0-4 C fridge profile; see handling note. Supplied source label: Singapore Food Agency (SFA) / UC Davis Postharvest","14-21 days","Published optimum temperature may differ from the schema FRIDGE profile (0-4 C); retain this limitation and inspect product quality.","2026-08-27 00:00:00","2026-08-27 00:00:00"
"452","4","147","2","240","300","270","AVAILABLE","LOW","CATEGORY_GENERALIZATION","National Center for Home Food Preservation, frozen-food storage guidance","https://nchfp.uga.edu/how/freeze/freeze-general-information/how-long-can-i-store-frozen-foods/","General frozen fruits and vegetables guidance: 8-12 months at 0 F (-18 C); freezing duration is quality guidance and typically assumes appropriate preparation/blanching. Supplied source label: UC Davis Postharvest Technology Center","240-300 days","","2026-08-27 00:00:00","2026-08-27 00:00:00"
"453","4","147","3","3","5","4","AVAILABLE","MEDIUM","PRODUCT_SPECIFIC_TEMPERATURE_LIMITED","UC Davis Produce Fact Sheet: Daikon Radish","https://postharvest.ucdavis.edu/produce-facts-sheets/radish","Postharvest Handling and Storage section for Daikon Radish. Published storage temperature can differ from the schema's 0-4 C fridge profile; see handling note. Supplied source label: SFA Food Storage Guidelines","3-5 days","Published optimum temperature may differ from the schema FRIDGE profile (0-4 C); retain this limitation and inspect product quality.","2026-08-27 00:00:00","2026-08-27 00:00:00"
"454","4","148","1","21","28","24.5","AVAILABLE","MEDIUM","PRODUCT_SPECIFIC_TEMPERATURE_LIMITED","UC Davis Produce Fact Sheet: Carrot","https://postharvest.ucdavis.edu/produce-facts-sheets/carrot","Postharvest Handling and Storage section for Carrot. Published storage temperature can differ from the schema's 0-4 C fridge profile; see handling note. Supplied source label: Singapore Food Agency (SFA) / USDA FoodKeeper","21-28 days","Published optimum temperature may differ from the schema FRIDGE profile (0-4 C); retain this limitation and inspect product quality.","2026-08-27 00:00:00","2026-08-27 00:00:00"
"455","4","148","2","300","365","332.5","AVAILABLE","LOW","CATEGORY_GENERALIZATION","National Center for Home Food Preservation, frozen-food storage guidance","https://nchfp.uga.edu/how/freeze/freeze-general-information/how-long-can-i-store-frozen-foods/","General frozen fruits and vegetables guidance: 8-12 months at 0 F (-18 C); freezing duration is quality guidance and typically assumes appropriate preparation/blanching. Supplied source label: USDA FoodKeeper","300-365 days","","2026-08-27 00:00:00","2026-08-27 00:00:00"
"456","4","148","3","7","14","10.5","AVAILABLE","MEDIUM","PRODUCT_SPECIFIC_TEMPERATURE_LIMITED","UC Davis Produce Fact Sheet: Carrot","https://postharvest.ucdavis.edu/produce-facts-sheets/carrot","Postharvest Handling and Storage section for Carrot. Published storage temperature can differ from the schema's 0-4 C fridge profile; see handling note. Supplied source label: Singapore Food Agency (SFA)","7-14 days","Published optimum temperature may differ from the schema FRIDGE profile (0-4 C); retain this limitation and inspect product quality.","2026-08-27 00:00:00","2026-08-27 00:00:00"
"457","4","149","1","14","21","17.5","AVAILABLE","MEDIUM","PRODUCT_SPECIFIC_TEMPERATURE_LIMITED","UC Davis Produce Fact Sheet: Jicama","https://postharvest.ucdavis.edu/produce-facts-sheets/jicama","Postharvest Handling and Storage section for Jicama. Published storage temperature can differ from the schema's 0-4 C fridge profile; see handling note. Supplied source label: MARDI Postharvest Quality Manual / DOA Malaysia","14-21 days","Published optimum temperature may differ from the schema FRIDGE profile (0-4 C); retain this limitation and inspect product quality.","2026-08-27 00:00:00","2026-08-27 00:00:00"
"458","4","149","2","0","0","","NOT_RECOMMENDED","MEDIUM","PRODUCT_GROUP_TABLE","USDA FSIS FoodKeeper Data","https://catalog.data.gov/dataset/fsis-foodkeeper-data","FoodKeeper Data English distribution; product/freezer entry (where supplied data says freezing is not recommended). Supplied source label: MARDI Postharvest / SFA - Freezing Not Recommended","0 days; supplied source labels this storage condition Not Recommended.","Display a warning; do not calculate an endorsed expiry date for this storage condition.","2026-08-27 00:00:00","2026-08-27 00:00:00"
"459","4","149","3","7","14","10.5","AVAILABLE","MEDIUM","PRODUCT_SPECIFIC_TEMPERATURE_LIMITED","UC Davis Produce Fact Sheet: Jicama","https://postharvest.ucdavis.edu/produce-facts-sheets/jicama","Postharvest Handling and Storage section for Jicama. Published storage temperature can differ from the schema's 0-4 C fridge profile; see handling note. Supplied source label: MARDI Postharvest Quality Manual / DOA Malaysia","7-14 days","Published optimum temperature may differ from the schema FRIDGE profile (0-4 C); retain this limitation and inspect product quality.","2026-08-27 00:00:00","2026-08-27 00:00:00"
"460","4","150","1","10","14","12","AVAILABLE","LOW","INSTITUTIONAL_GUIDANCE_LIMITED","Singapore Food Agency Food Safety Tips","https://www.sfa.gov.sg/food-safety-tips/safe-food-practices/food-safety-tips","Storing food at safe temperatures and raw food handling. Exact numeric table row was not supplied with the source label. Supplied source label: Singapore Food Agency (SFA) / UC Davis Postharvest","10-14 days","","2026-08-27 00:00:00","2026-08-27 00:00:00"
"461","4","150","2","240","300","270","AVAILABLE","LOW","CATEGORY_GENERALIZATION","National Center for Home Food Preservation, frozen-food storage guidance","https://nchfp.uga.edu/how/freeze/freeze-general-information/how-long-can-i-store-frozen-foods/","General frozen fruits and vegetables guidance: 8-12 months at 0 F (-18 C); freezing duration is quality guidance and typically assumes appropriate preparation/blanching. Supplied source label: USDA FoodKeeper / UC Davis Postharvest","240-300 days","","2026-08-27 00:00:00","2026-08-27 00:00:00"
"462","4","150","3","2","4","3","AVAILABLE","LOW","INSTITUTIONAL_GUIDANCE_LIMITED","Singapore Food Agency Food Safety Tips","https://www.sfa.gov.sg/food-safety-tips/safe-food-practices/food-safety-tips","Storing food at safe temperatures and raw food handling. Exact numeric table row was not supplied with the source label. Supplied source label: Singapore Food Agency (SFA)","2-4 days","","2026-08-27 00:00:00","2026-08-27 00:00:00"
"463","2","151","1","1","2","1.5","AVAILABLE","MEDIUM","PRODUCT_GROUP_TABLE","University of Maine Cooperative Extension, Bulletin #4107, Cold Storage Chart","https://extension.umaine.edu/publications/4107e/","Cold Storage Chart: fresh poultry, whole; refrigerator 40 F / freezer 0 F table. This public USDA-reprinted chart is used to verify the supplied value. Supplied source label: Ministry of Health Malaysia (MOH/KKM) / Singapore Food Agency (SFA)","1-2 days","","2026-08-27 00:00:00","2026-08-27 00:00:00"
"464","2","151","2","180","365","272.5","AVAILABLE","MEDIUM","PRODUCT_GROUP_TABLE","University of Maine Cooperative Extension, Bulletin #4107, Cold Storage Chart","https://extension.umaine.edu/publications/4107e/","Cold Storage Chart: fresh poultry, whole; refrigerator 40 F / freezer 0 F table. This public USDA-reprinted chart is used to verify the supplied value. Supplied source label: Ministry of Health Malaysia (MOH/KKM) Panduan Menyimpan Makanan","180-365 days","","2026-08-27 00:00:00","2026-08-27 00:00:00"
"465","2","151","3","0","0","","NOT_RECOMMENDED","HIGH","FOOD_SAFETY_LIMIT","Singapore Food Agency Food Handlers Handbook","https://www.sfa.gov.sg/docs/default-source/our-services/food-handler%27s-handbook-%28english%29.pdf","Food Handlers Handbook, section 8.1 Storage of Food: food in the 5-60 C danger zone should not be held at room temperature for more than 2 hours. Supplied source label: MOH/KKM / SFA - Room Temperature Storage Not Recommended","0 days; supplied source labels this storage condition Not Recommended.","Display a warning; do not calculate an endorsed expiry date for this storage condition.","2026-08-27 00:00:00","2026-08-27 00:00:00"
"466","2","152","1","1","2","1.5","AVAILABLE","MEDIUM","PRODUCT_GROUP_TABLE","University of Maine Cooperative Extension, Bulletin #4107, Cold Storage Chart","https://extension.umaine.edu/publications/4107e/","Cold Storage Chart: fresh poultry, pieces; refrigerator 40 F / freezer 0 F table. This public USDA-reprinted chart is used to verify the supplied value. Supplied source label: Ministry of Health Malaysia (MOH/KKM) / Singapore Food Agency (SFA)","1-2 days","","2026-08-27 00:00:00","2026-08-27 00:00:00"
"467","2","152","2","180","270","225","AVAILABLE","MEDIUM","PRODUCT_GROUP_TABLE","University of Maine Cooperative Extension, Bulletin #4107, Cold Storage Chart","https://extension.umaine.edu/publications/4107e/","Cold Storage Chart: fresh poultry, pieces; refrigerator 40 F / freezer 0 F table. This public USDA-reprinted chart is used to verify the supplied value. Supplied source label: Ministry of Health Malaysia (MOH/KKM) Panduan Menyimpan Makanan","180-270 days","","2026-08-27 00:00:00","2026-08-27 00:00:00"
"468","2","152","3","0","0","","NOT_RECOMMENDED","HIGH","FOOD_SAFETY_LIMIT","Singapore Food Agency Food Handlers Handbook","https://www.sfa.gov.sg/docs/default-source/our-services/food-handler%27s-handbook-%28english%29.pdf","Food Handlers Handbook, section 8.1 Storage of Food: food in the 5-60 C danger zone should not be held at room temperature for more than 2 hours. Supplied source label: MOH/KKM / SFA - Room Temperature Storage Not Recommended","0 days; supplied source labels this storage condition Not Recommended.","Display a warning; do not calculate an endorsed expiry date for this storage condition.","2026-08-27 00:00:00","2026-08-27 00:00:00"
"469","2","153","1","1","2","1.5","AVAILABLE","MEDIUM","PRODUCT_GROUP_TABLE","University of Maine Cooperative Extension, Bulletin #4107, Cold Storage Chart","https://extension.umaine.edu/publications/4107e/","Cold Storage Chart: fresh poultry, pieces; refrigerator 40 F / freezer 0 F table. This public USDA-reprinted chart is used to verify the supplied value. Supplied source label: Ministry of Health Malaysia (MOH/KKM) / Singapore Food Agency (SFA)","1-2 days","","2026-08-27 00:00:00","2026-08-27 00:00:00"
"470","2","153","2","180","270","225","AVAILABLE","MEDIUM","PRODUCT_GROUP_TABLE","University of Maine Cooperative Extension, Bulletin #4107, Cold Storage Chart","https://extension.umaine.edu/publications/4107e/","Cold Storage Chart: fresh poultry, pieces; refrigerator 40 F / freezer 0 F table. This public USDA-reprinted chart is used to verify the supplied value. Supplied source label: Ministry of Health Malaysia (MOH/KKM) Panduan Menyimpan Makanan","180-270 days","","2026-08-27 00:00:00","2026-08-27 00:00:00"
"471","2","153","3","0","0","","NOT_RECOMMENDED","HIGH","FOOD_SAFETY_LIMIT","Singapore Food Agency Food Handlers Handbook","https://www.sfa.gov.sg/docs/default-source/our-services/food-handler%27s-handbook-%28english%29.pdf","Food Handlers Handbook, section 8.1 Storage of Food: food in the 5-60 C danger zone should not be held at room temperature for more than 2 hours. Supplied source label: MOH/KKM / SFA - Room Temperature Storage Not Recommended","0 days; supplied source labels this storage condition Not Recommended.","Display a warning; do not calculate an endorsed expiry date for this storage condition.","2026-08-27 00:00:00","2026-08-27 00:00:00"
"472","2","154","1","1","2","1.5","AVAILABLE","MEDIUM","PRODUCT_GROUP_TABLE","University of Maine Cooperative Extension, Bulletin #4107, Cold Storage Chart","https://extension.umaine.edu/publications/4107e/","Cold Storage Chart: fresh poultry, pieces; refrigerator 40 F / freezer 0 F table. This public USDA-reprinted chart is used to verify the supplied value. Supplied source label: Ministry of Health Malaysia (MOH/KKM) / Singapore Food Agency (SFA)","1-2 days","","2026-08-27 00:00:00","2026-08-27 00:00:00"
"473","2","154","2","180","270","225","AVAILABLE","MEDIUM","PRODUCT_GROUP_TABLE","University of Maine Cooperative Extension, Bulletin #4107, Cold Storage Chart","https://extension.umaine.edu/publications/4107e/","Cold Storage Chart: fresh poultry, pieces; refrigerator 40 F / freezer 0 F table. This public USDA-reprinted chart is used to verify the supplied value. Supplied source label: Ministry of Health Malaysia (MOH/KKM) Panduan Menyimpan Makanan","180-270 days","","2026-08-27 00:00:00","2026-08-27 00:00:00"
"474","2","154","3","0","0","","NOT_RECOMMENDED","HIGH","FOOD_SAFETY_LIMIT","Singapore Food Agency Food Handlers Handbook","https://www.sfa.gov.sg/docs/default-source/our-services/food-handler%27s-handbook-%28english%29.pdf","Food Handlers Handbook, section 8.1 Storage of Food: food in the 5-60 C danger zone should not be held at room temperature for more than 2 hours. Supplied source label: MOH/KKM / SFA - Room Temperature Storage Not Recommended","0 days; supplied source labels this storage condition Not Recommended.","Display a warning; do not calculate an endorsed expiry date for this storage condition.","2026-08-27 00:00:00","2026-08-27 00:00:00"
"475","2","155","1","1","2","1.5","AVAILABLE","MEDIUM","PRODUCT_GROUP_TABLE","University of Maine Cooperative Extension, Bulletin #4107, Cold Storage Chart","https://extension.umaine.edu/publications/4107e/","Cold Storage Chart: fresh poultry, pieces; refrigerator 40 F / freezer 0 F table. This public USDA-reprinted chart is used to verify the supplied value. Supplied source label: Ministry of Health Malaysia (MOH/KKM) / Singapore Food Agency (SFA)","1-2 days","","2026-08-27 00:00:00","2026-08-27 00:00:00"
"476","2","155","2","180","270","225","AVAILABLE","MEDIUM","PRODUCT_GROUP_TABLE","University of Maine Cooperative Extension, Bulletin #4107, Cold Storage Chart","https://extension.umaine.edu/publications/4107e/","Cold Storage Chart: fresh poultry, pieces; refrigerator 40 F / freezer 0 F table. This public USDA-reprinted chart is used to verify the supplied value. Supplied source label: Ministry of Health Malaysia (MOH/KKM) Panduan Menyimpan Makanan","180-270 days","","2026-08-27 00:00:00","2026-08-27 00:00:00"
"477","2","155","3","0","0","","NOT_RECOMMENDED","HIGH","FOOD_SAFETY_LIMIT","Singapore Food Agency Food Handlers Handbook","https://www.sfa.gov.sg/docs/default-source/our-services/food-handler%27s-handbook-%28english%29.pdf","Food Handlers Handbook, section 8.1 Storage of Food: food in the 5-60 C danger zone should not be held at room temperature for more than 2 hours. Supplied source label: MOH/KKM / SFA - Room Temperature Storage Not Recommended","0 days; supplied source labels this storage condition Not Recommended.","Display a warning; do not calculate an endorsed expiry date for this storage condition.","2026-08-27 00:00:00","2026-08-27 00:00:00"
"478","2","156","1","2","3","2.5","AVAILABLE","MEDIUM","PRODUCT_GROUP_TABLE","University of Maine Cooperative Extension, Bulletin #4107, Cold Storage Chart","https://extension.umaine.edu/publications/4107e/","Cold Storage Chart: raw meat and poultry; refrigerator 40 F / freezer 0 F table. This public USDA-reprinted chart is used to verify the supplied value. Supplied source label: Singapore Food Agency (SFA) / DVS Malaysia","2-3 days","","2026-08-27 00:00:00","2026-08-27 00:00:00"
"479","2","156","2","180","240","210","AVAILABLE","MEDIUM","PRODUCT_GROUP_TABLE","University of Maine Cooperative Extension, Bulletin #4107, Cold Storage Chart","https://extension.umaine.edu/publications/4107e/","Cold Storage Chart: raw meat and poultry; refrigerator 40 F / freezer 0 F table. This public USDA-reprinted chart is used to verify the supplied value. Supplied source label: Singapore Food Agency (SFA) / USDA FoodKeeper","180-240 days","","2026-08-27 00:00:00","2026-08-27 00:00:00"
"480","2","156","3","0","0","","NOT_RECOMMENDED","HIGH","FOOD_SAFETY_LIMIT","Singapore Food Agency Food Handlers Handbook","https://www.sfa.gov.sg/docs/default-source/our-services/food-handler%27s-handbook-%28english%29.pdf","Food Handlers Handbook, section 8.1 Storage of Food: food in the 5-60 C danger zone should not be held at room temperature for more than 2 hours. Supplied source label: MOH/KKM / SFA - Room Temperature Storage Not Recommended","0 days; supplied source labels this storage condition Not Recommended.","Display a warning; do not calculate an endorsed expiry date for this storage condition.","2026-08-27 00:00:00","2026-08-27 00:00:00"
"481","2","157","1","1","2","1.5","AVAILABLE","MEDIUM","PRODUCT_GROUP_TABLE","University of Maine Cooperative Extension, Bulletin #4107, Cold Storage Chart","https://extension.umaine.edu/publications/4107e/","Cold Storage Chart: hamburger, ground and stew meat / ground poultry; refrigerator 40 F / freezer 0 F table. This public USDA-reprinted chart is used to verify the supplied value. Supplied source label: Ministry of Health Malaysia (MOH/KKM) / USDA FoodKee","1-2 days","","2026-08-27 00:00:00","2026-08-27 00:00:00"
"482","2","157","2","90","120","105","AVAILABLE","MEDIUM","PRODUCT_GROUP_TABLE","University of Maine Cooperative Extension, Bulletin #4107, Cold Storage Chart","https://extension.umaine.edu/publications/4107e/","Cold Storage Chart: hamburger, ground and stew meat / ground poultry; refrigerator 40 F / freezer 0 F table. This public USDA-reprinted chart is used to verify the supplied value. Supplied source label: Ministry of Health Malaysia (MOH/KKM) / Singapore Fo","90-120 days","","2026-08-27 00:00:00","2026-08-27 00:00:00"
"483","2","157","3","0","0","","NOT_RECOMMENDED","HIGH","FOOD_SAFETY_LIMIT","Singapore Food Agency Food Handlers Handbook","https://www.sfa.gov.sg/docs/default-source/our-services/food-handler%27s-handbook-%28english%29.pdf","Food Handlers Handbook, section 8.1 Storage of Food: food in the 5-60 C danger zone should not be held at room temperature for more than 2 hours. Supplied source label: MOH/KKM / SFA - Room Temperature Storage Not Recommended","0 days; supplied source labels this storage condition Not Recommended.","Display a warning; do not calculate an endorsed expiry date for this storage condition.","2026-08-27 00:00:00","2026-08-27 00:00:00"
"484","2","158","1","1","2","1.5","AVAILABLE","MEDIUM","PRODUCT_GROUP_TABLE","University of Maine Cooperative Extension, Bulletin #4107, Cold Storage Chart","https://extension.umaine.edu/publications/4107e/","Cold Storage Chart: variety meats or giblets; refrigerator 40 F / freezer 0 F table. This public USDA-reprinted chart is used to verify the supplied value. Supplied source label: Department of Veterinary Services (DVS) / Singapore Food Agency (SFA)","1-2 days","","2026-08-27 00:00:00","2026-08-27 00:00:00"
"485","2","158","2","90","120","105","AVAILABLE","MEDIUM","PRODUCT_GROUP_TABLE","University of Maine Cooperative Extension, Bulletin #4107, Cold Storage Chart","https://extension.umaine.edu/publications/4107e/","Cold Storage Chart: variety meats or giblets; refrigerator 40 F / freezer 0 F table. This public USDA-reprinted chart is used to verify the supplied value. Supplied source label: Singapore Food Agency (SFA) / USDA FoodKeeper","90-120 days","","2026-08-27 00:00:00","2026-08-27 00:00:00"
"486","2","158","3","0","0","","NOT_RECOMMENDED","HIGH","FOOD_SAFETY_LIMIT","Singapore Food Agency Food Handlers Handbook","https://www.sfa.gov.sg/docs/default-source/our-services/food-handler%27s-handbook-%28english%29.pdf","Food Handlers Handbook, section 8.1 Storage of Food: food in the 5-60 C danger zone should not be held at room temperature for more than 2 hours. Supplied source label: MOH/KKM / SFA - Room Temperature Storage Not Recommended","0 days; supplied source labels this storage condition Not Recommended.","Display a warning; do not calculate an endorsed expiry date for this storage condition.","2026-08-27 00:00:00","2026-08-27 00:00:00"
"487","2","159","1","1","2","1.5","AVAILABLE","MEDIUM","PRODUCT_GROUP_TABLE","University of Maine Cooperative Extension, Bulletin #4107, Cold Storage Chart","https://extension.umaine.edu/publications/4107e/","Cold Storage Chart: variety meats or giblets; refrigerator 40 F / freezer 0 F table. This public USDA-reprinted chart is used to verify the supplied value. Supplied source label: Department of Veterinary Services (DVS) / Singapore Food Agency (SFA)","1-2 days","","2026-08-27 00:00:00","2026-08-27 00:00:00"
"488","2","159","2","90","120","105","AVAILABLE","MEDIUM","PRODUCT_GROUP_TABLE","University of Maine Cooperative Extension, Bulletin #4107, Cold Storage Chart","https://extension.umaine.edu/publications/4107e/","Cold Storage Chart: variety meats or giblets; refrigerator 40 F / freezer 0 F table. This public USDA-reprinted chart is used to verify the supplied value. Supplied source label: Singapore Food Agency (SFA) / USDA FoodKeeper","90-120 days","","2026-08-27 00:00:00","2026-08-27 00:00:00"
"489","2","159","3","0","0","","NOT_RECOMMENDED","HIGH","FOOD_SAFETY_LIMIT","Singapore Food Agency Food Handlers Handbook","https://www.sfa.gov.sg/docs/default-source/our-services/food-handler%27s-handbook-%28english%29.pdf","Food Handlers Handbook, section 8.1 Storage of Food: food in the 5-60 C danger zone should not be held at room temperature for more than 2 hours. Supplied source label: MOH/KKM / SFA - Room Temperature Storage Not Recommended","0 days; supplied source labels this storage condition Not Recommended.","Display a warning; do not calculate an endorsed expiry date for this storage condition.","2026-08-27 00:00:00","2026-08-27 00:00:00"
"490","2","160","1","1","2","1.5","AVAILABLE","MEDIUM","PRODUCT_GROUP_TABLE","University of Maine Cooperative Extension, Bulletin #4107, Cold Storage Chart","https://extension.umaine.edu/publications/4107e/","Cold Storage Chart: fresh poultry, whole; refrigerator 40 F / freezer 0 F table. This public USDA-reprinted chart is used to verify the supplied value. Supplied source label: Ministry of Health Malaysia (MOH/KKM) / Singapore Food Agency (SFA)","1-2 days","","2026-08-27 00:00:00","2026-08-27 00:00:00"
"491","2","160","2","180","365","272.5","AVAILABLE","MEDIUM","PRODUCT_GROUP_TABLE","University of Maine Cooperative Extension, Bulletin #4107, Cold Storage Chart","https://extension.umaine.edu/publications/4107e/","Cold Storage Chart: fresh poultry, whole; refrigerator 40 F / freezer 0 F table. This public USDA-reprinted chart is used to verify the supplied value. Supplied source label: Ministry of Health Malaysia (MOH/KKM) Panduan Menyimpan Makanan","180-365 days","","2026-08-27 00:00:00","2026-08-27 00:00:00"
"492","2","160","3","0","0","","NOT_RECOMMENDED","HIGH","FOOD_SAFETY_LIMIT","Singapore Food Agency Food Handlers Handbook","https://www.sfa.gov.sg/docs/default-source/our-services/food-handler%27s-handbook-%28english%29.pdf","Food Handlers Handbook, section 8.1 Storage of Food: food in the 5-60 C danger zone should not be held at room temperature for more than 2 hours. Supplied source label: MOH/KKM / SFA - Room Temperature Storage Not Recommended","0 days; supplied source labels this storage condition Not Recommended.","Display a warning; do not calculate an endorsed expiry date for this storage condition.","2026-08-27 00:00:00","2026-08-27 00:00:00"
"493","2","161","1","1","2","1.5","AVAILABLE","MEDIUM","PRODUCT_GROUP_TABLE","University of Maine Cooperative Extension, Bulletin #4107, Cold Storage Chart","https://extension.umaine.edu/publications/4107e/","Cold Storage Chart: fresh poultry, whole; refrigerator 40 F / freezer 0 F table. This public USDA-reprinted chart is used to verify the supplied value. Supplied source label: Ministry of Health Malaysia (MOH/KKM) / Singapore Food Agency (SFA)","1-2 days","","2026-08-27 00:00:00","2026-08-27 00:00:00"
"494","2","161","2","180","365","272.5","AVAILABLE","MEDIUM","PRODUCT_GROUP_TABLE","University of Maine Cooperative Extension, Bulletin #4107, Cold Storage Chart","https://extension.umaine.edu/publications/4107e/","Cold Storage Chart: fresh poultry, whole; refrigerator 40 F / freezer 0 F table. This public USDA-reprinted chart is used to verify the supplied value. Supplied source label: Ministry of Health Malaysia (MOH/KKM) Panduan Menyimpan Makanan","180-365 days","","2026-08-27 00:00:00","2026-08-27 00:00:00"
"495","2","161","3","0","0","","NOT_RECOMMENDED","HIGH","FOOD_SAFETY_LIMIT","Singapore Food Agency Food Handlers Handbook","https://www.sfa.gov.sg/docs/default-source/our-services/food-handler%27s-handbook-%28english%29.pdf","Food Handlers Handbook, section 8.1 Storage of Food: food in the 5-60 C danger zone should not be held at room temperature for more than 2 hours. Supplied source label: MOH/KKM / SFA - Room Temperature Storage Not Recommended","0 days; supplied source labels this storage condition Not Recommended.","Display a warning; do not calculate an endorsed expiry date for this storage condition.","2026-08-27 00:00:00","2026-08-27 00:00:00"
"496","2","162","1","1","2","1.5","AVAILABLE","MEDIUM","PRODUCT_GROUP_TABLE","University of Maine Cooperative Extension, Bulletin #4107, Cold Storage Chart","https://extension.umaine.edu/publications/4107e/","Cold Storage Chart: fresh poultry, pieces; refrigerator 40 F / freezer 0 F table. This public USDA-reprinted chart is used to verify the supplied value. Supplied source label: Ministry of Health Malaysia (MOH/KKM) / Singapore Food Agency (SFA)","1-2 days","","2026-08-27 00:00:00","2026-08-27 00:00:00"
"497","2","162","2","180","270","225","AVAILABLE","MEDIUM","PRODUCT_GROUP_TABLE","University of Maine Cooperative Extension, Bulletin #4107, Cold Storage Chart","https://extension.umaine.edu/publications/4107e/","Cold Storage Chart: fresh poultry, pieces; refrigerator 40 F / freezer 0 F table. This public USDA-reprinted chart is used to verify the supplied value. Supplied source label: Ministry of Health Malaysia (MOH/KKM) Panduan Menyimpan Makanan","180-270 days","","2026-08-27 00:00:00","2026-08-27 00:00:00"
"498","2","162","3","0","0","","NOT_RECOMMENDED","HIGH","FOOD_SAFETY_LIMIT","Singapore Food Agency Food Handlers Handbook","https://www.sfa.gov.sg/docs/default-source/our-services/food-handler%27s-handbook-%28english%29.pdf","Food Handlers Handbook, section 8.1 Storage of Food: food in the 5-60 C danger zone should not be held at room temperature for more than 2 hours. Supplied source label: MOH/KKM / SFA - Room Temperature Storage Not Recommended","0 days; supplied source labels this storage condition Not Recommended.","Display a warning; do not calculate an endorsed expiry date for this storage condition.","2026-08-27 00:00:00","2026-08-27 00:00:00"
"499","2","163","1","1","2","1.5","AVAILABLE","MEDIUM","PRODUCT_GROUP_TABLE","University of Maine Cooperative Extension, Bulletin #4107, Cold Storage Chart","https://extension.umaine.edu/publications/4107e/","Cold Storage Chart: fresh poultry, pieces; refrigerator 40 F / freezer 0 F table. This public USDA-reprinted chart is used to verify the supplied value. Supplied source label: Ministry of Health Malaysia (MOH/KKM) / Singapore Food Agency (SFA)","1-2 days","","2026-08-27 00:00:00","2026-08-27 00:00:00"
"500","2","163","2","180","270","225","AVAILABLE","MEDIUM","PRODUCT_GROUP_TABLE","University of Maine Cooperative Extension, Bulletin #4107, Cold Storage Chart","https://extension.umaine.edu/publications/4107e/","Cold Storage Chart: fresh poultry, pieces; refrigerator 40 F / freezer 0 F table. This public USDA-reprinted chart is used to verify the supplied value. Supplied source label: Ministry of Health Malaysia (MOH/KKM) Panduan Menyimpan Makanan","180-270 days","","2026-08-27 00:00:00","2026-08-27 00:00:00"
"501","2","163","3","0","0","","NOT_RECOMMENDED","HIGH","FOOD_SAFETY_LIMIT","Singapore Food Agency Food Handlers Handbook","https://www.sfa.gov.sg/docs/default-source/our-services/food-handler%27s-handbook-%28english%29.pdf","Food Handlers Handbook, section 8.1 Storage of Food: food in the 5-60 C danger zone should not be held at room temperature for more than 2 hours. Supplied source label: MOH/KKM / SFA - Room Temperature Storage Not Recommended","0 days; supplied source labels this storage condition Not Recommended.","Display a warning; do not calculate an endorsed expiry date for this storage condition.","2026-08-27 00:00:00","2026-08-27 00:00:00"
"502","2","164","1","1","2","1.5","AVAILABLE","MEDIUM","PRODUCT_GROUP_TABLE","University of Maine Cooperative Extension, Bulletin #4107, Cold Storage Chart","https://extension.umaine.edu/publications/4107e/","Cold Storage Chart: fresh poultry, whole; refrigerator 40 F / freezer 0 F table. This public USDA-reprinted chart is used to verify the supplied value. Supplied source label: Ministry of Health Malaysia (MOH/KKM) / Singapore Food Agency (SFA)","1-2 days","","2026-08-27 00:00:00","2026-08-27 00:00:00"
"503","2","164","2","180","365","272.5","AVAILABLE","MEDIUM","PRODUCT_GROUP_TABLE","University of Maine Cooperative Extension, Bulletin #4107, Cold Storage Chart","https://extension.umaine.edu/publications/4107e/","Cold Storage Chart: fresh poultry, whole; refrigerator 40 F / freezer 0 F table. This public USDA-reprinted chart is used to verify the supplied value. Supplied source label: Ministry of Health Malaysia (MOH/KKM) Panduan Menyimpan Makanan","180-365 days","","2026-08-27 00:00:00","2026-08-27 00:00:00"
"504","2","164","3","0","0","","NOT_RECOMMENDED","HIGH","FOOD_SAFETY_LIMIT","Singapore Food Agency Food Handlers Handbook","https://www.sfa.gov.sg/docs/default-source/our-services/food-handler%27s-handbook-%28english%29.pdf","Food Handlers Handbook, section 8.1 Storage of Food: food in the 5-60 C danger zone should not be held at room temperature for more than 2 hours. Supplied source label: MOH/KKM / SFA - Room Temperature Storage Not Recommended","0 days; supplied source labels this storage condition Not Recommended.","Display a warning; do not calculate an endorsed expiry date for this storage condition.","2026-08-27 00:00:00","2026-08-27 00:00:00"
"505","2","165","1","3","5","4","AVAILABLE","MEDIUM","PRODUCT_GROUP_TABLE","University of Maine Cooperative Extension, Bulletin #4107, Cold Storage Chart","https://extension.umaine.edu/publications/4107e/","Cold Storage Chart: fresh beef, veal, lamb or pork steaks, chops and roasts; refrigerator 40 F / freezer 0 F table. This public USDA-reprinted chart is used to verify the supplied value. Supplied source label: Ministry of Health Malaysia (MOH/KKM) / Singa","3-5 days","","2026-08-27 00:00:00","2026-08-27 00:00:00"
"506","2","165","2","180","365","272.5","AVAILABLE","MEDIUM","PRODUCT_GROUP_TABLE","University of Maine Cooperative Extension, Bulletin #4107, Cold Storage Chart","https://extension.umaine.edu/publications/4107e/","Cold Storage Chart: fresh beef, veal, lamb or pork steaks, chops and roasts; refrigerator 40 F / freezer 0 F table. This public USDA-reprinted chart is used to verify the supplied value. Supplied source label: Ministry of Health Malaysia (MOH/KKM) Panduan","180-365 days","","2026-08-27 00:00:00","2026-08-27 00:00:00"
"507","2","165","3","0","0","","NOT_RECOMMENDED","HIGH","FOOD_SAFETY_LIMIT","Singapore Food Agency Food Handlers Handbook","https://www.sfa.gov.sg/docs/default-source/our-services/food-handler%27s-handbook-%28english%29.pdf","Food Handlers Handbook, section 8.1 Storage of Food: food in the 5-60 C danger zone should not be held at room temperature for more than 2 hours. Supplied source label: MOH/KKM / SFA - Room Temperature Storage Not Recommended","0 days; supplied source labels this storage condition Not Recommended.","Display a warning; do not calculate an endorsed expiry date for this storage condition.","2026-08-27 00:00:00","2026-08-27 00:00:00"
"508","2","166","1","3","5","4","AVAILABLE","MEDIUM","PRODUCT_GROUP_TABLE","University of Maine Cooperative Extension, Bulletin #4107, Cold Storage Chart","https://extension.umaine.edu/publications/4107e/","Cold Storage Chart: fresh beef, veal, lamb or pork steaks, chops and roasts; refrigerator 40 F / freezer 0 F table. This public USDA-reprinted chart is used to verify the supplied value. Supplied source label: Ministry of Health Malaysia (MOH/KKM) / Singa","3-5 days","","2026-08-27 00:00:00","2026-08-27 00:00:00"
"509","2","166","2","180","365","272.5","AVAILABLE","MEDIUM","PRODUCT_GROUP_TABLE","University of Maine Cooperative Extension, Bulletin #4107, Cold Storage Chart","https://extension.umaine.edu/publications/4107e/","Cold Storage Chart: fresh beef, veal, lamb or pork steaks, chops and roasts; refrigerator 40 F / freezer 0 F table. This public USDA-reprinted chart is used to verify the supplied value. Supplied source label: Ministry of Health Malaysia (MOH/KKM) Panduan","180-365 days","","2026-08-27 00:00:00","2026-08-27 00:00:00"
"510","2","166","3","0","0","","NOT_RECOMMENDED","HIGH","FOOD_SAFETY_LIMIT","Singapore Food Agency Food Handlers Handbook","https://www.sfa.gov.sg/docs/default-source/our-services/food-handler%27s-handbook-%28english%29.pdf","Food Handlers Handbook, section 8.1 Storage of Food: food in the 5-60 C danger zone should not be held at room temperature for more than 2 hours. Supplied source label: MOH/KKM / SFA - Room Temperature Storage Not Recommended","0 days; supplied source labels this storage condition Not Recommended.","Display a warning; do not calculate an endorsed expiry date for this storage condition.","2026-08-27 00:00:00","2026-08-27 00:00:00"
"511","2","167","1","3","5","4","AVAILABLE","MEDIUM","PRODUCT_GROUP_TABLE","University of Maine Cooperative Extension, Bulletin #4107, Cold Storage Chart","https://extension.umaine.edu/publications/4107e/","Cold Storage Chart: fresh beef, veal, lamb or pork steaks, chops and roasts; refrigerator 40 F / freezer 0 F table. This public USDA-reprinted chart is used to verify the supplied value. Supplied source label: Ministry of Health Malaysia (MOH/KKM) / Singa","3-5 days","","2026-08-27 00:00:00","2026-08-27 00:00:00"
"512","2","167","2","180","365","272.5","AVAILABLE","MEDIUM","PRODUCT_GROUP_TABLE","University of Maine Cooperative Extension, Bulletin #4107, Cold Storage Chart","https://extension.umaine.edu/publications/4107e/","Cold Storage Chart: fresh beef, veal, lamb or pork steaks, chops and roasts; refrigerator 40 F / freezer 0 F table. This public USDA-reprinted chart is used to verify the supplied value. Supplied source label: Ministry of Health Malaysia (MOH/KKM) Panduan","180-365 days","","2026-08-27 00:00:00","2026-08-27 00:00:00"
"513","2","167","3","0","0","","NOT_RECOMMENDED","HIGH","FOOD_SAFETY_LIMIT","Singapore Food Agency Food Handlers Handbook","https://www.sfa.gov.sg/docs/default-source/our-services/food-handler%27s-handbook-%28english%29.pdf","Food Handlers Handbook, section 8.1 Storage of Food: food in the 5-60 C danger zone should not be held at room temperature for more than 2 hours. Supplied source label: MOH/KKM / SFA - Room Temperature Storage Not Recommended","0 days; supplied source labels this storage condition Not Recommended.","Display a warning; do not calculate an endorsed expiry date for this storage condition.","2026-08-27 00:00:00","2026-08-27 00:00:00"
"514","2","168","1","3","5","4","AVAILABLE","MEDIUM","PRODUCT_GROUP_TABLE","University of Maine Cooperative Extension, Bulletin #4107, Cold Storage Chart","https://extension.umaine.edu/publications/4107e/","Cold Storage Chart: fresh beef, veal, lamb or pork steaks, chops and roasts; refrigerator 40 F / freezer 0 F table. This public USDA-reprinted chart is used to verify the supplied value. Supplied source label: Ministry of Health Malaysia (MOH/KKM) / Singa","3-5 days","","2026-08-27 00:00:00","2026-08-27 00:00:00"
"515","2","168","2","180","365","272.5","AVAILABLE","MEDIUM","PRODUCT_GROUP_TABLE","University of Maine Cooperative Extension, Bulletin #4107, Cold Storage Chart","https://extension.umaine.edu/publications/4107e/","Cold Storage Chart: fresh beef, veal, lamb or pork steaks, chops and roasts; refrigerator 40 F / freezer 0 F table. This public USDA-reprinted chart is used to verify the supplied value. Supplied source label: Ministry of Health Malaysia (MOH/KKM) Panduan","180-365 days","","2026-08-27 00:00:00","2026-08-27 00:00:00"
"516","2","168","3","0","0","","NOT_RECOMMENDED","HIGH","FOOD_SAFETY_LIMIT","Singapore Food Agency Food Handlers Handbook","https://www.sfa.gov.sg/docs/default-source/our-services/food-handler%27s-handbook-%28english%29.pdf","Food Handlers Handbook, section 8.1 Storage of Food: food in the 5-60 C danger zone should not be held at room temperature for more than 2 hours. Supplied source label: MOH/KKM / SFA - Room Temperature Storage Not Recommended","0 days; supplied source labels this storage condition Not Recommended.","Display a warning; do not calculate an endorsed expiry date for this storage condition.","2026-08-27 00:00:00","2026-08-27 00:00:00"
"517","2","169","1","3","5","4","AVAILABLE","MEDIUM","PRODUCT_GROUP_TABLE","University of Maine Cooperative Extension, Bulletin #4107, Cold Storage Chart","https://extension.umaine.edu/publications/4107e/","Cold Storage Chart: fresh beef, veal, lamb or pork steaks, chops and roasts; refrigerator 40 F / freezer 0 F table. This public USDA-reprinted chart is used to verify the supplied value. Supplied source label: Ministry of Health Malaysia (MOH/KKM) / Singa","3-5 days","","2026-08-27 00:00:00","2026-08-27 00:00:00"
"518","2","169","2","180","365","272.5","AVAILABLE","MEDIUM","PRODUCT_GROUP_TABLE","University of Maine Cooperative Extension, Bulletin #4107, Cold Storage Chart","https://extension.umaine.edu/publications/4107e/","Cold Storage Chart: fresh beef, veal, lamb or pork steaks, chops and roasts; refrigerator 40 F / freezer 0 F table. This public USDA-reprinted chart is used to verify the supplied value. Supplied source label: Ministry of Health Malaysia (MOH/KKM) Panduan","180-365 days","","2026-08-27 00:00:00","2026-08-27 00:00:00"
"519","2","169","3","0","0","","NOT_RECOMMENDED","HIGH","FOOD_SAFETY_LIMIT","Singapore Food Agency Food Handlers Handbook","https://www.sfa.gov.sg/docs/default-source/our-services/food-handler%27s-handbook-%28english%29.pdf","Food Handlers Handbook, section 8.1 Storage of Food: food in the 5-60 C danger zone should not be held at room temperature for more than 2 hours. Supplied source label: MOH/KKM / SFA - Room Temperature Storage Not Recommended","0 days; supplied source labels this storage condition Not Recommended.","Display a warning; do not calculate an endorsed expiry date for this storage condition.","2026-08-27 00:00:00","2026-08-27 00:00:00"
"520","2","170","1","3","5","4","AVAILABLE","MEDIUM","PRODUCT_GROUP_TABLE","University of Maine Cooperative Extension, Bulletin #4107, Cold Storage Chart","https://extension.umaine.edu/publications/4107e/","Cold Storage Chart: fresh beef, veal, lamb or pork steaks, chops and roasts; refrigerator 40 F / freezer 0 F table. This public USDA-reprinted chart is used to verify the supplied value. Supplied source label: Ministry of Health Malaysia (MOH/KKM) / Singa","3-5 days","","2026-08-27 00:00:00","2026-08-27 00:00:00"
"521","2","170","2","180","365","272.5","AVAILABLE","MEDIUM","PRODUCT_GROUP_TABLE","University of Maine Cooperative Extension, Bulletin #4107, Cold Storage Chart","https://extension.umaine.edu/publications/4107e/","Cold Storage Chart: fresh beef, veal, lamb or pork steaks, chops and roasts; refrigerator 40 F / freezer 0 F table. This public USDA-reprinted chart is used to verify the supplied value. Supplied source label: Ministry of Health Malaysia (MOH/KKM) Panduan","180-365 days","","2026-08-27 00:00:00","2026-08-27 00:00:00"
"522","2","170","3","0","0","","NOT_RECOMMENDED","HIGH","FOOD_SAFETY_LIMIT","Singapore Food Agency Food Handlers Handbook","https://www.sfa.gov.sg/docs/default-source/our-services/food-handler%27s-handbook-%28english%29.pdf","Food Handlers Handbook, section 8.1 Storage of Food: food in the 5-60 C danger zone should not be held at room temperature for more than 2 hours. Supplied source label: MOH/KKM / SFA - Room Temperature Storage Not Recommended","0 days; supplied source labels this storage condition Not Recommended.","Display a warning; do not calculate an endorsed expiry date for this storage condition.","2026-08-27 00:00:00","2026-08-27 00:00:00"
"523","2","171","1","3","5","4","AVAILABLE","MEDIUM","PRODUCT_GROUP_TABLE","University of Maine Cooperative Extension, Bulletin #4107, Cold Storage Chart","https://extension.umaine.edu/publications/4107e/","Cold Storage Chart: fresh beef, veal, lamb or pork steaks, chops and roasts; refrigerator 40 F / freezer 0 F table. This public USDA-reprinted chart is used to verify the supplied value. Supplied source label: Ministry of Health Malaysia (MOH/KKM) / Singa","3-5 days","","2026-08-27 00:00:00","2026-08-27 00:00:00"
"524","2","171","2","180","365","272.5","AVAILABLE","MEDIUM","PRODUCT_GROUP_TABLE","University of Maine Cooperative Extension, Bulletin #4107, Cold Storage Chart","https://extension.umaine.edu/publications/4107e/","Cold Storage Chart: fresh beef, veal, lamb or pork steaks, chops and roasts; refrigerator 40 F / freezer 0 F table. This public USDA-reprinted chart is used to verify the supplied value. Supplied source label: Ministry of Health Malaysia (MOH/KKM) Panduan","180-365 days","","2026-08-27 00:00:00","2026-08-27 00:00:00"
"525","2","171","3","0","0","","NOT_RECOMMENDED","HIGH","FOOD_SAFETY_LIMIT","Singapore Food Agency Food Handlers Handbook","https://www.sfa.gov.sg/docs/default-source/our-services/food-handler%27s-handbook-%28english%29.pdf","Food Handlers Handbook, section 8.1 Storage of Food: food in the 5-60 C danger zone should not be held at room temperature for more than 2 hours. Supplied source label: MOH/KKM / SFA - Room Temperature Storage Not Recommended","0 days; supplied source labels this storage condition Not Recommended.","Display a warning; do not calculate an endorsed expiry date for this storage condition.","2026-08-27 00:00:00","2026-08-27 00:00:00"
"526","2","172","1","3","5","4","AVAILABLE","MEDIUM","PRODUCT_GROUP_TABLE","University of Maine Cooperative Extension, Bulletin #4107, Cold Storage Chart","https://extension.umaine.edu/publications/4107e/","Cold Storage Chart: fresh beef, veal, lamb or pork steaks, chops and roasts; refrigerator 40 F / freezer 0 F table. This public USDA-reprinted chart is used to verify the supplied value. Supplied source label: Ministry of Health Malaysia (MOH/KKM) / Singa","3-5 days","","2026-08-27 00:00:00","2026-08-27 00:00:00"
"527","2","172","2","180","365","272.5","AVAILABLE","MEDIUM","PRODUCT_GROUP_TABLE","University of Maine Cooperative Extension, Bulletin #4107, Cold Storage Chart","https://extension.umaine.edu/publications/4107e/","Cold Storage Chart: fresh beef, veal, lamb or pork steaks, chops and roasts; refrigerator 40 F / freezer 0 F table. This public USDA-reprinted chart is used to verify the supplied value. Supplied source label: Ministry of Health Malaysia (MOH/KKM) Panduan","180-365 days","","2026-08-27 00:00:00","2026-08-27 00:00:00"
"528","2","172","3","0","0","","NOT_RECOMMENDED","HIGH","FOOD_SAFETY_LIMIT","Singapore Food Agency Food Handlers Handbook","https://www.sfa.gov.sg/docs/default-source/our-services/food-handler%27s-handbook-%28english%29.pdf","Food Handlers Handbook, section 8.1 Storage of Food: food in the 5-60 C danger zone should not be held at room temperature for more than 2 hours. Supplied source label: MOH/KKM / SFA - Room Temperature Storage Not Recommended","0 days; supplied source labels this storage condition Not Recommended.","Display a warning; do not calculate an endorsed expiry date for this storage condition.","2026-08-27 00:00:00","2026-08-27 00:00:00"
"529","2","173","1","3","5","4","AVAILABLE","MEDIUM","PRODUCT_GROUP_TABLE","University of Maine Cooperative Extension, Bulletin #4107, Cold Storage Chart","https://extension.umaine.edu/publications/4107e/","Cold Storage Chart: fresh beef, veal, lamb or pork steaks, chops and roasts; refrigerator 40 F / freezer 0 F table. This public USDA-reprinted chart is used to verify the supplied value. Supplied source label: Ministry of Health Malaysia (MOH/KKM) / Singa","3-5 days","","2026-08-27 00:00:00","2026-08-27 00:00:00"
"530","2","173","2","180","365","272.5","AVAILABLE","MEDIUM","PRODUCT_GROUP_TABLE","University of Maine Cooperative Extension, Bulletin #4107, Cold Storage Chart","https://extension.umaine.edu/publications/4107e/","Cold Storage Chart: fresh beef, veal, lamb or pork steaks, chops and roasts; refrigerator 40 F / freezer 0 F table. This public USDA-reprinted chart is used to verify the supplied value. Supplied source label: Ministry of Health Malaysia (MOH/KKM) Panduan","180-365 days","","2026-08-27 00:00:00","2026-08-27 00:00:00"
"531","2","173","3","0","0","","NOT_RECOMMENDED","HIGH","FOOD_SAFETY_LIMIT","Singapore Food Agency Food Handlers Handbook","https://www.sfa.gov.sg/docs/default-source/our-services/food-handler%27s-handbook-%28english%29.pdf","Food Handlers Handbook, section 8.1 Storage of Food: food in the 5-60 C danger zone should not be held at room temperature for more than 2 hours. Supplied source label: MOH/KKM / SFA - Room Temperature Storage Not Recommended","0 days; supplied source labels this storage condition Not Recommended.","Display a warning; do not calculate an endorsed expiry date for this storage condition.","2026-08-27 00:00:00","2026-08-27 00:00:00"
"532","2","174","1","1","2","1.5","AVAILABLE","MEDIUM","PRODUCT_GROUP_TABLE","University of Maine Cooperative Extension, Bulletin #4107, Cold Storage Chart","https://extension.umaine.edu/publications/4107e/","Cold Storage Chart: hamburger, ground and stew meat / ground poultry; refrigerator 40 F / freezer 0 F table. This public USDA-reprinted chart is used to verify the supplied value. Supplied source label: Ministry of Health Malaysia (MOH/KKM) / USDA FoodKee","1-2 days","","2026-08-27 00:00:00","2026-08-27 00:00:00"
"533","2","174","2","90","120","105","AVAILABLE","MEDIUM","PRODUCT_GROUP_TABLE","University of Maine Cooperative Extension, Bulletin #4107, Cold Storage Chart","https://extension.umaine.edu/publications/4107e/","Cold Storage Chart: hamburger, ground and stew meat / ground poultry; refrigerator 40 F / freezer 0 F table. This public USDA-reprinted chart is used to verify the supplied value. Supplied source label: Ministry of Health Malaysia (MOH/KKM) / Singapore Fo","90-120 days","","2026-08-27 00:00:00","2026-08-27 00:00:00"
"534","2","174","3","0","0","","NOT_RECOMMENDED","HIGH","FOOD_SAFETY_LIMIT","Singapore Food Agency Food Handlers Handbook","https://www.sfa.gov.sg/docs/default-source/our-services/food-handler%27s-handbook-%28english%29.pdf","Food Handlers Handbook, section 8.1 Storage of Food: food in the 5-60 C danger zone should not be held at room temperature for more than 2 hours. Supplied source label: MOH/KKM / SFA - Room Temperature Storage Not Recommended","0 days; supplied source labels this storage condition Not Recommended.","Display a warning; do not calculate an endorsed expiry date for this storage condition.","2026-08-27 00:00:00","2026-08-27 00:00:00"
"535","2","175","1","2","3","2.5","AVAILABLE","MEDIUM","PRODUCT_GROUP_TABLE","University of Maine Cooperative Extension, Bulletin #4107, Cold Storage Chart","https://extension.umaine.edu/publications/4107e/","Cold Storage Chart: fresh beef, veal, lamb or pork steaks, chops and roasts; refrigerator 40 F / freezer 0 F table. This public USDA-reprinted chart is used to verify the supplied value. Supplied source label: Singapore Food Agency (SFA) / DVS Malaysia","2-3 days","","2026-08-27 00:00:00","2026-08-27 00:00:00"
"536","2","175","2","180","240","210","AVAILABLE","MEDIUM","PRODUCT_GROUP_TABLE","University of Maine Cooperative Extension, Bulletin #4107, Cold Storage Chart","https://extension.umaine.edu/publications/4107e/","Cold Storage Chart: fresh beef, veal, lamb or pork steaks, chops and roasts; refrigerator 40 F / freezer 0 F table. This public USDA-reprinted chart is used to verify the supplied value. Supplied source label: Singapore Food Agency (SFA) / USDA FoodKeeper","180-240 days","","2026-08-27 00:00:00","2026-08-27 00:00:00"
"537","2","175","3","0","0","","NOT_RECOMMENDED","HIGH","FOOD_SAFETY_LIMIT","Singapore Food Agency Food Handlers Handbook","https://www.sfa.gov.sg/docs/default-source/our-services/food-handler%27s-handbook-%28english%29.pdf","Food Handlers Handbook, section 8.1 Storage of Food: food in the 5-60 C danger zone should not be held at room temperature for more than 2 hours. Supplied source label: MOH/KKM / SFA - Room Temperature Storage Not Recommended","0 days; supplied source labels this storage condition Not Recommended.","Display a warning; do not calculate an endorsed expiry date for this storage condition.","2026-08-27 00:00:00","2026-08-27 00:00:00"
"538","2","176","1","1","2","1.5","AVAILABLE","MEDIUM","PRODUCT_GROUP_TABLE","University of Maine Cooperative Extension, Bulletin #4107, Cold Storage Chart","https://extension.umaine.edu/publications/4107e/","Cold Storage Chart: variety meats or giblets; refrigerator 40 F / freezer 0 F table. This public USDA-reprinted chart is used to verify the supplied value. Supplied source label: Department of Veterinary Services (DVS) / Singapore Food Agency (SFA)","1-2 days","","2026-08-27 00:00:00","2026-08-27 00:00:00"
"539","2","176","2","90","120","105","AVAILABLE","MEDIUM","PRODUCT_GROUP_TABLE","University of Maine Cooperative Extension, Bulletin #4107, Cold Storage Chart","https://extension.umaine.edu/publications/4107e/","Cold Storage Chart: variety meats or giblets; refrigerator 40 F / freezer 0 F table. This public USDA-reprinted chart is used to verify the supplied value. Supplied source label: Singapore Food Agency (SFA) / USDA FoodKeeper","90-120 days","","2026-08-27 00:00:00","2026-08-27 00:00:00"
"540","2","176","3","0","0","","NOT_RECOMMENDED","HIGH","FOOD_SAFETY_LIMIT","Singapore Food Agency Food Handlers Handbook","https://www.sfa.gov.sg/docs/default-source/our-services/food-handler%27s-handbook-%28english%29.pdf","Food Handlers Handbook, section 8.1 Storage of Food: food in the 5-60 C danger zone should not be held at room temperature for more than 2 hours. Supplied source label: MOH/KKM / SFA - Room Temperature Storage Not Recommended","0 days; supplied source labels this storage condition Not Recommended.","Display a warning; do not calculate an endorsed expiry date for this storage condition.","2026-08-27 00:00:00","2026-08-27 00:00:00"
"541","2","177","1","1","2","1.5","AVAILABLE","MEDIUM","PRODUCT_GROUP_TABLE","University of Maine Cooperative Extension, Bulletin #4107, Cold Storage Chart","https://extension.umaine.edu/publications/4107e/","Cold Storage Chart: variety meats or giblets; refrigerator 40 F / freezer 0 F table. This public USDA-reprinted chart is used to verify the supplied value. Supplied source label: Department of Veterinary Services (DVS) / Singapore Food Agency (SFA)","1-2 days","","2026-08-27 00:00:00","2026-08-27 00:00:00"
"542","2","177","2","90","120","105","AVAILABLE","MEDIUM","PRODUCT_GROUP_TABLE","University of Maine Cooperative Extension, Bulletin #4107, Cold Storage Chart","https://extension.umaine.edu/publications/4107e/","Cold Storage Chart: variety meats or giblets; refrigerator 40 F / freezer 0 F table. This public USDA-reprinted chart is used to verify the supplied value. Supplied source label: Singapore Food Agency (SFA) / USDA FoodKeeper","90-120 days","","2026-08-27 00:00:00","2026-08-27 00:00:00"
"543","2","177","3","0","0","","NOT_RECOMMENDED","HIGH","FOOD_SAFETY_LIMIT","Singapore Food Agency Food Handlers Handbook","https://www.sfa.gov.sg/docs/default-source/our-services/food-handler%27s-handbook-%28english%29.pdf","Food Handlers Handbook, section 8.1 Storage of Food: food in the 5-60 C danger zone should not be held at room temperature for more than 2 hours. Supplied source label: MOH/KKM / SFA - Room Temperature Storage Not Recommended","0 days; supplied source labels this storage condition Not Recommended.","Display a warning; do not calculate an endorsed expiry date for this storage condition.","2026-08-27 00:00:00","2026-08-27 00:00:00"
"544","2","178","1","3","5","4","AVAILABLE","MEDIUM","PRODUCT_GROUP_TABLE","University of Maine Cooperative Extension, Bulletin #4107, Cold Storage Chart","https://extension.umaine.edu/publications/4107e/","Cold Storage Chart: fresh beef, veal, lamb or pork steaks, chops and roasts; refrigerator 40 F / freezer 0 F table. This public USDA-reprinted chart is used to verify the supplied value. Supplied source label: Ministry of Health Malaysia (MOH/KKM) / Singa","3-5 days","","2026-08-27 00:00:00","2026-08-27 00:00:00"
"545","2","178","2","180","365","272.5","AVAILABLE","MEDIUM","PRODUCT_GROUP_TABLE","University of Maine Cooperative Extension, Bulletin #4107, Cold Storage Chart","https://extension.umaine.edu/publications/4107e/","Cold Storage Chart: fresh beef, veal, lamb or pork steaks, chops and roasts; refrigerator 40 F / freezer 0 F table. This public USDA-reprinted chart is used to verify the supplied value. Supplied source label: Ministry of Health Malaysia (MOH/KKM) Panduan","180-365 days","","2026-08-27 00:00:00","2026-08-27 00:00:00"
"546","2","178","3","0","0","","NOT_RECOMMENDED","HIGH","FOOD_SAFETY_LIMIT","Singapore Food Agency Food Handlers Handbook","https://www.sfa.gov.sg/docs/default-source/our-services/food-handler%27s-handbook-%28english%29.pdf","Food Handlers Handbook, section 8.1 Storage of Food: food in the 5-60 C danger zone should not be held at room temperature for more than 2 hours. Supplied source label: MOH/KKM / SFA - Room Temperature Storage Not Recommended","0 days; supplied source labels this storage condition Not Recommended.","Display a warning; do not calculate an endorsed expiry date for this storage condition.","2026-08-27 00:00:00","2026-08-27 00:00:00"
"547","2","179","1","3","5","4","AVAILABLE","MEDIUM","PRODUCT_GROUP_TABLE","University of Maine Cooperative Extension, Bulletin #4107, Cold Storage Chart","https://extension.umaine.edu/publications/4107e/","Cold Storage Chart: fresh beef, veal, lamb or pork steaks, chops and roasts; refrigerator 40 F / freezer 0 F table. This public USDA-reprinted chart is used to verify the supplied value. Supplied source label: Ministry of Health Malaysia (MOH/KKM) / Singa","3-5 days","","2026-08-27 00:00:00","2026-08-27 00:00:00"
"548","2","179","2","180","270","225","AVAILABLE","MEDIUM","PRODUCT_GROUP_TABLE","University of Maine Cooperative Extension, Bulletin #4107, Cold Storage Chart","https://extension.umaine.edu/publications/4107e/","Cold Storage Chart: fresh beef, veal, lamb or pork steaks, chops and roasts; refrigerator 40 F / freezer 0 F table. This public USDA-reprinted chart is used to verify the supplied value. Supplied source label: Ministry of Health Malaysia (MOH/KKM) Panduan","180-270 days","","2026-08-27 00:00:00","2026-08-27 00:00:00"
"549","2","179","3","0","0","","NOT_RECOMMENDED","HIGH","FOOD_SAFETY_LIMIT","Singapore Food Agency Food Handlers Handbook","https://www.sfa.gov.sg/docs/default-source/our-services/food-handler%27s-handbook-%28english%29.pdf","Food Handlers Handbook, section 8.1 Storage of Food: food in the 5-60 C danger zone should not be held at room temperature for more than 2 hours. Supplied source label: MOH/KKM / SFA - Room Temperature Storage Not Recommended","0 days; supplied source labels this storage condition Not Recommended.","Display a warning; do not calculate an endorsed expiry date for this storage condition.","2026-08-27 00:00:00","2026-08-27 00:00:00"
"550","2","180","1","3","5","4","AVAILABLE","MEDIUM","PRODUCT_GROUP_TABLE","University of Maine Cooperative Extension, Bulletin #4107, Cold Storage Chart","https://extension.umaine.edu/publications/4107e/","Cold Storage Chart: fresh beef, veal, lamb or pork steaks, chops and roasts; refrigerator 40 F / freezer 0 F table. This public USDA-reprinted chart is used to verify the supplied value. Supplied source label: Ministry of Health Malaysia (MOH/KKM) / Singa","3-5 days","","2026-08-27 00:00:00","2026-08-27 00:00:00"
"551","2","180","2","180","270","225","AVAILABLE","MEDIUM","PRODUCT_GROUP_TABLE","University of Maine Cooperative Extension, Bulletin #4107, Cold Storage Chart","https://extension.umaine.edu/publications/4107e/","Cold Storage Chart: fresh beef, veal, lamb or pork steaks, chops and roasts; refrigerator 40 F / freezer 0 F table. This public USDA-reprinted chart is used to verify the supplied value. Supplied source label: Ministry of Health Malaysia (MOH/KKM) Panduan","180-270 days","","2026-08-27 00:00:00","2026-08-27 00:00:00"
"552","2","180","3","0","0","","NOT_RECOMMENDED","HIGH","FOOD_SAFETY_LIMIT","Singapore Food Agency Food Handlers Handbook","https://www.sfa.gov.sg/docs/default-source/our-services/food-handler%27s-handbook-%28english%29.pdf","Food Handlers Handbook, section 8.1 Storage of Food: food in the 5-60 C danger zone should not be held at room temperature for more than 2 hours. Supplied source label: MOH/KKM / SFA - Room Temperature Storage Not Recommended","0 days; supplied source labels this storage condition Not Recommended.","Display a warning; do not calculate an endorsed expiry date for this storage condition.","2026-08-27 00:00:00","2026-08-27 00:00:00"
"553","2","181","1","3","5","4","AVAILABLE","MEDIUM","PRODUCT_GROUP_TABLE","University of Maine Cooperative Extension, Bulletin #4107, Cold Storage Chart","https://extension.umaine.edu/publications/4107e/","Cold Storage Chart: fresh beef, veal, lamb or pork steaks, chops and roasts; refrigerator 40 F / freezer 0 F table. This public USDA-reprinted chart is used to verify the supplied value. Supplied source label: Ministry of Health Malaysia (MOH/KKM) / Singa","3-5 days","","2026-08-27 00:00:00","2026-08-27 00:00:00"
"554","2","181","2","180","365","272.5","AVAILABLE","MEDIUM","PRODUCT_GROUP_TABLE","University of Maine Cooperative Extension, Bulletin #4107, Cold Storage Chart","https://extension.umaine.edu/publications/4107e/","Cold Storage Chart: fresh beef, veal, lamb or pork steaks, chops and roasts; refrigerator 40 F / freezer 0 F table. This public USDA-reprinted chart is used to verify the supplied value. Supplied source label: Ministry of Health Malaysia (MOH/KKM) Panduan","180-365 days","","2026-08-27 00:00:00","2026-08-27 00:00:00"
"555","2","181","3","0","0","","NOT_RECOMMENDED","HIGH","FOOD_SAFETY_LIMIT","Singapore Food Agency Food Handlers Handbook","https://www.sfa.gov.sg/docs/default-source/our-services/food-handler%27s-handbook-%28english%29.pdf","Food Handlers Handbook, section 8.1 Storage of Food: food in the 5-60 C danger zone should not be held at room temperature for more than 2 hours. Supplied source label: MOH/KKM / SFA - Room Temperature Storage Not Recommended","0 days; supplied source labels this storage condition Not Recommended.","Display a warning; do not calculate an endorsed expiry date for this storage condition.","2026-08-27 00:00:00","2026-08-27 00:00:00"
"556","2","182","1","3","5","4","AVAILABLE","MEDIUM","PRODUCT_GROUP_TABLE","University of Maine Cooperative Extension, Bulletin #4107, Cold Storage Chart","https://extension.umaine.edu/publications/4107e/","Cold Storage Chart: fresh beef, veal, lamb or pork steaks, chops and roasts; refrigerator 40 F / freezer 0 F table. This public USDA-reprinted chart is used to verify the supplied value. Supplied source label: Ministry of Health Malaysia (MOH/KKM) / Singa","3-5 days","","2026-08-27 00:00:00","2026-08-27 00:00:00"
"557","2","182","2","180","270","225","AVAILABLE","MEDIUM","PRODUCT_GROUP_TABLE","University of Maine Cooperative Extension, Bulletin #4107, Cold Storage Chart","https://extension.umaine.edu/publications/4107e/","Cold Storage Chart: fresh beef, veal, lamb or pork steaks, chops and roasts; refrigerator 40 F / freezer 0 F table. This public USDA-reprinted chart is used to verify the supplied value. Supplied source label: Ministry of Health Malaysia (MOH/KKM) Panduan","180-270 days","","2026-08-27 00:00:00","2026-08-27 00:00:00"
"558","2","182","3","0","0","","NOT_RECOMMENDED","HIGH","FOOD_SAFETY_LIMIT","Singapore Food Agency Food Handlers Handbook","https://www.sfa.gov.sg/docs/default-source/our-services/food-handler%27s-handbook-%28english%29.pdf","Food Handlers Handbook, section 8.1 Storage of Food: food in the 5-60 C danger zone should not be held at room temperature for more than 2 hours. Supplied source label: MOH/KKM / SFA - Room Temperature Storage Not Recommended","0 days; supplied source labels this storage condition Not Recommended.","Display a warning; do not calculate an endorsed expiry date for this storage condition.","2026-08-27 00:00:00","2026-08-27 00:00:00"
"559","2","183","1","3","5","4","AVAILABLE","MEDIUM","PRODUCT_GROUP_TABLE","University of Maine Cooperative Extension, Bulletin #4107, Cold Storage Chart","https://extension.umaine.edu/publications/4107e/","Cold Storage Chart: fresh beef, veal, lamb or pork steaks, chops and roasts; refrigerator 40 F / freezer 0 F table. This public USDA-reprinted chart is used to verify the supplied value. Supplied source label: Ministry of Health Malaysia (MOH/KKM) / Singa","3-5 days","","2026-08-27 00:00:00","2026-08-27 00:00:00"
"560","2","183","2","180","270","225","AVAILABLE","MEDIUM","PRODUCT_GROUP_TABLE","University of Maine Cooperative Extension, Bulletin #4107, Cold Storage Chart","https://extension.umaine.edu/publications/4107e/","Cold Storage Chart: fresh beef, veal, lamb or pork steaks, chops and roasts; refrigerator 40 F / freezer 0 F table. This public USDA-reprinted chart is used to verify the supplied value. Supplied source label: Ministry of Health Malaysia (MOH/KKM) Panduan","180-270 days","","2026-08-27 00:00:00","2026-08-27 00:00:00"
"561","2","183","3","0","0","","NOT_RECOMMENDED","HIGH","FOOD_SAFETY_LIMIT","Singapore Food Agency Food Handlers Handbook","https://www.sfa.gov.sg/docs/default-source/our-services/food-handler%27s-handbook-%28english%29.pdf","Food Handlers Handbook, section 8.1 Storage of Food: food in the 5-60 C danger zone should not be held at room temperature for more than 2 hours. Supplied source label: MOH/KKM / SFA - Room Temperature Storage Not Recommended","0 days; supplied source labels this storage condition Not Recommended.","Display a warning; do not calculate an endorsed expiry date for this storage condition.","2026-08-27 00:00:00","2026-08-27 00:00:00"
"562","2","184","1","3","5","4","AVAILABLE","MEDIUM","PRODUCT_GROUP_TABLE","University of Maine Cooperative Extension, Bulletin #4107, Cold Storage Chart","https://extension.umaine.edu/publications/4107e/","Cold Storage Chart: fresh beef, veal, lamb or pork steaks, chops and roasts; refrigerator 40 F / freezer 0 F table. This public USDA-reprinted chart is used to verify the supplied value. Supplied source label: Ministry of Health Malaysia (MOH/KKM) / Singa","3-5 days","","2026-08-27 00:00:00","2026-08-27 00:00:00"
"563","2","184","2","180","270","225","AVAILABLE","MEDIUM","PRODUCT_GROUP_TABLE","University of Maine Cooperative Extension, Bulletin #4107, Cold Storage Chart","https://extension.umaine.edu/publications/4107e/","Cold Storage Chart: fresh beef, veal, lamb or pork steaks, chops and roasts; refrigerator 40 F / freezer 0 F table. This public USDA-reprinted chart is used to verify the supplied value. Supplied source label: Ministry of Health Malaysia (MOH/KKM) Panduan","180-270 days","","2026-08-27 00:00:00","2026-08-27 00:00:00"
"564","2","184","3","0","0","","NOT_RECOMMENDED","HIGH","FOOD_SAFETY_LIMIT","Singapore Food Agency Food Handlers Handbook","https://www.sfa.gov.sg/docs/default-source/our-services/food-handler%27s-handbook-%28english%29.pdf","Food Handlers Handbook, section 8.1 Storage of Food: food in the 5-60 C danger zone should not be held at room temperature for more than 2 hours. Supplied source label: MOH/KKM / SFA - Room Temperature Storage Not Recommended","0 days; supplied source labels this storage condition Not Recommended.","Display a warning; do not calculate an endorsed expiry date for this storage condition.","2026-08-27 00:00:00","2026-08-27 00:00:00"
"565","2","185","1","3","5","4","AVAILABLE","MEDIUM","PRODUCT_GROUP_TABLE","University of Maine Cooperative Extension, Bulletin #4107, Cold Storage Chart","https://extension.umaine.edu/publications/4107e/","Cold Storage Chart: fresh beef, veal, lamb or pork steaks, chops and roasts; refrigerator 40 F / freezer 0 F table. This public USDA-reprinted chart is used to verify the supplied value. Supplied source label: Ministry of Health Malaysia (MOH/KKM) / Singa","3-5 days","","2026-08-27 00:00:00","2026-08-27 00:00:00"
"566","2","185","2","180","365","272.5","AVAILABLE","MEDIUM","PRODUCT_GROUP_TABLE","University of Maine Cooperative Extension, Bulletin #4107, Cold Storage Chart","https://extension.umaine.edu/publications/4107e/","Cold Storage Chart: fresh beef, veal, lamb or pork steaks, chops and roasts; refrigerator 40 F / freezer 0 F table. This public USDA-reprinted chart is used to verify the supplied value. Supplied source label: Ministry of Health Malaysia (MOH/KKM) Panduan","180-365 days","","2026-08-27 00:00:00","2026-08-27 00:00:00"
"567","2","185","3","0","0","","NOT_RECOMMENDED","HIGH","FOOD_SAFETY_LIMIT","Singapore Food Agency Food Handlers Handbook","https://www.sfa.gov.sg/docs/default-source/our-services/food-handler%27s-handbook-%28english%29.pdf","Food Handlers Handbook, section 8.1 Storage of Food: food in the 5-60 C danger zone should not be held at room temperature for more than 2 hours. Supplied source label: MOH/KKM / SFA - Room Temperature Storage Not Recommended","0 days; supplied source labels this storage condition Not Recommended.","Display a warning; do not calculate an endorsed expiry date for this storage condition.","2026-08-27 00:00:00","2026-08-27 00:00:00"
"568","2","186","1","1","2","1.5","AVAILABLE","MEDIUM","PRODUCT_GROUP_TABLE","University of Maine Cooperative Extension, Bulletin #4107, Cold Storage Chart","https://extension.umaine.edu/publications/4107e/","Cold Storage Chart: hamburger, ground and stew meat / ground poultry; refrigerator 40 F / freezer 0 F table. This public USDA-reprinted chart is used to verify the supplied value. Supplied source label: Ministry of Health Malaysia (MOH/KKM) / USDA FoodKee","1-2 days","","2026-08-27 00:00:00","2026-08-27 00:00:00"
"569","2","186","2","90","120","105","AVAILABLE","MEDIUM","PRODUCT_GROUP_TABLE","University of Maine Cooperative Extension, Bulletin #4107, Cold Storage Chart","https://extension.umaine.edu/publications/4107e/","Cold Storage Chart: hamburger, ground and stew meat / ground poultry; refrigerator 40 F / freezer 0 F table. This public USDA-reprinted chart is used to verify the supplied value. Supplied source label: Ministry of Health Malaysia (MOH/KKM) / Singapore Fo","90-120 days","","2026-08-27 00:00:00","2026-08-27 00:00:00"
"570","2","186","3","0","0","","NOT_RECOMMENDED","HIGH","FOOD_SAFETY_LIMIT","Singapore Food Agency Food Handlers Handbook","https://www.sfa.gov.sg/docs/default-source/our-services/food-handler%27s-handbook-%28english%29.pdf","Food Handlers Handbook, section 8.1 Storage of Food: food in the 5-60 C danger zone should not be held at room temperature for more than 2 hours. Supplied source label: MOH/KKM / SFA - Room Temperature Storage Not Recommended","0 days; supplied source labels this storage condition Not Recommended.","Display a warning; do not calculate an endorsed expiry date for this storage condition.","2026-08-27 00:00:00","2026-08-27 00:00:00"
"571","2","187","1","3","5","4","AVAILABLE","MEDIUM","PRODUCT_GROUP_TABLE","University of Maine Cooperative Extension, Bulletin #4107, Cold Storage Chart","https://extension.umaine.edu/publications/4107e/","Cold Storage Chart: fresh beef, veal, lamb or pork steaks, chops and roasts; refrigerator 40 F / freezer 0 F table. This public USDA-reprinted chart is used to verify the supplied value. Supplied source label: Singapore Food Agency (SFA) / USDA FoodKeeper","3-5 days","","2026-08-27 00:00:00","2026-08-27 00:00:00"
"572","2","187","2","180","240","210","AVAILABLE","MEDIUM","PRODUCT_GROUP_TABLE","University of Maine Cooperative Extension, Bulletin #4107, Cold Storage Chart","https://extension.umaine.edu/publications/4107e/","Cold Storage Chart: fresh beef, veal, lamb or pork steaks, chops and roasts; refrigerator 40 F / freezer 0 F table. This public USDA-reprinted chart is used to verify the supplied value. Supplied source label: Ministry of Health Malaysia (MOH/KKM) / SFA","180-240 days","","2026-08-27 00:00:00","2026-08-27 00:00:00"
"573","2","187","3","0","0","","NOT_RECOMMENDED","HIGH","FOOD_SAFETY_LIMIT","Singapore Food Agency Food Handlers Handbook","https://www.sfa.gov.sg/docs/default-source/our-services/food-handler%27s-handbook-%28english%29.pdf","Food Handlers Handbook, section 8.1 Storage of Food: food in the 5-60 C danger zone should not be held at room temperature for more than 2 hours. Supplied source label: MOH/KKM / SFA - Room Temperature Storage Not Recommended","0 days; supplied source labels this storage condition Not Recommended.","Display a warning; do not calculate an endorsed expiry date for this storage condition.","2026-08-27 00:00:00","2026-08-27 00:00:00"
"574","2","188","1","3","5","4","AVAILABLE","MEDIUM","PRODUCT_GROUP_TABLE","University of Maine Cooperative Extension, Bulletin #4107, Cold Storage Chart","https://extension.umaine.edu/publications/4107e/","Cold Storage Chart: fresh beef, veal, lamb or pork steaks, chops and roasts; refrigerator 40 F / freezer 0 F table. This public USDA-reprinted chart is used to verify the supplied value. Supplied source label: Singapore Food Agency (SFA) / USDA FoodKeeper","3-5 days","","2026-08-27 00:00:00","2026-08-27 00:00:00"
"575","2","188","2","180","240","210","AVAILABLE","MEDIUM","PRODUCT_GROUP_TABLE","University of Maine Cooperative Extension, Bulletin #4107, Cold Storage Chart","https://extension.umaine.edu/publications/4107e/","Cold Storage Chart: fresh beef, veal, lamb or pork steaks, chops and roasts; refrigerator 40 F / freezer 0 F table. This public USDA-reprinted chart is used to verify the supplied value. Supplied source label: Ministry of Health Malaysia (MOH/KKM) / SFA","180-240 days","","2026-08-27 00:00:00","2026-08-27 00:00:00"
"576","2","188","3","0","0","","NOT_RECOMMENDED","HIGH","FOOD_SAFETY_LIMIT","Singapore Food Agency Food Handlers Handbook","https://www.sfa.gov.sg/docs/default-source/our-services/food-handler%27s-handbook-%28english%29.pdf","Food Handlers Handbook, section 8.1 Storage of Food: food in the 5-60 C danger zone should not be held at room temperature for more than 2 hours. Supplied source label: MOH/KKM / SFA - Room Temperature Storage Not Recommended","0 days; supplied source labels this storage condition Not Recommended.","Display a warning; do not calculate an endorsed expiry date for this storage condition.","2026-08-27 00:00:00","2026-08-27 00:00:00"
"577","2","189","1","3","5","4","AVAILABLE","MEDIUM","PRODUCT_GROUP_TABLE","University of Maine Cooperative Extension, Bulletin #4107, Cold Storage Chart","https://extension.umaine.edu/publications/4107e/","Cold Storage Chart: fresh beef, veal, lamb or pork steaks, chops and roasts; refrigerator 40 F / freezer 0 F table. This public USDA-reprinted chart is used to verify the supplied value. Supplied source label: Singapore Food Agency (SFA) / USDA FoodKeeper","3-5 days","","2026-08-27 00:00:00","2026-08-27 00:00:00"
"578","2","189","2","180","240","210","AVAILABLE","MEDIUM","PRODUCT_GROUP_TABLE","University of Maine Cooperative Extension, Bulletin #4107, Cold Storage Chart","https://extension.umaine.edu/publications/4107e/","Cold Storage Chart: fresh beef, veal, lamb or pork steaks, chops and roasts; refrigerator 40 F / freezer 0 F table. This public USDA-reprinted chart is used to verify the supplied value. Supplied source label: Ministry of Health Malaysia (MOH/KKM) / SFA","180-240 days","","2026-08-27 00:00:00","2026-08-27 00:00:00"
"579","2","189","3","0","0","","NOT_RECOMMENDED","HIGH","FOOD_SAFETY_LIMIT","Singapore Food Agency Food Handlers Handbook","https://www.sfa.gov.sg/docs/default-source/our-services/food-handler%27s-handbook-%28english%29.pdf","Food Handlers Handbook, section 8.1 Storage of Food: food in the 5-60 C danger zone should not be held at room temperature for more than 2 hours. Supplied source label: MOH/KKM / SFA - Room Temperature Storage Not Recommended","0 days; supplied source labels this storage condition Not Recommended.","Display a warning; do not calculate an endorsed expiry date for this storage condition.","2026-08-27 00:00:00","2026-08-27 00:00:00"
"580","2","190","1","3","5","4","AVAILABLE","MEDIUM","PRODUCT_GROUP_TABLE","University of Maine Cooperative Extension, Bulletin #4107, Cold Storage Chart","https://extension.umaine.edu/publications/4107e/","Cold Storage Chart: fresh beef, veal, lamb or pork steaks, chops and roasts; refrigerator 40 F / freezer 0 F table. This public USDA-reprinted chart is used to verify the supplied value. Supplied source label: Singapore Food Agency (SFA) / USDA FoodKeeper","3-5 days","","2026-08-27 00:00:00","2026-08-27 00:00:00"
"581","2","190","2","180","240","210","AVAILABLE","MEDIUM","PRODUCT_GROUP_TABLE","University of Maine Cooperative Extension, Bulletin #4107, Cold Storage Chart","https://extension.umaine.edu/publications/4107e/","Cold Storage Chart: fresh beef, veal, lamb or pork steaks, chops and roasts; refrigerator 40 F / freezer 0 F table. This public USDA-reprinted chart is used to verify the supplied value. Supplied source label: Ministry of Health Malaysia (MOH/KKM) / SFA","180-240 days","","2026-08-27 00:00:00","2026-08-27 00:00:00"
"582","2","190","3","0","0","","NOT_RECOMMENDED","HIGH","FOOD_SAFETY_LIMIT","Singapore Food Agency Food Handlers Handbook","https://www.sfa.gov.sg/docs/default-source/our-services/food-handler%27s-handbook-%28english%29.pdf","Food Handlers Handbook, section 8.1 Storage of Food: food in the 5-60 C danger zone should not be held at room temperature for more than 2 hours. Supplied source label: MOH/KKM / SFA - Room Temperature Storage Not Recommended","0 days; supplied source labels this storage condition Not Recommended.","Display a warning; do not calculate an endorsed expiry date for this storage condition.","2026-08-27 00:00:00","2026-08-27 00:00:00"
"583","2","191","1","3","5","4","AVAILABLE","MEDIUM","PRODUCT_GROUP_TABLE","University of Maine Cooperative Extension, Bulletin #4107, Cold Storage Chart","https://extension.umaine.edu/publications/4107e/","Cold Storage Chart: fresh beef, veal, lamb or pork steaks, chops and roasts; refrigerator 40 F / freezer 0 F table. This public USDA-reprinted chart is used to verify the supplied value. Supplied source label: Singapore Food Agency (SFA) / USDA FoodKeeper","3-5 days","","2026-08-27 00:00:00","2026-08-27 00:00:00"
"584","2","191","2","180","240","210","AVAILABLE","MEDIUM","PRODUCT_GROUP_TABLE","University of Maine Cooperative Extension, Bulletin #4107, Cold Storage Chart","https://extension.umaine.edu/publications/4107e/","Cold Storage Chart: fresh beef, veal, lamb or pork steaks, chops and roasts; refrigerator 40 F / freezer 0 F table. This public USDA-reprinted chart is used to verify the supplied value. Supplied source label: Ministry of Health Malaysia (MOH/KKM) / SFA","180-240 days","","2026-08-27 00:00:00","2026-08-27 00:00:00"
"585","2","191","3","0","0","","NOT_RECOMMENDED","HIGH","FOOD_SAFETY_LIMIT","Singapore Food Agency Food Handlers Handbook","https://www.sfa.gov.sg/docs/default-source/our-services/food-handler%27s-handbook-%28english%29.pdf","Food Handlers Handbook, section 8.1 Storage of Food: food in the 5-60 C danger zone should not be held at room temperature for more than 2 hours. Supplied source label: MOH/KKM / SFA - Room Temperature Storage Not Recommended","0 days; supplied source labels this storage condition Not Recommended.","Display a warning; do not calculate an endorsed expiry date for this storage condition.","2026-08-27 00:00:00","2026-08-27 00:00:00"
"586","2","192","1","3","5","4","AVAILABLE","MEDIUM","PRODUCT_GROUP_TABLE","University of Maine Cooperative Extension, Bulletin #4107, Cold Storage Chart","https://extension.umaine.edu/publications/4107e/","Cold Storage Chart: fresh beef, veal, lamb or pork steaks, chops and roasts; refrigerator 40 F / freezer 0 F table. This public USDA-reprinted chart is used to verify the supplied value. Supplied source label: Singapore Food Agency (SFA) / USDA FoodKeeper","3-5 days","","2026-08-27 00:00:00","2026-08-27 00:00:00"
"587","2","192","2","180","240","210","AVAILABLE","MEDIUM","PRODUCT_GROUP_TABLE","University of Maine Cooperative Extension, Bulletin #4107, Cold Storage Chart","https://extension.umaine.edu/publications/4107e/","Cold Storage Chart: fresh beef, veal, lamb or pork steaks, chops and roasts; refrigerator 40 F / freezer 0 F table. This public USDA-reprinted chart is used to verify the supplied value. Supplied source label: Ministry of Health Malaysia (MOH/KKM) / SFA","180-240 days","","2026-08-27 00:00:00","2026-08-27 00:00:00"
"588","2","192","3","0","0","","NOT_RECOMMENDED","HIGH","FOOD_SAFETY_LIMIT","Singapore Food Agency Food Handlers Handbook","https://www.sfa.gov.sg/docs/default-source/our-services/food-handler%27s-handbook-%28english%29.pdf","Food Handlers Handbook, section 8.1 Storage of Food: food in the 5-60 C danger zone should not be held at room temperature for more than 2 hours. Supplied source label: MOH/KKM / SFA - Room Temperature Storage Not Recommended","0 days; supplied source labels this storage condition Not Recommended.","Display a warning; do not calculate an endorsed expiry date for this storage condition.","2026-08-27 00:00:00","2026-08-27 00:00:00"
"589","2","193","1","1","2","1.5","AVAILABLE","MEDIUM","PRODUCT_GROUP_TABLE","University of Maine Cooperative Extension, Bulletin #4107, Cold Storage Chart","https://extension.umaine.edu/publications/4107e/","Cold Storage Chart: hamburger, ground and stew meat / ground poultry; refrigerator 40 F / freezer 0 F table. This public USDA-reprinted chart is used to verify the supplied value. Supplied source label: Ministry of Health Malaysia (MOH/KKM) / USDA FoodKee","1-2 days","","2026-08-27 00:00:00","2026-08-27 00:00:00"
"590","2","193","2","90","120","105","AVAILABLE","MEDIUM","PRODUCT_GROUP_TABLE","University of Maine Cooperative Extension, Bulletin #4107, Cold Storage Chart","https://extension.umaine.edu/publications/4107e/","Cold Storage Chart: hamburger, ground and stew meat / ground poultry; refrigerator 40 F / freezer 0 F table. This public USDA-reprinted chart is used to verify the supplied value. Supplied source label: Ministry of Health Malaysia (MOH/KKM) / Singapore Fo","90-120 days","","2026-08-27 00:00:00","2026-08-27 00:00:00"
"591","2","193","3","0","0","","NOT_RECOMMENDED","HIGH","FOOD_SAFETY_LIMIT","Singapore Food Agency Food Handlers Handbook","https://www.sfa.gov.sg/docs/default-source/our-services/food-handler%27s-handbook-%28english%29.pdf","Food Handlers Handbook, section 8.1 Storage of Food: food in the 5-60 C danger zone should not be held at room temperature for more than 2 hours. Supplied source label: MOH/KKM / SFA - Room Temperature Storage Not Recommended","0 days; supplied source labels this storage condition Not Recommended.","Display a warning; do not calculate an endorsed expiry date for this storage condition.","2026-08-27 00:00:00","2026-08-27 00:00:00"
"592","2","194","1","2","3","2.5","AVAILABLE","MEDIUM","PRODUCT_GROUP_TABLE","University of Maine Cooperative Extension, Bulletin #4107, Cold Storage Chart","https://extension.umaine.edu/publications/4107e/","Cold Storage Chart: fresh beef, veal, lamb or pork steaks, chops and roasts; refrigerator 40 F / freezer 0 F table. This public USDA-reprinted chart is used to verify the supplied value. Supplied source label: Singapore Food Agency (SFA) / DVS Malaysia","2-3 days","","2026-08-27 00:00:00","2026-08-27 00:00:00"
"593","2","194","2","180","240","210","AVAILABLE","MEDIUM","PRODUCT_GROUP_TABLE","University of Maine Cooperative Extension, Bulletin #4107, Cold Storage Chart","https://extension.umaine.edu/publications/4107e/","Cold Storage Chart: fresh beef, veal, lamb or pork steaks, chops and roasts; refrigerator 40 F / freezer 0 F table. This public USDA-reprinted chart is used to verify the supplied value. Supplied source label: Singapore Food Agency (SFA) / USDA FoodKeeper","180-240 days","","2026-08-27 00:00:00","2026-08-27 00:00:00"
"594","2","194","3","0","0","","NOT_RECOMMENDED","HIGH","FOOD_SAFETY_LIMIT","Singapore Food Agency Food Handlers Handbook","https://www.sfa.gov.sg/docs/default-source/our-services/food-handler%27s-handbook-%28english%29.pdf","Food Handlers Handbook, section 8.1 Storage of Food: food in the 5-60 C danger zone should not be held at room temperature for more than 2 hours. Supplied source label: MOH/KKM / SFA - Room Temperature Storage Not Recommended","0 days; supplied source labels this storage condition Not Recommended.","Display a warning; do not calculate an endorsed expiry date for this storage condition.","2026-08-27 00:00:00","2026-08-27 00:00:00"
"595","2","195","1","1","2","1.5","AVAILABLE","MEDIUM","PRODUCT_GROUP_TABLE","University of Maine Cooperative Extension, Bulletin #4107, Cold Storage Chart","https://extension.umaine.edu/publications/4107e/","Cold Storage Chart: variety meats or giblets; refrigerator 40 F / freezer 0 F table. This public USDA-reprinted chart is used to verify the supplied value. Supplied source label: Department of Veterinary Services (DVS) / Singapore Food Agency (SFA)","1-2 days","","2026-08-27 00:00:00","2026-08-27 00:00:00"
"596","2","195","2","90","120","105","AVAILABLE","MEDIUM","PRODUCT_GROUP_TABLE","University of Maine Cooperative Extension, Bulletin #4107, Cold Storage Chart","https://extension.umaine.edu/publications/4107e/","Cold Storage Chart: variety meats or giblets; refrigerator 40 F / freezer 0 F table. This public USDA-reprinted chart is used to verify the supplied value. Supplied source label: Singapore Food Agency (SFA) / USDA FoodKeeper","90-120 days","","2026-08-27 00:00:00","2026-08-27 00:00:00"
"597","2","195","3","0","0","","NOT_RECOMMENDED","HIGH","FOOD_SAFETY_LIMIT","Singapore Food Agency Food Handlers Handbook","https://www.sfa.gov.sg/docs/default-source/our-services/food-handler%27s-handbook-%28english%29.pdf","Food Handlers Handbook, section 8.1 Storage of Food: food in the 5-60 C danger zone should not be held at room temperature for more than 2 hours. Supplied source label: MOH/KKM / SFA - Room Temperature Storage Not Recommended","0 days; supplied source labels this storage condition Not Recommended.","Display a warning; do not calculate an endorsed expiry date for this storage condition.","2026-08-27 00:00:00","2026-08-27 00:00:00"
"598","2","196","1","1","2","1.5","AVAILABLE","MEDIUM","PRODUCT_GROUP_TABLE","University of Maine Cooperative Extension, Bulletin #4107, Cold Storage Chart","https://extension.umaine.edu/publications/4107e/","Cold Storage Chart: variety meats or giblets; refrigerator 40 F / freezer 0 F table. This public USDA-reprinted chart is used to verify the supplied value. Supplied source label: Department of Veterinary Services (DVS) / Singapore Food Agency (SFA)","1-2 days","","2026-08-27 00:00:00","2026-08-27 00:00:00"
"599","2","196","2","90","120","105","AVAILABLE","MEDIUM","PRODUCT_GROUP_TABLE","University of Maine Cooperative Extension, Bulletin #4107, Cold Storage Chart","https://extension.umaine.edu/publications/4107e/","Cold Storage Chart: variety meats or giblets; refrigerator 40 F / freezer 0 F table. This public USDA-reprinted chart is used to verify the supplied value. Supplied source label: Singapore Food Agency (SFA) / USDA FoodKeeper","90-120 days","","2026-08-27 00:00:00","2026-08-27 00:00:00"
"600","2","196","3","0","0","","NOT_RECOMMENDED","HIGH","FOOD_SAFETY_LIMIT","Singapore Food Agency Food Handlers Handbook","https://www.sfa.gov.sg/docs/default-source/our-services/food-handler%27s-handbook-%28english%29.pdf","Food Handlers Handbook, section 8.1 Storage of Food: food in the 5-60 C danger zone should not be held at room temperature for more than 2 hours. Supplied source label: MOH/KKM / SFA - Room Temperature Storage Not Recommended","0 days; supplied source labels this storage condition Not Recommended.","Display a warning; do not calculate an endorsed expiry date for this storage condition.","2026-08-27 00:00:00","2026-08-27 00:00:00"
"601","2","197","1","3","5","4","AVAILABLE","MEDIUM","PRODUCT_GROUP_TABLE","University of Maine Cooperative Extension, Bulletin #4107, Cold Storage Chart","https://extension.umaine.edu/publications/4107e/","Cold Storage Chart: fresh beef, veal, lamb or pork steaks, chops and roasts; refrigerator 40 F / freezer 0 F table. This public USDA-reprinted chart is used to verify the supplied value. Supplied source label: Singapore Food Agency (SFA) / USDA FoodKeeper","3-5 days","","2026-08-27 00:00:00","2026-08-27 00:00:00"
"602","2","197","2","180","240","210","AVAILABLE","MEDIUM","PRODUCT_GROUP_TABLE","University of Maine Cooperative Extension, Bulletin #4107, Cold Storage Chart","https://extension.umaine.edu/publications/4107e/","Cold Storage Chart: fresh beef, veal, lamb or pork steaks, chops and roasts; refrigerator 40 F / freezer 0 F table. This public USDA-reprinted chart is used to verify the supplied value. Supplied source label: Ministry of Health Malaysia (MOH/KKM) / SFA","180-240 days","","2026-08-27 00:00:00","2026-08-27 00:00:00"
"603","2","197","3","0","0","","NOT_RECOMMENDED","HIGH","FOOD_SAFETY_LIMIT","Singapore Food Agency Food Handlers Handbook","https://www.sfa.gov.sg/docs/default-source/our-services/food-handler%27s-handbook-%28english%29.pdf","Food Handlers Handbook, section 8.1 Storage of Food: food in the 5-60 C danger zone should not be held at room temperature for more than 2 hours. Supplied source label: MOH/KKM / SFA - Room Temperature Storage Not Recommended","0 days; supplied source labels this storage condition Not Recommended.","Display a warning; do not calculate an endorsed expiry date for this storage condition.","2026-08-27 00:00:00","2026-08-27 00:00:00"
"604","2","198","1","1","2","1.5","AVAILABLE","MEDIUM","PRODUCT_GROUP_TABLE","University of Maine Cooperative Extension, Bulletin #4107, Cold Storage Chart","https://extension.umaine.edu/publications/4107e/","Cold Storage Chart: fresh beef, veal, lamb or pork steaks, chops and roasts; refrigerator 40 F / freezer 0 F table. This public USDA-reprinted chart is used to verify the supplied value. Supplied source label: Singapore Food Agency (SFA) Food Storage Guid","1-2 days","","2026-08-27 00:00:00","2026-08-27 00:00:00"
"605","2","198","2","90","180","135","AVAILABLE","MEDIUM","PRODUCT_GROUP_TABLE","University of Maine Cooperative Extension, Bulletin #4107, Cold Storage Chart","https://extension.umaine.edu/publications/4107e/","Cold Storage Chart: fresh beef, veal, lamb or pork steaks, chops and roasts; refrigerator 40 F / freezer 0 F table. This public USDA-reprinted chart is used to verify the supplied value. Supplied source label: Singapore Food Agency (SFA) / USDA FoodKeeper","90-180 days","","2026-08-27 00:00:00","2026-08-27 00:00:00"
"606","2","198","3","0","0","","NOT_RECOMMENDED","HIGH","FOOD_SAFETY_LIMIT","Singapore Food Agency Food Handlers Handbook","https://www.sfa.gov.sg/docs/default-source/our-services/food-handler%27s-handbook-%28english%29.pdf","Food Handlers Handbook, section 8.1 Storage of Food: food in the 5-60 C danger zone should not be held at room temperature for more than 2 hours. Supplied source label: MOH/KKM / SFA - Room Temperature Storage Not Recommended","0 days; supplied source labels this storage condition Not Recommended.","Display a warning; do not calculate an endorsed expiry date for this storage condition.","2026-08-27 00:00:00","2026-08-27 00:00:00"
"607","2","199","1","3","5","4","AVAILABLE","MEDIUM","PRODUCT_GROUP_TABLE","University of Maine Cooperative Extension, Bulletin #4107, Cold Storage Chart","https://extension.umaine.edu/publications/4107e/","Cold Storage Chart: fresh beef, veal, lamb or pork steaks, chops and roasts; refrigerator 40 F / freezer 0 F table. This public USDA-reprinted chart is used to verify the supplied value. Supplied source label: Ministry of Health Malaysia (MOH/KKM) / Singa","3-5 days","","2026-08-27 00:00:00","2026-08-27 00:00:00"
"608","2","199","2","180","365","272.5","AVAILABLE","MEDIUM","PRODUCT_GROUP_TABLE","University of Maine Cooperative Extension, Bulletin #4107, Cold Storage Chart","https://extension.umaine.edu/publications/4107e/","Cold Storage Chart: fresh beef, veal, lamb or pork steaks, chops and roasts; refrigerator 40 F / freezer 0 F table. This public USDA-reprinted chart is used to verify the supplied value. Supplied source label: Ministry of Health Malaysia (MOH/KKM) Panduan","180-365 days","","2026-08-27 00:00:00","2026-08-27 00:00:00"
"609","2","199","3","0","0","","NOT_RECOMMENDED","HIGH","FOOD_SAFETY_LIMIT","Singapore Food Agency Food Handlers Handbook","https://www.sfa.gov.sg/docs/default-source/our-services/food-handler%27s-handbook-%28english%29.pdf","Food Handlers Handbook, section 8.1 Storage of Food: food in the 5-60 C danger zone should not be held at room temperature for more than 2 hours. Supplied source label: MOH/KKM / SFA - Room Temperature Storage Not Recommended","0 days; supplied source labels this storage condition Not Recommended.","Display a warning; do not calculate an endorsed expiry date for this storage condition.","2026-08-27 00:00:00","2026-08-27 00:00:00"
"610","2","200","1","3","5","4","AVAILABLE","MEDIUM","PRODUCT_GROUP_TABLE","University of Maine Cooperative Extension, Bulletin #4107, Cold Storage Chart","https://extension.umaine.edu/publications/4107e/","Cold Storage Chart: fresh beef, veal, lamb or pork steaks, chops and roasts; refrigerator 40 F / freezer 0 F table. This public USDA-reprinted chart is used to verify the supplied value. Supplied source label: Ministry of Health Malaysia (MOH/KKM) / Singa","3-5 days","","2026-08-27 00:00:00","2026-08-27 00:00:00"
"611","2","200","2","180","365","272.5","AVAILABLE","MEDIUM","PRODUCT_GROUP_TABLE","University of Maine Cooperative Extension, Bulletin #4107, Cold Storage Chart","https://extension.umaine.edu/publications/4107e/","Cold Storage Chart: fresh beef, veal, lamb or pork steaks, chops and roasts; refrigerator 40 F / freezer 0 F table. This public USDA-reprinted chart is used to verify the supplied value. Supplied source label: Ministry of Health Malaysia (MOH/KKM) Panduan","180-365 days","","2026-08-27 00:00:00","2026-08-27 00:00:00"
"612","2","200","3","0","0","","NOT_RECOMMENDED","HIGH","FOOD_SAFETY_LIMIT","Singapore Food Agency Food Handlers Handbook","https://www.sfa.gov.sg/docs/default-source/our-services/food-handler%27s-handbook-%28english%29.pdf","Food Handlers Handbook, section 8.1 Storage of Food: food in the 5-60 C danger zone should not be held at room temperature for more than 2 hours. Supplied source label: MOH/KKM / SFA - Room Temperature Storage Not Recommended","0 days; supplied source labels this storage condition Not Recommended.","Display a warning; do not calculate an endorsed expiry date for this storage condition.","2026-08-27 00:00:00","2026-08-27 00:00:00"
